scene,objective,predictor,target,seed,lr,FP,outside,n_eval,final_loss,rmse_interior,optimizer_gap,settle_frac,pred_std,collapsed,failed
fronto_d0.2,position,free,clean,1000,0.05,0.0,1.0,96,0.0007093304302543402,1.078186352701835e-06,5.574226379412295e-05,0.010247230529785156,0.09826318782520392,False,False
fronto_d0.2,position,free,clean,1001,0.05,0.0,1.0,96,0.0008447476429864764,1.078186352701835e-06,5.574226379412295e-05,0.010247230529785156,0.0981124117543532,False,False
fronto_d0.2,position,free,clean,1002,0.05,0.0,1.0,96,0.0006885008187964559,1.078186352701835e-06,5.7411193847833886e-05,0.010247230529785156,0.09816338782950085,False,False
fronto_d0.2,position,free,clean,1003,0.05,0.0,1.0,96,0.0007171461475081742,1.078186352701835e-06,5.526542663591982e-05,0.010247230529785156,0.09827542860059542,False,False
fronto_d0.2,position,free,clean,1004,0.05,0.0,1.0,96,0.0008291230187751353,1.078186352701835e-06,4.6253204345703125e-05,0.007942914962768555,0.09825080528555079,False,False
fronto_d0.2,position,free,clean,1005,0.05,0.0,1.0,96,0.0008343352819792926,1.078186352701835e-06,5.574226379412295e-05,0.010247230529785156,0.0983239800347651,False,False
fronto_d0.2,position,free,clean,1006,0.05,0.0,1.0,96,0.000667662126943469,1.078186352701835e-06,7.62939453125e-06,0.003154277801513672,0.09825089017410131,False,False
fronto_d0.2,position,free,clean,1007,0.05,0.0,1.0,96,0.0006624560919590294,1.078186352701835e-06,5.7411193847833886e-05,0.010247230529785156,0.09829985764437456,False,False
fronto_d0.2,position,free,clean,1008,0.05,0.0,1.0,96,0.000717143586371094,1.078186352701835e-06,4.6253204345703125e-05,0.007942914962768555,0.09820114346834355,False,False
fronto_d0.2,position,free,clean,1009,0.05,0.0,1.0,96,0.0007405821816064417,1.078186352701835e-06,5.574226379412295e-05,0.010247230529785156,0.09820109829761393,False,False
fronto_d0.2,position,free,mixed,1000,0.05,0.3020833333333333,0.6979166666666666,96,0.0007354400004260242,1.078186352701835e-06,1.1205673217773438e-05,0.00426173210144043,0.09778062644855802,False,False
fronto_d0.2,position,free,mixed,1001,0.05,0.2916666666666667,0.7083333333333334,96,0.0008612972451373935,1.078186352701835e-06,3.571510314914761e-05,0.005614757537841797,0.09761406271711096,False,False
fronto_d0.2,position,free,mixed,1002,0.05,0.2916666666666667,0.7083333333333334,96,0.0006998380995355546,1.078186352701835e-06,2.903938293430386e-05,0.0051081180572509766,0.0976767310257557,False,False
fronto_d0.2,position,free,mixed,1003,0.05,0.2916666666666667,0.7083333333333334,96,0.0007495626923628151,1.078186352701835e-06,3.666877746555386e-05,0.0061798095703125,0.09778491498840858,False,False
fronto_d0.2,position,free,mixed,1004,0.05,0.2916666666666667,0.7083333333333334,96,0.0008594271494075656,1.078186352701835e-06,4.029273986816406e-05,0.007430315017700195,0.09776072661018272,False,False
fronto_d0.2,position,free,mixed,1005,0.05,0.3020833333333333,0.6979166666666666,96,0.0008510418701916933,1.078186352701835e-06,4.9591064453125e-05,0.007933378219604492,0.09783669430565133,False,False
fronto_d0.2,position,free,mixed,1006,0.05,0.2916666666666667,0.7083333333333334,96,0.0006899095023982227,1.078186352701835e-06,3.2377243041725734e-05,0.0055658817291259766,0.09776292639468714,False,False
fronto_d0.2,position,free,mixed,1007,0.05,0.2916666666666667,0.7083333333333334,96,0.0006794502260163426,1.078186352701835e-06,4.0531158447265625e-05,0.0060617923736572266,0.09782027599311129,False,False
fronto_d0.2,position,free,mixed,1008,0.05,0.2916666666666667,0.7083333333333334,96,0.0007366622448898852,1.078186352701835e-06,1.4781951904296875e-05,0.006257295608520508,0.09770753335344474,False,False
fronto_d0.2,position,free,mixed,1009,0.05,0.2916666666666667,0.7083333333333334,96,0.0007664461736567318,1.078186352701835e-06,3.790855407714844e-05,0.0063097476959228516,0.09770750044999274,False,False
fronto_d0.2,position,cnn_small,clean,1000,0.01,0.0625,0.9375,96,0.00019067774701397866,3.5245702665813463e-06,nan,0.0008797645568847656,0.0981329043859513,False,False
fronto_d0.2,position,cnn_small,clean,1001,0.01,0.041666666666666664,0.9583333333333334,96,0.00023024292022455484,2.940376937741574e-05,nan,0.002467036247253418,0.09818026304472312,False,False
fronto_d0.2,position,cnn_small,clean,1002,0.01,0.052083333333333336,0.9479166666666666,96,0.00022263075516093522,2.768829160927931e-05,nan,0.002866983413696289,0.09815226209096914,False,False
fronto_d0.2,position,cnn_small,clean,1003,0.01,0.0625,0.9375,96,0.00019971063011325896,6.774976891447778e-06,nan,0.0032258033752441406,0.09812801862640944,False,False
fronto_d0.2,position,cnn_small,clean,1004,0.01,0.052083333333333336,0.9479166666666666,96,0.0002282559435116127,3.6313294545569066e-06,nan,0.00596165657043457,0.09815652603527059,False,False
fronto_d0.2,position,cnn_small,clean,1005,0.01,0.0625,0.9375,96,0.0002656355209182948,1.4462392502181174e-06,nan,0.003827810287475586,0.09811428099035878,False,False
fronto_d0.2,position,cnn_small,clean,1006,0.01,0.09375,0.90625,96,0.0004136565839871764,9.136660008759075e-07,nan,0.0026726722717285156,0.09809354627936777,False,False
fronto_d0.2,position,cnn_small,clean,1007,0.01,0.09375,0.90625,96,0.0003791151393670589,1.2937433162917296e-06,nan,0.0034093856811523438,0.0980548011728853,False,False
fronto_d0.2,position,cnn_small,clean,1008,0.01,0.08333333333333333,0.9166666666666666,96,0.0002507065364625305,1.2130437348904907e-06,nan,0.0019288063049316406,0.09810184101920179,False,False
fronto_d0.2,position,cnn_small,clean,1009,0.01,0.020833333333333332,0.9791666666666666,96,6.513437983812764e-05,1.0911068452118901e-06,nan,0.004267692565917969,0.0982128325517527,False,False
fronto_d0.2,position,cnn_small,mixed,1000,0.01,0.2916666666666667,0.7083333333333334,96,4.139243173995055e-05,8.74783706593572e-06,nan,0.0007557868957519531,0.09776805386016627,False,False
fronto_d0.2,position,cnn_small,mixed,1001,0.01,0.2708333333333333,0.7291666666666666,96,0.00010430668771732599,3.819728325273203e-05,nan,0.001316666603088379,0.09777075040906723,False,False
fronto_d0.2,position,cnn_small,mixed,1002,0.01,0.2708333333333333,0.7291666666666666,96,6.214642780832946e-05,3.1993903539854254e-05,nan,0.0008231401443481445,0.09776813717153775,False,False
fronto_d0.2,position,cnn_small,mixed,1003,0.01,0.28125,0.71875,96,5.734672231483273e-05,1.658976193162996e-05,nan,0.0023102760314941406,0.09776069016547384,False,False
fronto_d0.2,position,cnn_small,mixed,1004,0.01,0.2604166666666667,0.7395833333333334,96,7.676751556573436e-05,4.793630479241009e-06,nan,0.0026613473892211914,0.09775754067989728,False,False
fronto_d0.2,position,cnn_small,mixed,1005,0.01,0.2708333333333333,0.7291666666666666,96,0.0001440982596250251,6.820776739852865e-05,nan,0.002981424331665039,0.09775312105321657,False,False
fronto_d0.2,position,cnn_small,mixed,1006,0.01,0.28125,0.71875,96,0.000172566287801601,1.3881779543841339e-06,nan,0.0007617473602294922,0.09779317900070496,False,False
fronto_d0.2,position,cnn_small,mixed,1007,0.01,0.28125,0.71875,96,8.895435894373804e-05,1.9408664824731116e-06,nan,0.002982616424560547,0.0977689148036172,False,False
fronto_d0.2,position,cnn_small,mixed,1008,0.01,0.2604166666666667,0.7395833333333334,96,7.193326746346429e-05,8.122937313328385e-07,nan,0.0018131732940673828,0.09775800040722543,False,False
fronto_d0.2,position,cnn_small,mixed,1009,0.01,0.28125,0.71875,96,4.381525286589749e-05,7.071624708911686e-06,nan,0.0013387203216552734,0.0977726749953036,False,False
fronto_d0.2,position,cnn_large,clean,1000,0.01,0.0625,0.9375,96,0.00021176387963350862,2.4090941122513394e-05,nan,0.0008332729339599609,0.0981433683533978,False,False
fronto_d0.2,position,cnn_large,clean,1001,0.01,0.10416666666666667,0.8958333333333334,96,0.00029179328703321517,7.030104567525694e-05,nan,0.0047528743743896484,0.09803168633364777,False,False
fronto_d0.2,position,cnn_large,clean,1002,0.01,0.07291666666666667,0.9270833333333334,96,0.00033452536445111036,4.0210370837840846e-05,nan,0.0009357929229736328,0.09811394950687854,False,False
fronto_d0.2,position,cnn_large,clean,1003,0.01,0.0625,0.9375,96,0.0003612721338868141,0.00014578734774139374,nan,0.0017917156219482422,0.0980738397790476,False,False
fronto_d0.2,position,cnn_large,clean,1004,0.01,0.052083333333333336,0.9479166666666666,96,0.0002917615056503564,0.00010351654876258269,nan,0.007799863815307617,0.09814560535231083,False,False
fronto_d0.2,position,cnn_large,clean,1005,0.01,0.0,1.0,96,0.08157289028167725,0.125916956856724,nan,0.0001800060272216797,0.0,True,True
fronto_d0.2,position,cnn_large,clean,1006,0.01,0.0,1.0,96,0.08146890252828598,0.12591650654376502,nan,0.00010848045349121094,0.0,True,True
fronto_d0.2,position,cnn_large,clean,1007,0.01,0.11458333333333333,0.8854166666666666,96,0.0004526479169726372,0.00016413138286012173,nan,0.004522800445556641,0.09804050156797837,False,False
fronto_d0.2,position,cnn_large,clean,1008,0.01,0.13541666666666666,0.8645833333333334,96,0.0007469998090527952,0.00022116820091850882,nan,0.0027191638946533203,0.09787529560152582,False,False
fronto_d0.2,position,cnn_large,clean,1009,0.01,0.0625,0.9375,96,0.0002752325381152332,8.346294140829008e-05,nan,0.002404451370239258,0.09811701907477442,False,False
fronto_d0.2,position,cnn_large,mixed,1000,0.01,0.28125,0.71875,96,0.00011909293971257284,3.833231731250056e-05,nan,0.003173351287841797,0.0977625881287573,False,False
fronto_d0.2,position,cnn_large,mixed,1001,0.01,0.28125,0.71875,96,0.000285893096588552,9.961750365513732e-05,nan,0.0017905235290527344,0.09772484167474943,False,False
fronto_d0.2,position,cnn_large,mixed,1002,0.01,0.3020833333333333,0.6979166666666666,96,0.0003015294496435672,0.00010162293839633145,nan,0.0032258033752441406,0.09771642276931186,False,False
fronto_d0.2,position,cnn_large,mixed,1003,0.01,0.28125,0.71875,96,0.00026201538275927305,9.956009255865882e-05,nan,0.0034499168395996094,0.09769147480740767,False,False
fronto_d0.2,position,cnn_large,mixed,1004,0.01,0.2708333333333333,0.7291666666666666,96,6.97390059940517e-05,3.077866712266858e-05,nan,0.0017094612121582031,0.0977614002452928,False,False
fronto_d0.2,position,cnn_large,mixed,1005,0.01,0.0,1.0,96,0.08173972368240356,0.12591680675213182,nan,0.0010907649993896484,0.0,True,True
fronto_d0.2,position,cnn_large,mixed,1006,0.01,0.0,1.0,96,0.08164247125387192,0.12591500551828108,nan,0.00026345252990722656,0.0,True,True
fronto_d0.2,position,cnn_large,mixed,1007,0.01,0.375,0.625,96,0.0005362033843994141,0.00020564103468160061,nan,0.0018393993377685547,0.09759688254382509,False,False
fronto_d0.2,position,cnn_large,mixed,1008,0.01,0.28125,0.71875,96,0.00035111527540721,0.0001782595382214793,nan,0.004328489303588867,0.09775083532428097,False,False
fronto_d0.2,position,cnn_large,mixed,1009,0.01,0.2708333333333333,0.7291666666666666,96,0.0002052671043202281,6.841010258654405e-05,nan,0.0010192394256591797,0.09778215876674208,False,False
fronto_d0.2,position+both,free,clean,1000,0.05,0.041666666666666664,0.9583333333333334,96,0.002761191688477993,3.427044347902544e-07,nan,0.003383159637451172,0.09818545384488107,False,False
fronto_d0.2,position+both,free,clean,1001,0.05,0.03125,0.96875,96,0.0031585833057761192,3.477943957768325e-07,nan,0.00647425651550293,0.0980359661269203,False,False
fronto_d0.2,position+both,free,clean,1002,0.05,0.020833333333333332,0.9791666666666666,96,0.0026548421010375023,3.455278708567828e-07,nan,0.0033092498779296875,0.09813291806583367,False,False
fronto_d0.2,position+both,free,clean,1003,0.05,0.07291666666666667,0.9270833333333334,96,0.0027856568340212107,3.4025575640018174e-07,nan,0.0049245357513427734,0.09817579845557868,False,False
fronto_d0.2,position+both,free,clean,1004,0.05,0.08333333333333333,0.9166666666666666,96,0.0031535127200186253,3.451894425941231e-07,nan,0.0035524368286132812,0.0980955644742496,False,False
fronto_d0.2,position+both,free,clean,1005,0.05,0.10416666666666667,0.8958333333333334,96,0.0031452500261366367,3.3692853611922166e-07,nan,0.00561833381652832,0.09816182286346131,False,False
fronto_d0.2,position+both,free,clean,1006,0.05,0.020833333333333332,0.9791666666666666,96,0.002628632355481386,3.5147452563067957e-07,nan,0.006312131881713867,0.09818036492171787,False,False
fronto_d0.2,position+both,free,clean,1007,0.05,0.03125,0.96875,96,0.00260157510638237,3.3992722636182944e-07,nan,0.0049495697021484375,0.09825141100316259,False,False
fronto_d0.2,position+both,free,clean,1008,0.05,0.020833333333333332,0.9791666666666666,96,0.002754159504547715,3.4894722230650315e-07,nan,0.006680488586425781,0.09813968898916892,False,False
fronto_d0.2,position+both,free,clean,1009,0.05,0.0625,0.9375,96,0.002843140624463558,3.608410113597196e-07,nan,0.0034284591674804688,0.0980611838558809,False,False
fronto_d0.2,position+both,free,mixed,1000,0.05,0.3020833333333333,0.6979166666666666,96,0.0021855556406080723,3.491301414946931e-07,nan,0.0023818016052246094,0.0977114058616609,False,False
fronto_d0.2,position+both,free,mixed,1001,0.05,0.3020833333333333,0.6979166666666666,96,0.002479786053299904,3.4832546550060834e-07,nan,0.0034379959106445312,0.09753757772895134,False,False
fronto_d0.2,position+both,free,mixed,1002,0.05,0.2916666666666667,0.7083333333333334,96,0.002074267715215683,3.50526902534027e-07,nan,0.002143383026123047,0.09764309809339812,False,False
fronto_d0.2,position+both,free,mixed,1003,0.05,0.3333333333333333,0.6666666666666666,96,0.002215676475316286,3.310938705643195e-07,nan,0.002410411834716797,0.09770258732178089,False,False
fronto_d0.2,position+both,free,mixed,1004,0.05,0.3333333333333333,0.6666666666666666,96,0.002510663354769349,3.523436203231926e-07,nan,0.003731250762939453,0.0976265976923003,False,False
fronto_d0.2,position+both,free,mixed,1005,0.05,0.34375,0.65625,96,0.0024758048821240664,3.323573161528599e-07,nan,0.003789663314819336,0.09772176830251221,False,False
fronto_d0.2,position+both,free,mixed,1006,0.05,0.3020833333333333,0.6979166666666666,96,0.0020605772733688354,3.4087259610403126e-07,nan,0.0020503997802734375,0.09770822218670568,False,False
fronto_d0.2,position+both,free,mixed,1007,0.05,0.3020833333333333,0.6979166666666666,96,0.0020229879301041365,3.5185081155135693e-07,nan,0.005192756652832031,0.09776735350505598,False,False
fronto_d0.2,position+both,free,mixed,1008,0.05,0.3020833333333333,0.6979166666666666,96,0.002176255453377962,3.3925858829785876e-07,nan,0.003502368927001953,0.09765247186487688,False,False
fronto_d0.2,position+both,free,mixed,1009,0.05,0.3125,0.6875,96,0.002255295170471072,3.4396415245133033e-07,nan,0.0022149085998535156,0.09761078942414697,False,False
fronto_d0.2,position+both,cnn_small,clean,1000,0.01,0.010416666666666666,0.9895833333333334,96,0.0001756196143105626,4.553327732565848e-06,nan,0.007381439208984375,0.09823417486168755,False,False
fronto_d0.2,position+both,cnn_small,clean,1001,0.01,0.020833333333333332,0.9791666666666666,96,0.0004023730580229312,2.7732996502966666e-05,nan,0.0028085708618164062,0.09823242525802871,False,False
fronto_d0.2,position+both,cnn_small,clean,1002,0.01,0.03125,0.96875,96,0.0003736872167792171,2.9724780045101613e-06,nan,0.0028705596923828125,0.09820374122698511,False,False
fronto_d0.2,position+both,cnn_small,clean,1003,0.01,0.020833333333333332,0.9791666666666666,96,0.00036993870162405074,3.4020154508676787e-06,nan,0.005447864532470703,0.09820275678875197,False,False
fronto_d0.2,position+both,cnn_small,clean,1004,0.01,0.020833333333333332,0.9791666666666666,96,0.0004055788740515709,1.9314394405637785e-06,nan,0.00834345817565918,0.0982116117133278,False,False
fronto_d0.2,position+both,cnn_small,clean,1005,0.01,0.13541666666666666,0.8645833333333334,96,0.0018265116959810257,1.455273149586766e-05,nan,0.0009882450103759766,0.0980175344367279,False,False
fronto_d0.2,position+both,cnn_small,clean,1006,0.01,0.041666666666666664,0.9583333333333334,96,0.0005794038297608495,7.925759978992958e-06,nan,0.004017353057861328,0.09819189139134601,False,False
fronto_d0.2,position+both,cnn_small,clean,1007,0.01,0.0,1.0,96,0.08544139564037323,0.12591575602761673,nan,0.0010859966278076172,0.0,True,True
fronto_d0.2,position+both,cnn_small,clean,1008,0.01,0.020833333333333332,0.9791666666666666,96,0.0002653251576703042,1.5875582564338228e-06,nan,0.002257823944091797,0.09822581048564878,False,False
fronto_d0.2,position+both,cnn_small,clean,1009,0.01,0.041666666666666664,0.9583333333333334,96,0.00039744176319800317,6.343051895695529e-07,nan,0.004291534423828125,0.09819625041736345,False,False
fronto_d0.2,position+both,cnn_small,mixed,1000,0.01,0.28125,0.71875,96,0.00011672034452203661,2.5963021507269313e-06,nan,0.0006282329559326172,0.0977745391666802,False,False
fronto_d0.2,position+both,cnn_small,mixed,1001,0.01,0.2708333333333333,0.7291666666666666,96,0.0001274882088182494,6.156356737194884e-06,nan,0.00043511390686035156,0.09777487958658725,False,False
fronto_d0.2,position+both,cnn_small,mixed,1002,0.01,0.2708333333333333,0.7291666666666666,96,0.00015141181938815862,4.470715853188251e-06,nan,0.0010371208190917969,0.0977625373694049,False,False
fronto_d0.2,position+both,cnn_small,mixed,1003,0.01,0.28125,0.71875,96,0.0001110780649469234,1.859122393500911e-06,nan,0.0011897087097167969,0.09777164771189706,False,False
fronto_d0.2,position+both,cnn_small,mixed,1004,0.01,0.2916666666666667,0.7083333333333334,96,0.00011490164615679532,1.3181419437507708e-06,nan,0.0005328655242919922,0.09777218656244452,False,False
fronto_d0.2,position+both,cnn_small,mixed,1005,0.01,0.2604166666666667,0.7395833333333334,96,0.0002585657930467278,9.675452075216742e-06,nan,0.003426074981689453,0.09775789920565589,False,False
fronto_d0.2,position+both,cnn_small,mixed,1006,0.01,0.28125,0.71875,96,0.00015650418936274946,5.189804685402569e-06,nan,0.0010335445404052734,0.09775806037383895,False,False
fronto_d0.2,position+both,cnn_small,mixed,1007,0.01,0.2708333333333333,0.7291666666666666,96,0.00024071100051514804,8.184644067960743e-06,nan,0.0007212162017822266,0.09778330756287681,False,False
fronto_d0.2,position+both,cnn_small,mixed,1008,0.01,0.2708333333333333,0.7291666666666666,96,0.0001509816211182624,2.937880282769071e-06,nan,0.0005310773849487305,0.09776667447490622,False,False
fronto_d0.2,position+both,cnn_small,mixed,1009,0.01,0.2916666666666667,0.7083333333333334,96,0.00011204712791368365,2.874679412291481e-06,nan,0.0013637542724609375,0.09777358598267906,False,False
fronto_d0.2,position+both,cnn_large,clean,1000,0.01,0.0,1.0,96,0.08530790358781815,0.12591665664781215,nan,0.0006151199340820312,0.0,True,True
fronto_d0.2,position+both,cnn_large,clean,1001,0.01,0.03125,0.96875,96,0.0006778620299883187,1.3210702560337507e-05,nan,0.00407099723815918,0.09818872816106146,False,False
fronto_d0.2,position+both,cnn_large,clean,1002,0.01,0.010416666666666666,0.9895833333333334,96,0.0003103457856923342,1.3269680968748205e-05,nan,0.0031065940856933594,0.09821618805819891,False,False
fronto_d0.2,position+both,cnn_large,clean,1003,0.01,0.0,1.0,96,0.0853603258728981,0.125916956856724,nan,0.0007605552673339844,0.0,True,True
fronto_d0.2,position+both,cnn_large,clean,1004,0.01,0.0625,0.9375,96,0.001113065518438816,3.704700013604491e-08,nan,0.005841255187988281,0.09813221326116321,False,False
fronto_d0.2,position+both,cnn_large,clean,1005,0.01,0.020833333333333332,0.9791666666666666,96,0.00032698133145458996,1.368582350468939e-05,nan,0.0020170211791992188,0.0982191563942418,False,False
fronto_d0.2,position+both,cnn_large,clean,1006,0.01,0.0,1.0,96,0.08535544574260712,0.12591680675213182,nan,0.00015020370483398438,0.0,True,True
fronto_d0.2,position+both,cnn_large,clean,1007,0.01,0.052083333333333336,0.9479166666666666,96,0.0007924931705929339,4.066313098907402e-05,nan,0.003153085708618164,0.0981305006850529,False,False
fronto_d0.2,position+both,cnn_large,clean,1008,0.01,0.0,1.0,96,0.0002313122822670266,3.1035102317858156e-05,nan,0.00607609748840332,0.0982441128923314,False,False
fronto_d0.2,position+both,cnn_large,clean,1009,0.01,0.010416666666666666,0.9895833333333334,96,0.00046159030171111226,2.5718849884484335e-05,nan,0.00403285026550293,0.09823689259056555,False,False
fronto_d0.2,position+both,cnn_large,mixed,1000,0.01,0.0,1.0,96,0.08505203574895859,0.125916956856724,nan,0.000171661376953125,0.0,True,True
fronto_d0.2,position+both,cnn_large,mixed,1001,0.01,0.3229166666666667,0.6770833333333334,96,0.0001874195586424321,2.285187158204862e-05,nan,0.0013363361358642578,0.0977457310052358,False,False
fronto_d0.2,position+both,cnn_large,mixed,1002,0.01,0.3125,0.6875,96,0.00033718952909111977,6.490321373396395e-06,nan,0.0016188621520996094,0.09774921262858965,False,False
fronto_d0.2,position+both,cnn_large,mixed,1003,0.01,0.2708333333333333,0.7291666666666666,96,0.00021976458083372563,6.478564967637778e-05,nan,0.0015711784362792969,0.09776216277764534,False,False
fronto_d0.2,position+both,cnn_large,mixed,1004,0.01,0.2604166666666667,0.7395833333333334,96,0.0002591917000245303,3.215985730501356e-05,nan,0.0006687641143798828,0.09776016516191584,False,False
fronto_d0.2,position+both,cnn_large,mixed,1005,0.01,0.2916666666666667,0.7083333333333334,96,0.00023516538203693926,2.458732726306382e-05,nan,0.002599954605102539,0.09776244133631438,False,False
fronto_d0.2,position+both,cnn_large,mixed,1006,0.01,0.0,1.0,96,0.08509187400341034,0.1259141049160711,nan,0.00012755393981933594,0.0,True,True
fronto_d0.2,position+both,cnn_large,mixed,1007,0.01,0.2708333333333333,0.7291666666666666,96,0.00024473073426634073,4.1416320928498286e-05,nan,0.0025832653045654297,0.09777060975548857,False,False
fronto_d0.2,position+both,cnn_large,mixed,1008,0.01,0.2708333333333333,0.7291666666666666,96,0.00035491411108523607,4.553024686203104e-05,nan,0.0015377998352050781,0.0977492653938174,False,False
fronto_d0.2,position+both,cnn_large,mixed,1009,0.01,0.0,1.0,96,0.0847892239689827,0.12591635643999036,nan,0.0017046928405761719,0.0,True,True
fronto_d0.2,position+conf,free,clean,1000,0.05,0.0,1.0,96,-1.1069532632827759,1.4448330108261847e-06,nan,0.004851818084716797,0.0982626050235406,False,False
fronto_d0.2,position+conf,free,clean,1001,0.05,0.0,1.0,96,-1.106114387512207,1.4448330108261847e-06,nan,0.008057355880737305,0.09811180951982827,False,False
fronto_d0.2,position+conf,free,clean,1002,0.05,0.0,1.0,96,-1.1064329147338867,1.4448330108261847e-06,nan,0.008057355880737305,0.09816283871146209,False,False
fronto_d0.2,position+conf,free,clean,1003,0.05,0.0,1.0,96,-1.1079704761505127,1.4448330108261847e-06,nan,0.008057355880737305,0.09827484632689493,False,False
fronto_d0.2,position+conf,free,clean,1004,0.05,0.0,1.0,96,-1.1060150861740112,1.4448330108261847e-06,nan,0.008057355880737305,0.0982502123275595,False,False
fronto_d0.2,position+conf,free,clean,1005,0.05,0.0,1.0,96,-1.1063780784606934,1.4448330108261847e-06,nan,0.008057355880737305,0.09832342320762283,False,False
fronto_d0.2,position+conf,free,clean,1006,0.05,0.0,1.0,96,-1.107352614402771,1.4448330108261847e-06,nan,0.0028765201568603516,0.09825028203658666,False,False
fronto_d0.2,position+conf,free,clean,1007,0.05,0.0,1.0,96,-1.1078511476516724,1.4448330108261847e-06,nan,0.004851818084716797,0.09829928396524097,False,False
fronto_d0.2,position+conf,free,clean,1008,0.05,0.0,1.0,96,-1.1071709394454956,1.4448330108261847e-06,nan,0.008057355880737305,0.09820054197036374,False,False
fronto_d0.2,position+conf,free,clean,1009,0.05,0.0,1.0,96,-1.1066161394119263,1.4448330108261847e-06,nan,0.008057355880737305,0.09820051121113224,False,False
fronto_d0.2,position+conf,free,mixed,1000,0.05,0.3020833333333333,0.6979166666666666,96,-1.097521424293518,1.4448330108261847e-06,nan,0.005239248275756836,0.09778003496695983,False,False
fronto_d0.2,position+conf,free,mixed,1001,0.05,0.2916666666666667,0.7083333333333334,96,-1.0961277484893799,1.4448330108261847e-06,nan,0.006498098373413086,0.09761349683225534,False,False
fronto_d0.2,position+conf,free,mixed,1002,0.05,0.2916666666666667,0.7083333333333334,96,-1.0971370935440063,1.4448330108261847e-06,nan,0.00486910343170166,0.09767615372123613,False,False
fronto_d0.2,position+conf,free,mixed,1003,0.05,0.2916666666666667,0.7083333333333334,96,-1.0976930856704712,1.4448330108261847e-06,nan,0.008023977279663086,0.09778430548877465,False,False
fronto_d0.2,position+conf,free,mixed,1004,0.05,0.2916666666666667,0.7083333333333334,96,-1.0961107015609741,1.4448330108261847e-06,nan,0.007368326187133789,0.0977601748216126,False,False
fronto_d0.2,position+conf,free,mixed,1005,0.05,0.3020833333333333,0.6979166666666666,96,-1.0963428020477295,1.4448330108261847e-06,nan,0.007014274597167969,0.09783611447952932,False,False
fronto_d0.2,position+conf,free,mixed,1006,0.05,0.2916666666666667,0.7083333333333334,96,-1.0979993343353271,1.4448330108261847e-06,nan,0.0054895877838134766,0.09776234364778515,False,False
fronto_d0.2,position+conf,free,mixed,1007,0.05,0.2916666666666667,0.7083333333333334,96,-1.0981698036193848,1.4448330108261847e-06,nan,0.006097555160522461,0.09781965916502434,False,False
fronto_d0.2,position+conf,free,mixed,1008,0.05,0.2916666666666667,0.7083333333333334,96,-1.0974987745285034,1.4448330108261847e-06,nan,0.005418062210083008,0.0977069498956609,False,False
fronto_d0.2,position+conf,free,mixed,1009,0.05,0.2916666666666667,0.7083333333333334,96,-1.096848726272583,1.4448330108261847e-06,nan,0.007457733154296875,0.09770689190404201,False,False
fronto_d0.2,position+conf,cnn_small,clean,1000,0.01,0.03125,0.96875,96,-1.053758144378662,6.920807723467084e-06,nan,0.005428791046142578,0.09818056680682903,False,False
fronto_d0.2,position+conf,cnn_small,clean,1001,0.01,0.052083333333333336,0.9479166666666666,96,-0.9714284539222717,6.878694046861691e-06,nan,0.0023877620697021484,0.09816837001222423,False,False
fronto_d0.2,position+conf,cnn_small,clean,1002,0.01,0.07291666666666667,0.9270833333333334,96,-1.0400344133377075,2.9888472225154573e-06,nan,0.004767179489135742,0.09810363483919955,False,False
fronto_d0.2,position+conf,cnn_small,clean,1003,0.01,0.010416666666666666,0.9895833333333334,96,-1.111706018447876,5.70455168276726e-07,nan,0.021431446075439453,0.09822988558505527,False,False
fronto_d0.2,position+conf,cnn_small,clean,1004,0.01,0.041666666666666664,0.9583333333333334,96,-0.9551949501037598,2.2881831722047595e-06,nan,0.0015234947204589844,0.09816553751869277,False,False
fronto_d0.2,position+conf,cnn_small,clean,1005,0.01,0.09375,0.90625,96,-0.854540228843689,1.5960891036190943e-06,nan,0.002900362014770508,0.0978765664021189,False,False
fronto_d0.2,position+conf,cnn_small,clean,1006,0.01,0.5208333333333334,0.4791666666666667,96,-0.839438796043396,1.8161324230268825e-05,nan,0.005301237106323242,0.09752964087239746,False,False
fronto_d0.2,position+conf,cnn_small,clean,1007,0.01,0.041666666666666664,0.9583333333333334,96,-0.8976017236709595,1.5899111179866238e-06,nan,0.0016891956329345703,0.09815251374316174,False,False
fronto_d0.2,position+conf,cnn_small,clean,1008,0.01,0.0625,0.9375,96,-1.109298825263977,3.704700013604491e-08,nan,0.0019693374633789062,0.09813878963905619,False,False
fronto_d0.2,position+conf,cnn_small,clean,1009,0.01,0.041666666666666664,0.9583333333333334,96,-1.0131293535232544,3.704700013604491e-08,nan,0.0019872188568115234,0.09816206691868522,False,False
fronto_d0.2,position+conf,cnn_small,mixed,1000,0.01,0.2708333333333333,0.7291666666666666,96,-0.816791832447052,4.719885200837355e-05,nan,0.0013649463653564453,0.09773122434206634,False,False
fronto_d0.2,position+conf,cnn_small,mixed,1001,0.01,0.2708333333333333,0.7291666666666666,96,-1.0093235969543457,1.2485712445158964e-05,nan,0.0009882450103759766,0.09775891562869041,False,False
fronto_d0.2,position+conf,cnn_small,mixed,1002,0.01,0.2708333333333333,0.7291666666666666,96,-0.9087933301925659,5.5908181338149655e-06,nan,0.0006818771362304688,0.097758081171191,False,False
fronto_d0.2,position+conf,cnn_small,mixed,1003,0.01,0.28125,0.71875,96,-1.1043769121170044,5.600978135870335e-07,nan,0.0015687942504882812,0.09777234789279302,False,False
fronto_d0.2,position+conf,cnn_small,mixed,1004,0.01,0.25,0.75,96,-0.9516827464103699,2.8142993178362204e-06,nan,0.0016641616821289062,0.0977844268923376,False,False
fronto_d0.2,position+conf,cnn_small,mixed,1005,0.01,0.28125,0.71875,96,-0.8789249658584595,1.4204894397525056e-05,nan,0.0018906593322753906,0.09773750612737231,False,False
fronto_d0.2,position+conf,cnn_small,mixed,1006,0.01,0.28125,0.71875,96,-0.8713420033454895,1.5909185446870042e-05,nan,0.0020503997802734375,0.09779207313159918,False,False
fronto_d0.2,position+conf,cnn_small,mixed,1007,0.01,0.28125,0.71875,96,-0.8867587447166443,9.066832329996376e-06,nan,0.0010442733764648438,0.09778943722939085,False,False
fronto_d0.2,position+conf,cnn_small,mixed,1008,0.01,0.28125,0.71875,96,-1.1066783666610718,3.704700013604491e-08,nan,0.0015902519226074219,0.09776710850911251,False,False
fronto_d0.2,position+conf,cnn_small,mixed,1009,0.01,0.59375,0.40625,96,-0.43791159987449646,0.12591710696158862,nan,0.01727461814880371,0.013755337189595394,False,True
fronto_d0.2,position+conf,cnn_large,clean,1000,0.01,0.03125,0.96875,96,-0.9667636156082153,1.5460883980950434e-07,nan,0.007992982864379883,0.09818092775942068,False,False
fronto_d0.2,position+conf,cnn_large,clean,1001,0.01,0.08333333333333333,0.9166666666666666,96,-1.019588589668274,3.4248985776090166e-05,nan,0.004689693450927734,0.09805206448356513,False,False
fronto_d0.2,position+conf,cnn_large,clean,1002,0.01,0.21875,0.78125,96,-0.9372522234916687,1.956979433302502e-06,nan,0.006600618362426758,0.09753137673203886,False,False
fronto_d0.2,position+conf,cnn_large,clean,1003,0.01,0.0625,0.9375,96,-0.8875012397766113,9.331510080071048e-05,nan,0.019463300704956055,0.09812906586881454,False,False
fronto_d0.2,position+conf,cnn_large,clean,1004,0.01,0.0,1.0,96,-0.723010241985321,1.2775499850111738e-06,nan,0.014410018920898438,0.09825025092800607,False,False
fronto_d0.2,position+conf,cnn_large,clean,1005,0.01,0.0,1.0,96,-0.5753206610679626,0.125916956856724,nan,0.0004470348358154297,0.0,True,True
fronto_d0.2,position+conf,cnn_large,clean,1006,0.01,0.0,1.0,96,-0.36786046624183655,0.12591710696158862,nan,6.556510925292969e-05,0.0,True,True
fronto_d0.2,position+conf,cnn_large,clean,1007,0.01,0.0,1.0,96,-0.3072082996368408,0.15538638143747324,nan,0.00022649765014648438,0.0,True,True
fronto_d0.2,position+conf,cnn_large,clean,1008,0.01,0.0,1.0,96,0.014537716284394264,0.15538638143747324,nan,4.410743713378906e-05,0.0,True,True
fronto_d0.2,position+conf,cnn_large,clean,1009,0.01,0.4895833333333333,0.5104166666666666,96,-0.6261126399040222,0.000689708548089171,nan,0.012367963790893555,0.0973191734318764,False,False
fronto_d0.2,position+conf,cnn_large,mixed,1000,0.01,0.0,1.0,96,0.017485694959759712,0.12591710696158862,nan,0.0009083747863769531,0.0,True,True
fronto_d0.2,position+conf,cnn_large,mixed,1001,0.01,0.0,1.0,96,-0.559116542339325,0.125916956856724,nan,0.0003421306610107422,0.0,True,True
fronto_d0.2,position+conf,cnn_large,mixed,1002,0.01,0.0,1.0,96,-0.43784627318382263,0.12591680675213182,nan,0.00014543533325195312,0.0,True,True
fronto_d0.2,position+conf,cnn_large,mixed,1003,0.01,0.0,1.0,96,-0.19605447351932526,0.15538582573312162,nan,5.364418029785156e-05,0.0,True,True
fronto_d0.2,position+conf,cnn_large,mixed,1004,0.01,0.28125,0.71875,96,-0.708984375,2.109291275238158e-07,nan,0.010330677032470703,0.09779754508899235,False,False
fronto_d0.2,position+conf,cnn_large,mixed,1005,0.01,0.3020833333333333,0.6979166666666666,96,-0.6829993724822998,0.00028206146381598037,nan,0.003801584243774414,0.0976583161783519,False,False
fronto_d0.2,position+conf,cnn_large,mixed,1006,0.01,0.0,1.0,96,-0.5151972770690918,0.12591710696158862,nan,9.5367431640625e-06,0.0,True,True
fronto_d0.2,position+conf,cnn_large,mixed,1007,0.01,0.28125,0.71875,96,-0.8949745893478394,0.0002013353853391174,nan,0.004749298095703125,0.09780214505462531,False,False
fronto_d0.2,position+conf,cnn_large,mixed,1008,0.01,0.25,0.75,96,-0.7080809473991394,3.1793315599065076e-05,nan,0.001455545425415039,0.09784515732219072,False,False
fronto_d0.2,position+conf,cnn_large,mixed,1009,0.01,0.2604166666666667,0.7395833333333334,96,-0.5252462029457092,6.073325495862842e-07,nan,0.0017082691192626953,0.09775975552685115,False,False
fronto_d0.2,position+conf_noclip,free,clean,1000,0.05,0.0,1.0,96,-0.5513688921928406,1.0769813027276e-06,nan,0.0067484378814697266,0.09826287695162421,False,False
fronto_d0.2,position+conf_noclip,free,clean,1001,0.05,0.0,1.0,96,-0.5505751967430115,1.0769813027276e-06,nan,0.0067484378814697266,0.09811209788278127,False,False
fronto_d0.2,position+conf_noclip,free,clean,1002,0.05,0.0,1.0,96,-0.5511035919189453,1.0769813027276e-06,nan,0.0067484378814697266,0.09816311177699442,False,False
fronto_d0.2,position+conf_noclip,free,clean,1003,0.05,0.0,1.0,96,-0.5514355897903442,1.0769813027276e-06,nan,0.0067484378814697266,0.0982751327327477,False,False
fronto_d0.2,position+conf_noclip,free,clean,1004,0.05,0.0,1.0,96,-0.5506849884986877,1.0769813027276e-06,nan,0.005849599838256836,0.09825048128632201,False,False
fronto_d0.2,position+conf_noclip,free,clean,1005,0.05,0.0,1.0,96,-0.5506882071495056,1.0769813027276e-06,nan,0.0067484378814697266,0.09832368241653999,False,False
fronto_d0.2,position+conf_noclip,free,clean,1006,0.05,0.0,1.0,96,-0.5516063570976257,1.0769813027276e-06,nan,0.003420114517211914,0.09825058496191216,False,False
fronto_d0.2,position+conf_noclip,free,clean,1007,0.05,0.0,1.0,96,-0.5517009496688843,1.0769813027276e-06,nan,0.0067484378814697266,0.09829958695417616,False,False
fronto_d0.2,position+conf_noclip,free,clean,1008,0.05,0.0,1.0,96,-0.5513810515403748,1.0769813027276e-06,nan,0.005849599838256836,0.0982008449267935,False,False
fronto_d0.2,position+conf_noclip,free,clean,1009,0.05,0.0,1.0,96,-0.5510702133178711,1.0769813027276e-06,nan,0.0067484378814697266,0.09820079670414505,False,False
fronto_d0.2,position+conf_noclip,free,mixed,1000,0.05,0.3020833333333333,0.6979166666666666,96,-0.5490081310272217,1.0769813027276e-06,nan,0.004111528396606445,0.0977803468971105,False,False
fronto_d0.2,position+conf_noclip,free,mixed,1001,0.05,0.2916666666666667,0.7083333333333334,96,-0.548043966293335,1.0769813027276e-06,nan,0.006302595138549805,0.0976137836817094,False,False
fronto_d0.2,position+conf_noclip,free,mixed,1002,0.05,0.2916666666666667,0.7083333333333334,96,-0.549041211605072,1.0769813027276e-06,nan,0.006181001663208008,0.09767643378608093,False,False
fronto_d0.2,position+conf_noclip,free,mixed,1003,0.05,0.2916666666666667,0.7083333333333334,96,-0.5489248633384705,1.0769813027276e-06,nan,0.006731748580932617,0.09778463333581185,False,False
fronto_d0.2,position+conf_noclip,free,mixed,1004,0.05,0.2916666666666667,0.7083333333333334,96,-0.5481140613555908,1.0769813027276e-06,nan,0.0066852569580078125,0.09776043816317492,False,False
fronto_d0.2,position+conf_noclip,free,mixed,1005,0.05,0.3020833333333333,0.6979166666666666,96,-0.5481792092323303,1.0769813027276e-06,nan,0.007685422897338867,0.09783638395491806,False,False
fronto_d0.2,position+conf_noclip,free,mixed,1006,0.05,0.2916666666666667,0.7083333333333334,96,-0.549332320690155,1.0769813027276e-06,nan,0.009855031967163086,0.09776262753016302,False,False
fronto_d0.2,position+conf_noclip,free,mixed,1007,0.05,0.2916666666666667,0.7083333333333334,96,-0.5494203567504883,1.0769813027276e-06,nan,0.0062656402587890625,0.09781996432141232,False,False
fronto_d0.2,position+conf_noclip,free,mixed,1008,0.05,0.2916666666666667,0.7083333333333334,96,-0.5489930510520935,1.0769813027276e-06,nan,0.004918575286865234,0.0977072191734782,False,False
fronto_d0.2,position+conf_noclip,free,mixed,1009,0.05,0.2916666666666667,0.7083333333333334,96,-0.5487180948257446,1.0769813027276e-06,nan,0.007157325744628906,0.09770719000005104,False,False
fronto_d0.2,position+conf_noclip,cnn_small,clean,1000,0.01,0.052083333333333336,0.9479166666666666,96,-0.3394527733325958,1.183868802010292e-06,nan,0.001392364501953125,0.09815411461583207,False,False
fronto_d0.2,position+conf_noclip,cnn_small,clean,1001,0.01,0.020833333333333332,0.9791666666666666,96,-0.337045282125473,2.573808005427512e-05,nan,0.006111860275268555,0.09822446637804594,False,False
fronto_d0.2,position+conf_noclip,cnn_small,clean,1002,0.01,0.020833333333333332,0.9791666666666666,96,-0.3407997786998749,1.3297871454349826e-05,nan,0.005519390106201172,0.09821019850312897,False,False
fronto_d0.2,position+conf_noclip,cnn_small,clean,1003,0.01,0.020833333333333332,0.9791666666666666,96,-0.3398895263671875,1.6784322799109483e-06,nan,0.0071871280670166016,0.09821392692148763,False,False
fronto_d0.2,position+conf_noclip,cnn_small,clean,1004,0.01,0.041666666666666664,0.9583333333333334,96,-0.3347442150115967,3.160177562312447e-06,nan,0.004611015319824219,0.09819226085577909,False,False
fronto_d0.2,position+conf_noclip,cnn_small,clean,1005,0.01,0.041666666666666664,0.9583333333333334,96,-0.33585649728775024,2.611956952544228e-06,nan,0.003312826156616211,0.09817141688633094,False,False
fronto_d0.2,position+conf_noclip,cnn_small,clean,1006,0.01,0.052083333333333336,0.9479166666666666,96,-0.3334161937236786,2.4364259506622358e-06,nan,0.0030565261840820312,0.09814870947015984,False,False
fronto_d0.2,position+conf_noclip,cnn_small,clean,1007,0.01,0.0625,0.9375,96,-0.3337409794330597,1.2634292172456779e-05,nan,0.001844167709350586,0.09815120746397686,False,False
fronto_d0.2,position+conf_noclip,cnn_small,clean,1008,0.01,0.041666666666666664,0.9583333333333334,96,-0.34161463379859924,3.704700013604491e-08,nan,0.0038123130798339844,0.0981673341153384,False,False
fronto_d0.2,position+conf_noclip,cnn_small,clean,1009,0.01,0.07291666666666667,0.9270833333333334,96,-0.34003856778144836,7.650130795704207e-07,nan,0.0016891956329345703,0.09810849958754979,False,False
fronto_d0.2,position+conf_noclip,cnn_small,mixed,1000,0.01,0.28125,0.71875,96,-0.3400145173072815,1.7260942192942349e-06,nan,0.0006318092346191406,0.0977734428516968,False,False
fronto_d0.2,position+conf_noclip,cnn_small,mixed,1001,0.01,0.2708333333333333,0.7291666666666666,96,-0.3377704322338104,2.215006875923187e-05,nan,0.0010907649993896484,0.09775340187344303,False,False
fronto_d0.2,position+conf_noclip,cnn_small,mixed,1002,0.01,0.2708333333333333,0.7291666666666666,96,-0.33958882093429565,1.3113915685617794e-05,nan,0.0008571147918701172,0.09775668609882819,False,False
fronto_d0.2,position+conf_noclip,cnn_small,mixed,1003,0.01,0.28125,0.71875,96,-0.33912786841392517,1.7540183462851463e-05,nan,0.0006747245788574219,0.09775966027073957,False,False
fronto_d0.2,position+conf_noclip,cnn_small,mixed,1004,0.01,0.2708333333333333,0.7291666666666666,96,-0.33694925904273987,6.755138078498534e-06,nan,0.0008404254913330078,0.097768260798738,False,False
fronto_d0.2,position+conf_noclip,cnn_small,mixed,1005,0.01,0.2708333333333333,0.7291666666666666,96,-0.3333960175514221,1.0326123674125781e-05,nan,0.0017285346984863281,0.09777763617063048,False,False
fronto_d0.2,position+conf_noclip,cnn_small,mixed,1006,0.01,0.28125,0.71875,96,-0.33852148056030273,4.2809008719467455e-07,nan,0.0007557868957519531,0.09777194976459726,False,False
fronto_d0.2,position+conf_noclip,cnn_small,mixed,1007,0.01,0.28125,0.71875,96,-0.3347280025482178,9.212680682865437e-07,nan,0.0024139881134033203,0.09777380907461314,False,False
fronto_d0.2,position+conf_noclip,cnn_small,mixed,1008,0.01,0.28125,0.71875,96,-0.34194642305374146,1.12496324910576e-06,nan,0.00044465065002441406,0.09777503390614625,False,False
fronto_d0.2,position+conf_noclip,cnn_small,mixed,1009,0.01,0.28125,0.71875,96,-0.3413461446762085,1.6105503090777687e-07,nan,0.0014221668243408203,0.09777564594742447,False,False
fronto_d0.2,position+conf_noclip,cnn_large,clean,1000,0.01,0.0,1.0,96,-0.07272901386022568,0.12591710696158862,nan,6.914138793945312e-05,0.0,True,True
fronto_d0.2,position+conf_noclip,cnn_large,clean,1001,0.01,0.052083333333333336,0.9479166666666666,96,-0.3294384479522705,2.4600302367577494e-05,nan,0.0016617774963378906,0.09813500498241721,False,False
fronto_d0.2,position+conf_noclip,cnn_large,clean,1002,0.01,0.052083333333333336,0.9479166666666666,96,-0.33018064498901367,3.2301627981432576e-05,nan,0.006326436996459961,0.09815071121755302,False,False
fronto_d0.2,position+conf_noclip,cnn_large,clean,1003,0.01,0.4895833333333333,0.5104166666666666,96,-0.289364755153656,0.0002861986607941242,nan,0.004702210426330566,0.09742658088714197,False,False
fronto_d0.2,position+conf_noclip,cnn_large,clean,1004,0.01,0.010416666666666666,0.9895833333333334,96,-0.2618775963783264,7.952420205077256e-05,nan,0.008358955383300781,0.09818511297646128,False,False
fronto_d0.2,position+conf_noclip,cnn_large,clean,1005,0.01,0.0,1.0,96,-0.11978195607662201,0.125916956856724,nan,0.0002086162567138672,0.0,True,True
fronto_d0.2,position+conf_noclip,cnn_large,clean,1006,0.01,0.0,1.0,96,-0.10109849274158478,0.12591710696158862,nan,7.510185241699219e-05,0.0,True,True
fronto_d0.2,position+conf_noclip,cnn_large,clean,1007,0.01,0.0,1.0,96,-0.10766024887561798,0.12591680675213182,nan,0.000514984130859375,0.0,True,True
fronto_d0.2,position+conf_noclip,cnn_large,clean,1008,0.01,0.0,1.0,96,0.03037199005484581,0.15538564049862777,nan,0.00036716461181640625,0.0,True,True
fronto_d0.2,position+conf_noclip,cnn_large,clean,1009,0.01,0.0,1.0,96,-0.10796890407800674,0.12591710696158862,nan,0.0004458427429199219,0.0,True,True
fronto_d0.2,position+conf_noclip,cnn_large,mixed,1000,0.01,0.2708333333333333,0.7291666666666666,96,-0.3118498921394348,9.582345057540386e-06,nan,0.0037348270416259766,0.09775523381914153,False,False
fronto_d0.2,position+conf_noclip,cnn_large,mixed,1001,0.01,0.2708333333333333,0.7291666666666666,96,-0.3412191867828369,9.902840062230647e-06,nan,0.00580906867980957,0.09777381406752465,False,False
fronto_d0.2,position+conf_noclip,cnn_large,mixed,1002,0.01,0.2916666666666667,0.7083333333333334,96,-0.33710044622421265,6.373370825086674e-05,nan,0.005128383636474609,0.09777988049994371,False,False
fronto_d0.2,position+conf_noclip,cnn_large,mixed,1003,0.01,0.0,1.0,96,-0.08649595081806183,0.12591680675213182,nan,0.00011920928955078125,0.0,True,True
fronto_d0.2,position+conf_noclip,cnn_large,mixed,1004,0.01,0.0,1.0,96,-0.06127448379993439,0.125916956856724,nan,0.0002205371856689453,0.0,True,True
fronto_d0.2,position+conf_noclip,cnn_large,mixed,1005,0.01,0.0,1.0,96,-0.09057307243347168,0.125916956856724,nan,0.0002944469451904297,0.0,True,True
fronto_d0.2,position+conf_noclip,cnn_large,mixed,1006,0.01,0.0,1.0,96,-0.10017186403274536,0.12591680675213182,nan,0.00019669532775878906,0.0,True,True
fronto_d0.2,position+conf_noclip,cnn_large,mixed,1007,0.01,0.3229166666666667,0.6770833333333334,96,-0.31689584255218506,0.0006183881778106709,nan,0.00798940658569336,0.09764879970228928,False,False
fronto_d0.2,position+conf_noclip,cnn_large,mixed,1008,0.01,0.2916666666666667,0.7083333333333334,96,-0.2622559666633606,5.240600904182217e-07,nan,0.00428318977355957,0.09778868686002398,False,False
fronto_d0.2,position+conf_noclip,cnn_large,mixed,1009,0.01,0.0,1.0,96,-0.10235340893268585,0.12591680675213182,nan,0.00023603439331054688,0.0,True,True
fronto_d0.2,position+grad,free,clean,1000,0.05,0.010416666666666666,0.9895833333333334,96,0.0025801178999245167,3.497828536819358e-07,nan,0.0058269500732421875,0.09824434681513411,False,False
fronto_d0.2,position+grad,free,clean,1001,0.05,0.020833333333333332,0.9791666666666666,96,0.00295234564691782,3.4099492417173117e-07,nan,0.005276203155517578,0.09806571878482244,False,False
fronto_d0.2,position+grad,free,clean,1002,0.05,0.020833333333333332,0.9791666666666666,96,0.0024752779863774776,3.5542521582969864e-07,nan,0.002930164337158203,0.09813709322972372,False,False
fronto_d0.2,position+grad,free,clean,1003,0.05,0.041666666666666664,0.9583333333333334,96,0.0026144804432988167,3.5696469197423565e-07,nan,0.0039064884185791016,0.09820386078774612,False,False
fronto_d0.2,position+grad,free,clean,1004,0.05,0.052083333333333336,0.9479166666666666,96,0.0029625226743519306,3.371989147563274e-07,nan,0.0040435791015625,0.09813298491020349,False,False
fronto_d0.2,position+grad,free,clean,1005,0.05,0.08333333333333333,0.9166666666666666,96,0.002961981575936079,3.558957150248994e-07,nan,0.003349781036376953,0.09817184550970794,False,False
fronto_d0.2,position+grad,free,clean,1006,0.05,0.0,1.0,96,0.0024497867561876774,3.460936620787276e-07,nan,0.002440214157104492,0.09823802122956615,False,False
fronto_d0.2,position+grad,free,clean,1007,0.05,0.020833333333333332,0.9791666666666666,96,0.0024271318688988686,3.4814508142597414e-07,nan,0.003286600112915039,0.09827322138519395,False,False
fronto_d0.2,position+grad,free,clean,1008,0.05,0.020833333333333332,0.9791666666666666,96,0.00256980094127357,3.6279344367455494e-07,nan,0.010486841201782227,0.09815515379901256,False,False
fronto_d0.2,position+grad,free,clean,1009,0.05,0.052083333333333336,0.9479166666666666,96,0.002672437345609069,3.639864707167786e-07,nan,0.00460505485534668,0.09808884796554411,False,False
fronto_d0.2,position+grad,free,mixed,1000,0.05,0.3020833333333333,0.6979166666666666,96,0.002148721367120743,3.402239770388411e-07,nan,0.0037276744842529297,0.0977156108261285,False,False
fronto_d0.2,position+grad,free,mixed,1001,0.05,0.3125,0.6875,96,0.0024236137978732586,3.448058872051642e-07,nan,0.002073049545288086,0.09754103163021148,False,False
fronto_d0.2,position+grad,free,mixed,1002,0.05,0.2916666666666667,0.7083333333333334,96,0.00203332188539207,3.507089978037105e-07,nan,0.0014865398406982422,0.09764591866256439,False,False
fronto_d0.2,position+grad,free,mixed,1003,0.05,0.3229166666666667,0.6770833333333334,96,0.0021790831815451384,3.4454297259116533e-07,nan,0.0016474723815917969,0.09770625294520757,False,False
fronto_d0.2,position+grad,free,mixed,1004,0.05,0.3333333333333333,0.6666666666666666,96,0.0024672732688486576,3.393632920751849e-07,nan,0.0016987323760986328,0.09763301327838891,False,False
fronto_d0.2,position+grad,free,mixed,1005,0.05,0.34375,0.65625,96,0.0024307507555931807,3.392282333418453e-07,nan,0.0016808509826660156,0.0977281993138511,False,False
fronto_d0.2,position+grad,free,mixed,1006,0.05,0.3020833333333333,0.6979166666666666,96,0.002026111353188753,3.4358222638731925e-07,nan,0.0019371509552001953,0.09771167634207156,False,False
fronto_d0.2,position+grad,free,mixed,1007,0.05,0.3020833333333333,0.6979166666666666,96,0.0019888568203896284,3.355119957363405e-07,nan,0.0015377998352050781,0.09777134235261088,False,False
fronto_d0.2,position+grad,free,mixed,1008,0.05,0.3020833333333333,0.6979166666666666,96,0.002134018111974001,3.4883358712772105e-07,nan,0.0014984607696533203,0.09765609113502538,False,False
fronto_d0.2,position+grad,free,mixed,1009,0.05,0.3125,0.6875,96,0.002216325607150793,3.512767042265378e-07,nan,0.0014281272888183594,0.09761393001823318,False,False
fronto_d0.2,position+grad,cnn_small,clean,1000,0.01,0.03125,0.96875,96,0.00031329068588092923,2.1951877230222713e-06,nan,0.005543231964111328,0.09820446602497976,False,False
fronto_d0.2,position+grad,cnn_small,clean,1001,0.01,0.07291666666666667,0.9270833333333334,96,0.0011695651337504387,3.991927605586384e-05,nan,0.0011920928955078125,0.09812991683553986,False,False
fronto_d0.2,position+grad,cnn_small,clean,1002,0.01,0.03125,0.96875,96,0.0004205157747492194,6.239352531583739e-06,nan,0.0024640560150146484,0.09820587583926618,False,False
fronto_d0.2,position+grad,cnn_small,clean,1003,0.01,0.0,1.0,96,0.0002545623865444213,1.4799415961573164e-05,nan,0.0029981136322021484,0.09824269254215881,False,False
fronto_d0.2,position+grad,cnn_small,clean,1004,0.01,0.010416666666666666,0.9895833333333334,96,0.00031054433202371,1.7551688100305223e-06,nan,0.0020873546600341797,0.098227033254513,False,False
fronto_d0.2,position+grad,cnn_small,clean,1005,0.01,0.14583333333333334,0.8541666666666666,96,0.0018320076633244753,1.1977318101808265e-05,nan,0.0023746490478515625,0.09801557455585395,False,False
fronto_d0.2,position+grad,cnn_small,clean,1006,0.01,0.041666666666666664,0.9583333333333334,96,0.0007465193048119545,6.692044700389938e-06,nan,0.002557039260864258,0.09817342007332124,False,False
fronto_d0.2,position+grad,cnn_small,clean,1007,0.01,0.0,1.0,96,0.08509734272956848,0.12591635643999036,nan,0.0002110004425048828,0.0,True,True
fronto_d0.2,position+grad,cnn_small,clean,1008,0.01,0.041666666666666664,0.9583333333333334,96,0.0006450802320614457,1.412892232742499e-06,nan,0.0016236305236816406,0.09816255657785837,False,False
fronto_d0.2,position+grad,cnn_small,clean,1009,0.01,0.052083333333333336,0.9479166666666666,96,0.0006921124877408147,1.8772079580990815e-06,nan,0.0028777122497558594,0.09814599783863094,False,False
fronto_d0.2,position+grad,cnn_small,mixed,1000,0.01,0.28125,0.71875,96,0.00010384153574705124,2.117073544777254e-06,nan,0.0005841255187988281,0.09777251514104934,False,False
fronto_d0.2,position+grad,cnn_small,mixed,1001,0.01,0.28125,0.71875,96,0.0001149471354437992,3.052906193852864e-06,nan,0.0007772445678710938,0.09777570059282134,False,False
fronto_d0.2,position+grad,cnn_small,mixed,1002,0.01,0.2708333333333333,0.7291666666666666,96,0.00015754513151478022,6.030662893602552e-06,nan,0.0015866756439208984,0.0977757228270032,False,False
fronto_d0.2,position+grad,cnn_small,mixed,1003,0.01,0.2916666666666667,0.7083333333333334,96,0.0001026215759338811,4.313970625969473e-06,nan,0.0006771087646484375,0.0977683468554617,False,False
fronto_d0.2,position+grad,cnn_small,mixed,1004,0.01,0.2916666666666667,0.7083333333333334,96,0.00013080210192129016,2.4960463827646156e-06,nan,0.0007128715515136719,0.09777046869717122,False,False
fronto_d0.2,position+grad,cnn_small,mixed,1005,0.01,0.28125,0.71875,96,0.0002745173987932503,1.9840019322630586e-05,nan,0.0034439563751220703,0.09774260004738633,False,False
fronto_d0.2,position+grad,cnn_small,mixed,1006,0.01,0.28125,0.71875,96,0.0001637869281694293,9.123921513304285e-06,nan,0.0017440319061279297,0.09775734455027854,False,False
fronto_d0.2,position+grad,cnn_small,mixed,1007,0.01,0.2708333333333333,0.7291666666666666,96,0.00016414039419032633,4.830518305132612e-06,nan,0.0007688999176025391,0.09777119384536102,False,False
fronto_d0.2,position+grad,cnn_small,mixed,1008,0.01,0.2708333333333333,0.7291666666666666,96,0.0001578700030222535,2.908023269687863e-06,nan,0.0017189979553222656,0.09776457133662013,False,False
fronto_d0.2,position+grad,cnn_small,mixed,1009,0.01,0.28125,0.71875,96,0.00016820128075778484,5.526604182634861e-06,nan,0.0009894371032714844,0.09776657935009671,False,False
fronto_d0.2,position+grad,cnn_large,clean,1000,0.01,0.0625,0.9375,96,0.0008796750335022807,1.7663463545963716e-05,nan,0.004965066909790039,0.09812979391977841,False,False
fronto_d0.2,position+grad,cnn_large,clean,1001,0.01,0.0,1.0,96,0.0002532601647544652,3.474797427043812e-05,nan,0.002453327178955078,0.09823877325944098,False,False
fronto_d0.2,position+grad,cnn_large,clean,1002,0.01,0.0625,0.9375,96,0.0010122007224708796,1.8962306855784854e-05,nan,0.012323856353759766,0.09811979800192025,False,False
fronto_d0.2,position+grad,cnn_large,clean,1003,0.01,0.020833333333333332,0.9791666666666666,96,0.0003930193488486111,6.375027627955581e-05,nan,0.0050258636474609375,0.0982070674133404,False,False
fronto_d0.2,position+grad,cnn_large,clean,1004,0.01,0.020833333333333332,0.9791666666666666,96,0.0005264247301965952,3.92690477247868e-05,nan,0.0020492076873779297,0.0981994812646744,False,False
fronto_d0.2,position+grad,cnn_large,clean,1005,0.01,0.010416666666666666,0.9895833333333334,96,0.0003518731682561338,4.063824020901966e-05,nan,0.002161264419555664,0.09823653256240299,False,False
fronto_d0.2,position+grad,cnn_large,clean,1006,0.01,0.0,1.0,96,0.08501140028238297,0.12591650654376502,nan,0.0008153915405273438,0.0,True,True
fronto_d0.2,position+grad,cnn_large,clean,1007,0.01,0.052083333333333336,0.9479166666666666,96,0.0007202606648206711,1.4055530425318706e-05,nan,0.002611875534057617,0.09817108488010982,False,False
fronto_d0.2,position+grad,cnn_large,clean,1008,0.01,0.0,1.0,96,0.00018481488223187625,2.221958803346953e-05,nan,0.0025451183319091797,0.0982420121864147,False,False
fronto_d0.2,position+grad,cnn_large,clean,1009,0.01,0.0,1.0,96,0.08471795171499252,0.12591380471751457,nan,0.0001430511474609375,0.0,True,True
fronto_d0.2,position+grad,cnn_large,mixed,1000,0.01,0.2604166666666667,0.7395833333333334,96,0.0002001146785914898,1.603087731435861e-05,nan,0.005348920822143555,0.09776756156080231,False,False
fronto_d0.2,position+grad,cnn_large,mixed,1001,0.01,0.28125,0.71875,96,0.00013299933925736696,1.917119064135563e-05,nan,0.001729726791381836,0.0977606751067896,False,False
fronto_d0.2,position+grad,cnn_large,mixed,1002,0.01,0.2604166666666667,0.7395833333333334,96,0.0003122561320196837,1.5383532391839156e-05,nan,0.00072479248046875,0.09774162763814678,False,False
fronto_d0.2,position+grad,cnn_large,mixed,1003,0.01,0.2708333333333333,0.7291666666666666,96,0.0002256780135212466,2.528493198746019e-05,nan,0.001239776611328125,0.09776112885231861,False,False
fronto_d0.2,position+grad,cnn_large,mixed,1004,0.01,0.2708333333333333,0.7291666666666666,96,0.0002442715922370553,2.240244695225676e-05,nan,0.00049591064453125,0.09775018821799515,False,False
fronto_d0.2,position+grad,cnn_large,mixed,1005,0.01,0.28125,0.71875,96,0.0003100349858868867,1.5460883980950434e-07,nan,0.004246234893798828,0.09777075414912552,False,False
fronto_d0.2,position+grad,cnn_large,mixed,1006,0.01,0.0,1.0,96,0.08488091826438904,0.125916956856724,nan,3.695487976074219e-05,0.0,True,True
fronto_d0.2,position+grad,cnn_large,mixed,1007,0.01,0.2708333333333333,0.7291666666666666,96,0.00029317630105651915,3.273582380227512e-05,nan,0.0012683868408203125,0.0977738706485859,False,False
fronto_d0.2,position+grad,cnn_large,mixed,1008,0.01,0.2708333333333333,0.7291666666666666,96,0.0005877680378034711,3.420088412058661e-05,nan,0.002162456512451172,0.09771558919148277,False,False
fronto_d0.2,position+grad,cnn_large,mixed,1009,0.01,0.2708333333333333,0.7291666666666666,96,0.0002357330231461674,2.1915691512854505e-05,nan,0.001659393310546875,0.09774946642063638,False,False
fronto_d0.2,position+normal,free,clean,1000,0.05,0.0625,0.9375,96,0.0008942364947870374,1.7061971835117503e-06,nan,0.018521547317504883,0.09817578249574395,False,False
fronto_d0.2,position+normal,free,clean,1001,0.05,0.0625,0.9375,96,0.001049045124091208,1.6825308851217816e-06,nan,0.010988712310791016,0.09801441415343123,False,False
fronto_d0.2,position+normal,free,clean,1002,0.05,0.020833333333333332,0.9791666666666666,96,0.0008689049864187837,1.726177143436866e-06,nan,0.00531315803527832,0.09811286237579618,False,False
fronto_d0.2,position+normal,free,clean,1003,0.05,0.07291666666666667,0.9270833333333334,96,0.0008984763408079743,1.7711018932931999e-06,nan,0.003972053527832031,0.09817034743823674,False,False
fronto_d0.2,position+normal,free,clean,1004,0.05,0.08333333333333333,0.9166666666666666,96,0.0010307588381692767,1.7127490946153156e-06,nan,0.008265972137451172,0.09809386601452953,False,False
fronto_d0.2,position+normal,free,clean,1005,0.05,0.10416666666666667,0.8958333333333334,96,0.0010285696480423212,1.7639895128077967e-06,nan,0.011078119277954102,0.09815856972342442,False,False
fronto_d0.2,position+normal,free,clean,1006,0.05,0.041666666666666664,0.9583333333333334,96,0.0008482504636049271,1.640031933329694e-06,nan,0.0046539306640625,0.098162003345754,False,False
fronto_d0.2,position+normal,free,clean,1007,0.05,0.03125,0.96875,96,0.000839615473523736,1.7191008337215712e-06,nan,0.007915496826171875,0.09822068901815968,False,False
fronto_d0.2,position+normal,free,clean,1008,0.05,0.03125,0.96875,96,0.0009028519270941615,1.679836067840992e-06,nan,0.01002192497253418,0.09812565261708292,False,False
fronto_d0.2,position+normal,free,clean,1009,0.05,0.07291666666666667,0.9270833333333334,96,0.0009218410705216229,1.7516438472566345e-06,nan,0.006258487701416016,0.09806358958652889,False,False
fronto_d0.2,position+normal,free,mixed,1000,0.05,0.3020833333333333,0.6979166666666666,96,0.0007757834973745048,1.7234113531573386e-06,nan,0.0075948238372802734,0.09777373454808566,False,False
fronto_d0.2,position+normal,free,mixed,1001,0.05,0.3020833333333333,0.6979166666666666,96,0.0009203570079989731,1.6975848453621932e-06,nan,0.009646415710449219,0.0975939436018495,False,False
fronto_d0.2,position+normal,free,mixed,1002,0.05,0.2916666666666667,0.7083333333333334,96,0.0007425719522871077,1.7631945246950635e-06,nan,0.0059545040130615234,0.0976700034538604,False,False
fronto_d0.2,position+normal,free,mixed,1003,0.05,0.2916666666666667,0.7083333333333334,96,0.0007901396602392197,1.6350640181505122e-06,nan,0.004919767379760742,0.09776629708676551,False,False
fronto_d0.2,position+normal,free,mixed,1004,0.05,0.3020833333333333,0.6979166666666666,96,0.0009086425416171551,1.6601621693657277e-06,nan,0.006651878356933594,0.09770747666707454,False,False
fronto_d0.2,position+normal,free,mixed,1005,0.05,0.3125,0.6875,96,0.0009007824119180441,1.6423767104021358e-06,nan,0.004959702491760254,0.09777123592008666,False,False
fronto_d0.2,position+normal,free,mixed,1006,0.05,0.2916666666666667,0.7083333333333334,96,0.0007271739887073636,1.6515962785438051e-06,nan,0.0063800811767578125,0.09776023322704763,False,False
fronto_d0.2,position+normal,free,mixed,1007,0.05,0.2916666666666667,0.7083333333333334,96,0.0007160420063883066,1.7493578190362601e-06,nan,0.004075765609741211,0.09780709056820736,False,False
fronto_d0.2,position+normal,free,mixed,1008,0.05,0.2916666666666667,0.7083333333333334,96,0.0007812894182279706,1.7241031420235017e-06,nan,0.007210969924926758,0.09769335759633087,False,False
fronto_d0.2,position+normal,free,mixed,1009,0.05,0.2916666666666667,0.7083333333333334,96,0.0008092958014458418,1.6722533751084425e-06,nan,0.004404783248901367,0.09767460615679253,False,False
fronto_d0.2,position+normal,cnn_small,clean,1000,0.01,0.0625,0.9375,96,0.00021223718067631125,1.4752530624367313e-06,nan,0.00091552734375,0.09814444270458877,False,False
fronto_d0.2,position+normal,cnn_small,clean,1001,0.01,0.041666666666666664,0.9583333333333334,96,0.00020638271234929562,3.3297235703474205e-05,nan,0.0032198429107666016,0.09819932236254808,False,False
fronto_d0.2,position+normal,cnn_small,clean,1002,0.01,0.07291666666666667,0.9270833333333334,96,0.0002731463755480945,4.555177895569524e-06,nan,0.004708766937255859,0.0980996269625585,False,False
fronto_d0.2,position+normal,cnn_small,clean,1003,0.01,0.0625,0.9375,96,0.00025166000705212355,1.0856521854192323e-05,nan,0.005166530609130859,0.09812348962015123,False,False
fronto_d0.2,position+normal,cnn_small,clean,1004,0.01,0.052083333333333336,0.9479166666666666,96,0.0002716024755500257,4.712865179227591e-06,nan,0.0016248226165771484,0.09813555023477018,False,False
fronto_d0.2,position+normal,cnn_small,clean,1005,0.01,0.0625,0.9375,96,0.0002828719443641603,8.387072754830981e-07,nan,0.007659196853637695,0.09812067238198911,False,False
fronto_d0.2,position+normal,cnn_small,clean,1006,0.01,0.09375,0.90625,96,0.0004429981636349112,4.624309636658697e-06,nan,0.003559589385986328,0.09809960515284186,False,False
fronto_d0.2,position+normal,cnn_small,clean,1007,0.01,0.08333333333333333,0.9166666666666666,96,0.00036905345041304827,2.7315604421392773e-06,nan,0.0005888938903808594,0.09809229150495173,False,False
fronto_d0.2,position+normal,cnn_small,clean,1008,0.01,0.08333333333333333,0.9166666666666666,96,0.0002966155589092523,1.030650066086684e-06,nan,0.002442598342895508,0.09808716575864011,False,False
fronto_d0.2,position+normal,cnn_small,clean,1009,0.01,0.020833333333333332,0.9791666666666666,96,8.674654236529022e-05,1.9747048786489103e-06,nan,0.002288818359375,0.09821153144537487,False,False
fronto_d0.2,position+normal,cnn_small,mixed,1000,0.01,0.28125,0.71875,96,4.428584361448884e-05,4.037486340828306e-06,nan,0.0003415346145629883,0.09777375320752738,False,False
fronto_d0.2,position+normal,cnn_small,mixed,1001,0.01,0.2604166666666667,0.7395833333333334,96,9.087418584385887e-05,2.176007108853453e-05,nan,0.0015211105346679688,0.09775760785375116,False,False
fronto_d0.2,position+normal,cnn_small,mixed,1002,0.01,0.2708333333333333,0.7291666666666666,96,7.404789357678965e-05,2.5130535215905654e-05,nan,0.0006532669067382812,0.09776302775802312,False,False
fronto_d0.2,position+normal,cnn_small,mixed,1003,0.01,0.28125,0.71875,96,7.37783921067603e-05,2.303258262932645e-05,nan,0.0006914138793945312,0.09776590578188214,False,False
fronto_d0.2,position+normal,cnn_small,mixed,1004,0.01,0.2604166666666667,0.7395833333333334,96,9.864309686236084e-05,6.882568882219166e-06,nan,0.0008499622344970703,0.09775155356024141,False,False
fronto_d0.2,position+normal,cnn_small,mixed,1005,0.01,0.2708333333333333,0.7291666666666666,96,0.00015494249237235636,6.522042135634657e-05,nan,0.002557039260864258,0.09775574279333456,False,False
fronto_d0.2,position+normal,cnn_small,mixed,1006,0.01,0.28125,0.71875,96,0.0001436331367585808,1.5775628543516435e-06,nan,0.00393986701965332,0.09779672523924816,False,False
fronto_d0.2,position+normal,cnn_small,mixed,1007,0.01,0.28125,0.71875,96,7.277272379724309e-05,1.6662996998245458e-06,nan,0.0012791156768798828,0.09776889079938307,False,False
fronto_d0.2,position+normal,cnn_small,mixed,1008,0.01,0.28125,0.71875,96,5.329436680767685e-05,2.7096852554760305e-06,nan,0.0003445148468017578,0.09776031929142798,False,False
fronto_d0.2,position+normal,cnn_small,mixed,1009,0.01,0.2916666666666667,0.7083333333333334,96,4.334870391176082e-05,4.354102411357669e-06,nan,0.0009584426879882812,0.09777004023049513,False,False
fronto_d0.2,position+normal,cnn_large,clean,1000,0.01,0.0625,0.9375,96,0.00030823424458503723,3.8092557237864515e-05,nan,0.002404451370239258,0.09812659208754389,False,False
fronto_d0.2,position+normal,cnn_large,clean,1001,0.01,0.08333333333333333,0.9166666666666666,96,0.0004378769954200834,8.104175098686923e-05,nan,0.002878904342651367,0.09807840859404085,False,False
fronto_d0.2,position+normal,cnn_large,clean,1002,0.01,0.0625,0.9375,96,0.0002946928725577891,0.00012493333027823857,nan,0.006926059722900391,0.09811464043937894,False,False
fronto_d0.2,position+normal,cnn_large,clean,1003,0.01,0.0625,0.9375,96,0.0002928635512944311,0.0001959107142211762,nan,0.013703107833862305,0.09815180780120654,False,False
fronto_d0.2,position+normal,cnn_large,clean,1004,0.01,0.0625,0.9375,96,0.0002946786698885262,2.9766250524650483e-05,nan,0.006986856460571289,0.09814148599778462,False,False
fronto_d0.2,position+normal,cnn_large,clean,1005,0.01,0.0,1.0,96,0.08191847056150436,0.12591665664781215,nan,0.0003731250762939453,0.0,True,True
fronto_d0.2,position+normal,cnn_large,clean,1006,0.01,0.0,1.0,96,0.08181294798851013,0.12591680675213182,nan,0.000324249267578125,0.0,True,True
fronto_d0.2,position+normal,cnn_large,clean,1007,0.01,0.0625,0.9375,96,0.0003970114921685308,9.344274099780807e-05,nan,0.004518032073974609,0.09808409097721826,False,False
fronto_d0.2,position+normal,cnn_large,clean,1008,0.01,0.08333333333333333,0.9166666666666666,96,0.00040809035999700427,7.13158046343718e-05,nan,0.006753206253051758,0.09807926086391515,False,False
fronto_d0.2,position+normal,cnn_large,clean,1009,0.01,0.0,1.0,96,0.08151812106370926,0.12591080279190428,nan,0.0004172325134277344,0.0,True,True
fronto_d0.2,position+normal,cnn_large,mixed,1000,0.01,0.28125,0.71875,96,0.000135300841066055,4.339459584191122e-05,nan,0.002461671829223633,0.0977438189131616,False,False
fronto_d0.2,position+normal,cnn_large,mixed,1001,0.01,0.34375,0.65625,96,0.00012008790508843958,3.754617191673989e-05,nan,0.0046122074127197266,0.09774767032043184,False,False
fronto_d0.2,position+normal,cnn_large,mixed,1002,0.01,0.3020833333333333,0.6979166666666666,96,0.0003167170216329396,4.9880113599266384e-05,nan,0.003643035888671875,0.09768624326890171,False,False
fronto_d0.2,position+normal,cnn_large,mixed,1003,0.01,0.2604166666666667,0.7395833333333334,96,0.00015970738604664803,4.173489272465547e-05,nan,0.0012993812561035156,0.09775884193145831,False,False
fronto_d0.2,position+normal,cnn_large,mixed,1004,0.01,0.28125,0.71875,96,7.00914824847132e-05,1.2223934979321712e-05,nan,0.0009286403656005859,0.09776186690874372,False,False
fronto_d0.2,position+normal,cnn_large,mixed,1005,0.01,0.0,1.0,96,0.08194894343614578,0.125916956856724,nan,0.00014543533325195312,0.0,True,True
fronto_d0.2,position+normal,cnn_large,mixed,1006,0.01,0.0,1.0,96,0.08185310661792755,0.1259132043236717,nan,0.0008738040924072266,0.0,True,True
fronto_d0.2,position+normal,cnn_large,mixed,1007,0.01,0.7395833333333334,0.2604166666666667,96,0.0020440483931452036,0.0010402298304713275,nan,0.00240325927734375,0.0967171423994331,False,False
fronto_d0.2,position+normal,cnn_large,mixed,1008,0.01,0.3020833333333333,0.6979166666666666,96,0.0002717283496167511,2.4511229105457407e-05,nan,0.007164478302001953,0.09768466718635901,False,False
fronto_d0.2,position+normal,cnn_large,mixed,1009,0.01,0.2708333333333333,0.7291666666666666,96,0.00014769223344046623,5.934997616276226e-05,nan,0.0011491775512695312,0.09778108056459213,False,False
fronto_d0.2,position_squared,free,clean,1000,0.05,0.2604166666666667,0.7395833333333334,96,9.637504263082519e-05,3.704700013604491e-08,nan,0.0,0.09776897814515476,False,False
fronto_d0.2,position_squared,free,clean,1001,0.05,0.3125,0.6875,96,0.000111458393803332,3.704700013604491e-08,nan,0.0,0.09763792724032995,False,False
fronto_d0.2,position_squared,free,clean,1002,0.05,0.2916666666666667,0.7083333333333334,96,9.929171937983483e-05,3.704700013604491e-08,nan,0.0,0.09768409587863641,False,False
fronto_d0.2,position_squared,free,clean,1003,0.05,0.25,0.75,96,9.625004895497113e-05,3.704700013604491e-08,nan,0.0,0.09777850894706597,False,False
fronto_d0.2,position_squared,free,clean,1004,0.05,0.3125,0.6875,96,0.00010850006219698116,3.704700013604491e-08,nan,0.0,0.09767961885882522,False,False
fronto_d0.2,position_squared,free,clean,1005,0.05,0.3229166666666667,0.6770833333333334,96,0.00010883338836720213,3.704700013604491e-08,nan,0.0,0.09773235807769416,False,False
fronto_d0.2,position_squared,free,clean,1006,0.05,0.22916666666666666,0.7708333333333334,96,9.200005297316238e-05,3.704700013604491e-08,nan,0.0,0.09779875957306146,False,False
fronto_d0.2,position_squared,free,clean,1007,0.05,0.23958333333333334,0.7604166666666666,96,9.112504631048068e-05,3.704700013604491e-08,nan,0.0,0.09781996768019877,False,False
fronto_d0.2,position_squared,free,clean,1008,0.05,0.2708333333333333,0.7291666666666666,96,9.712504834169522e-05,3.704700013604491e-08,nan,0.0,0.097756227108033,False,False
fronto_d0.2,position_squared,free,clean,1009,0.05,0.28125,0.71875,96,0.00010058338375529274,3.704700013604491e-08,nan,0.0,0.0976981214616566,False,False
fronto_d0.2,position_squared,free,mixed,1000,0.05,0.3541666666666667,0.6458333333333334,96,3.826041938737035e-05,3.704700013604491e-08,nan,0.0,0.09756649879113181,False,False
fronto_d0.2,position_squared,free,mixed,1001,0.05,0.3958333333333333,0.6041666666666666,96,5.0917613407364115e-05,3.704700013604491e-08,nan,0.0,0.09744050009551716,False,False
fronto_d0.2,position_squared,free,mixed,1002,0.05,0.3541666666666667,0.6458333333333334,96,4.1179788240697235e-05,3.704700013604491e-08,nan,0.0,0.0974799387347504,False,False
fronto_d0.2,position_squared,free,mixed,1003,0.05,0.3541666666666667,0.6458333333333334,96,3.8676276744809e-05,3.704700013604491e-08,nan,0.0,0.09757171087438438,False,False
fronto_d0.2,position_squared,free,mixed,1004,0.05,0.3854166666666667,0.6145833333333334,96,4.694725066656247e-05,3.704700013604491e-08,nan,0.0,0.097491019667501,False,False
fronto_d0.2,position_squared,free,mixed,1005,0.05,0.375,0.625,96,4.692982111009769e-05,3.704700013604491e-08,nan,0.0,0.09754311474806886,False,False
fronto_d0.2,position_squared,free,mixed,1006,0.05,0.3333333333333333,0.6666666666666666,96,3.514604031806812e-05,3.704700013604491e-08,nan,0.0,0.09758977038107629,False,False
fronto_d0.2,position_squared,free,mixed,1007,0.05,0.34375,0.65625,96,3.4592405427247286e-05,3.704700013604491e-08,nan,0.0,0.09760861617291357,False,False
fronto_d0.2,position_squared,free,mixed,1008,0.05,0.3541666666666667,0.6458333333333334,96,4.0269082091981545e-05,3.704700013604491e-08,nan,0.0,0.09754351925876689,False,False
fronto_d0.2,position_squared,free,mixed,1009,0.05,0.3541666666666667,0.6458333333333334,96,4.11529908888042e-05,3.704700013604491e-08,nan,0.0,0.09750136089759731,False,False
fronto_d0.2,position_squared,cnn_small,clean,1000,0.01,0.041666666666666664,0.9583333333333334,96,1.0627218216541223e-05,8.975954773812738e-05,nan,0.0006997585296630859,0.09817535871175781,False,False
fronto_d0.2,position_squared,cnn_small,clean,1001,0.01,0.052083333333333336,0.9479166666666666,96,1.198027439386351e-05,3.543997574754426e-05,nan,0.0009095668792724609,0.09819364521638604,False,False
fronto_d0.2,position_squared,cnn_small,clean,1002,0.01,0.010416666666666666,0.9895833333333334,96,3.526264436004567e-06,8.940769452567225e-05,nan,0.0009214878082275391,0.09822992310993678,False,False
fronto_d0.2,position_squared,cnn_small,clean,1003,0.01,0.0625,0.9375,96,1.5613493815180846e-05,1.4748419410834659e-05,nan,0.0004673004150390625,0.0981812940918576,False,False
fronto_d0.2,position_squared,cnn_small,clean,1004,0.01,0.020833333333333332,0.9791666666666666,96,5.5405671446351334e-06,3.1772175131977456e-05,nan,0.0013637542724609375,0.09823038311893349,False,False
fronto_d0.2,position_squared,cnn_small,clean,1005,0.01,0.17708333333333334,0.8229166666666666,96,3.5798700992017984e-05,2.197799270263185e-05,nan,0.00039458274841308594,0.0980634065351253,False,False
fronto_d0.2,position_squared,cnn_small,clean,1006,0.01,0.0,1.0,96,0.00965659786015749,0.09785346413341937,nan,0.0,0.0,True,True
fronto_d0.2,position_squared,cnn_small,clean,1007,0.01,0.14583333333333334,0.8541666666666666,96,2.9896045816713013e-05,7.986461831497773e-05,nan,0.0004684925079345703,0.09812290370658651,False,False
fronto_d0.2,position_squared,cnn_small,clean,1008,0.01,0.07291666666666667,0.9270833333333334,96,1.385847463097889e-05,3.911419933166611e-05,nan,0.0014805793762207031,0.09817279422017519,False,False
fronto_d0.2,position_squared,cnn_small,clean,1009,0.01,0.03125,0.96875,96,7.455086688423762e-06,1.3974923243568797e-05,nan,0.0009119510650634766,0.09820716192619719,False,False
fronto_d0.2,position_squared,cnn_small,mixed,1000,0.01,0.28125,0.71875,96,3.6157300087324984e-07,1.6381010407201232e-05,nan,1.7881393432617188e-05,0.09777463668186613,False,False
fronto_d0.2,position_squared,cnn_small,mixed,1001,0.01,0.2604166666666667,0.7395833333333334,96,4.598748830630939e-07,8.674985767941122e-05,nan,3.218650817871094e-05,0.09777470504277529,False,False
fronto_d0.2,position_squared,cnn_small,mixed,1002,0.01,0.28125,0.71875,96,2.2047267123070924e-07,3.800632037557979e-05,nan,0.00010967254638671875,0.09776879364709432,False,False
fronto_d0.2,position_squared,cnn_small,mixed,1003,0.01,0.2708333333333333,0.7291666666666666,96,7.002757911322988e-07,5.984684040558949e-05,nan,0.00010728836059570312,0.0977609909891752,False,False
fronto_d0.2,position_squared,cnn_small,mixed,1004,0.01,0.2708333333333333,0.7291666666666666,96,4.2177626369266363e-07,4.759017846509881e-06,nan,4.5299530029296875e-05,0.09777000066027251,False,False
fronto_d0.2,position_squared,cnn_small,mixed,1005,0.01,0.0,1.0,96,0.009561587125062943,0.09785990977479918,nan,0.0,0.0,True,True
fronto_d0.2,position_squared,cnn_small,mixed,1006,0.01,0.0,1.0,96,0.009558908641338348,0.0978574970396613,nan,0.0,0.0,True,True
fronto_d0.2,position_squared,cnn_small,mixed,1007,0.01,0.2708333333333333,0.7291666666666666,96,7.910620070106233e-07,9.953285798133845e-05,nan,0.0006055831909179688,0.0977631067587347,False,False
fronto_d0.2,position_squared,cnn_small,mixed,1008,0.01,0.2708333333333333,0.7291666666666666,96,5.115156227475381e-07,1.9177435123788843e-05,nan,6.437301635742188e-05,0.09777553784502845,False,False
fronto_d0.2,position_squared,cnn_small,mixed,1009,0.01,0.28125,0.71875,96,3.700410502460727e-07,2.2616210428569523e-05,nan,4.887580871582031e-05,0.09776921645263509,False,False
fronto_d0.2,position_squared,cnn_large,clean,1000,0.01,0.0,1.0,96,0.009655145928263664,0.09785244874631883,nan,2.2649765014648438e-05,0.0,True,True
fronto_d0.2,position_squared,cnn_large,clean,1001,0.01,0.0625,0.9375,96,1.5614057701895945e-05,0.0002439400506163184,nan,0.0016522407531738281,0.0981705722217042,False,False
fronto_d0.2,position_squared,cnn_large,clean,1002,0.01,0.041666666666666664,0.9583333333333334,96,7.386653123830911e-06,0.0003067269692950665,nan,0.004179477691650391,0.09818771474481347,False,False
fronto_d0.2,position_squared,cnn_large,clean,1003,0.01,0.041666666666666664,0.9583333333333334,96,9.911496817949228e-06,0.00020507628311413958,nan,0.0019562244415283203,0.09819749231986254,False,False
fronto_d0.2,position_squared,cnn_large,clean,1004,0.01,0.125,0.875,96,3.1763895094627514e-05,0.000869978575507607,nan,0.0012254714965820312,0.09811579607284539,False,False
fronto_d0.2,position_squared,cnn_large,clean,1005,0.01,0.0625,0.9375,96,1.9122831872664392e-05,0.0004557187392860482,nan,0.001621246337890625,0.09817996943014941,False,False
fronto_d0.2,position_squared,cnn_large,clean,1006,0.01,0.0,1.0,96,0.00965659786015749,0.09785330406828166,nan,2.6226043701171875e-05,0.0,True,True
fronto_d0.2,position_squared,cnn_large,clean,1007,0.01,0.020833333333333332,0.9791666666666666,96,5.937511559750419e-06,0.000310465342191609,nan,0.001081228256225586,0.09822113513298397,False,False
fronto_d0.2,position_squared,cnn_large,clean,1008,0.01,0.3125,0.6875,96,6.718213990097865e-05,0.0009126262577230915,nan,0.001538991928100586,0.09787206477686584,False,False
fronto_d0.2,position_squared,cnn_large,clean,1009,0.01,0.125,0.875,96,2.4343888071598485e-05,0.0008456138425691247,nan,0.0009477138519287109,0.09816934650661449,False,False
fronto_d0.2,position_squared,cnn_large,mixed,1000,0.01,0.0,1.0,96,0.009557481855154037,0.09785655927005399,nan,1.1920928955078125e-06,0.0,True,True
fronto_d0.2,position_squared,cnn_large,mixed,1001,0.01,0.3333333333333333,0.6666666666666666,96,2.3792449610482436e-06,0.00033549797709893223,nan,0.0014591217041015625,0.09774836799020058,False,False
fronto_d0.2,position_squared,cnn_large,mixed,1002,0.01,0.25,0.75,96,1.2052263400619267e-06,0.00037214412017313444,nan,0.0007843971252441406,0.09775817714980226,False,False
fronto_d0.2,position_squared,cnn_large,mixed,1003,0.01,0.2604166666666667,0.7395833333333334,96,1.1199969094377593e-06,0.0001788671587885858,nan,0.0010478496551513672,0.09775122045453635,False,False
fronto_d0.2,position_squared,cnn_large,mixed,1004,0.01,0.2708333333333333,0.7291666666666666,96,1.9541114397725323e-06,0.0002984144377317186,nan,0.0012564659118652344,0.09774857608972576,False,False
fronto_d0.2,position_squared,cnn_large,mixed,1005,0.01,0.2708333333333333,0.7291666666666666,96,6.442760422942229e-07,0.00015277416534297507,nan,0.0004696846008300781,0.09776411861217212,False,False
fronto_d0.2,position_squared,cnn_large,mixed,1006,0.01,0.0,1.0,96,0.009558909572660923,0.09785761247001086,nan,9.059906005859375e-05,0.0,True,True
fronto_d0.2,position_squared,cnn_large,mixed,1007,0.01,0.3229166666666667,0.6770833333333334,96,4.633115167962387e-06,0.0005355871561011004,nan,0.0013768672943115234,0.09771637237693272,False,False
fronto_d0.2,position_squared,cnn_large,mixed,1008,0.01,0.34375,0.65625,96,8.579600034863688e-06,0.0004614241398286224,nan,0.0013780593872070312,0.09770592303560592,False,False
fronto_d0.2,position_squared,cnn_large,mixed,1009,0.01,0.2708333333333333,0.7291666666666666,96,2.5859210381895537e-06,0.0003475326919894776,nan,0.0006461143493652344,0.09775519095155,False,False
fronto_d0.5,position,free,clean,1000,0.05,0.0,1.0,96,0.0017721578478813171,1.511983471934155e-06,3.3855438232421875e-05,0.0029783248901367188,0.24565808214674154,False,False
fronto_d0.5,position,free,clean,1001,0.05,0.0,1.0,96,0.0021106915082782507,1.511983471934155e-06,5.984306335449219e-05,0.004018306732177734,0.2452812469472366,False,False
fronto_d0.5,position,free,clean,1002,0.05,0.0,1.0,96,0.0017200696747750044,1.511983471934155e-06,5.745887756347656e-05,0.004017829895019531,0.24540866587551946,False,False
fronto_d0.5,position,free,clean,1003,0.05,0.0,1.0,96,0.0017916838405653834,1.511983471934155e-06,6.246566772460938e-05,0.004018306732177734,0.2456887705928834,False,False
fronto_d0.5,position,free,clean,1004,0.05,0.0,1.0,96,0.0020716357976198196,1.511983471934155e-06,5.984306335449219e-05,0.004018306732177734,0.24562722211418456,False,False
fronto_d0.5,position,free,clean,1005,0.05,0.0,1.0,96,0.002084651729092002,1.511983471934155e-06,5.984306335449219e-05,0.004018306732177734,0.24581026142918166,False,False
fronto_d0.5,position,free,clean,1006,0.05,0.0,1.0,96,0.0016679830150678754,1.511983471934155e-06,5.9604644775390625e-06,0.0021080970764160156,0.24562734872206723,False,False
fronto_d0.5,position,free,clean,1007,0.05,0.0,1.0,96,0.001654961728490889,1.511983471934155e-06,2.6464462280273438e-05,0.0029783248901367188,0.2457498200980187,False,False
fronto_d0.5,position,free,clean,1008,0.05,0.0,1.0,96,0.0017916798824444413,1.511983471934155e-06,5.984306335449219e-05,0.004018306732177734,0.24550303678366944,False,False
fronto_d0.5,position,free,clean,1009,0.05,0.0,1.0,96,0.001850276836194098,1.511983471934155e-06,5.817413330078125e-05,0.004017829895019531,0.24550298576993473,False,False
fronto_d0.5,position,free,mixed,1000,0.05,0.3020833333333333,0.6979166666666666,96,0.001837439020164311,1.511983471934155e-06,2.193450927734375e-05,0.0015516281127929688,0.24445170300250324,False,False
fronto_d0.5,position,free,mixed,1001,0.05,0.2916666666666667,0.7083333333333334,96,0.0021520755253732204,1.511983471934155e-06,3.886222839355469e-05,0.0029449462890625,0.24403535774306603,False,False
fronto_d0.5,position,free,mixed,1002,0.05,0.2916666666666667,0.7083333333333334,96,0.001748428214341402,1.511983471934155e-06,3.4332275390625e-05,0.0024085044860839844,0.24419196851478653,False,False
fronto_d0.5,position,free,mixed,1003,0.05,0.2916666666666667,0.7083333333333334,96,0.0018727447604760528,1.511983471934155e-06,4.1961669921875e-05,0.0026721954345703125,0.24446243285750832,False,False
fronto_d0.5,position,free,mixed,1004,0.05,0.2916666666666667,0.7083333333333334,96,0.002147399354726076,1.511983471934155e-06,4.4345855712890625e-05,0.0035505294799804688,0.2444020385086524,False,False
fronto_d0.5,position,free,mixed,1005,0.05,0.3020833333333333,0.6979166666666666,96,0.002126443898305297,1.511983471934155e-06,5.1021575927734375e-05,0.0037441253662109375,0.24459196466737806,False,False
fronto_d0.5,position,free,mixed,1006,0.05,0.2916666666666667,0.7083333333333334,96,0.0017236077692359686,1.511983471934155e-06,9.775161743164062e-06,0.0030951499938964844,0.24440745500142938,False,False
fronto_d0.5,position,free,mixed,1007,0.05,0.2916666666666667,0.7083333333333334,96,0.0016974702011793852,1.511983471934155e-06,3.886222839355469e-05,0.0027985572814941406,0.244550791294092,False,False
fronto_d0.5,position,free,mixed,1008,0.05,0.2916666666666667,0.7083333333333334,96,0.0018404945731163025,1.511983471934155e-06,3.886222839355469e-05,0.0024118423461914062,0.24426896136507048,False,False
fronto_d0.5,position,free,mixed,1009,0.05,0.2916666666666667,0.7083333333333334,96,0.0019149556756019592,1.511983471934155e-06,4.3392181396484375e-05,0.0031080245971679688,0.2442689214413307,False,False
fronto_d0.5,position,cnn_small,clean,1000,0.01,0.0625,0.9375,96,0.000491030456032604,1.3131686652333187e-05,nan,0.0016398429870605469,0.24533784235003414,False,False
fronto_d0.5,position,cnn_small,clean,1001,0.01,0.041666666666666664,0.9583333333333334,96,0.0004042181826662272,9.005087796116891e-06,nan,0.006043910980224609,0.24539878520946526,False,False
fronto_d0.5,position,cnn_small,clean,1002,0.01,0.08333333333333333,0.9166666666666666,96,0.00100223021581769,0.0001437131257668682,nan,0.0016598701477050781,0.24512972228931376,False,False
fronto_d0.5,position,cnn_small,clean,1003,0.01,0.041666666666666664,0.9583333333333334,96,0.0005109410849399865,1.83078033733409e-05,nan,0.0008974075317382812,0.24537346379575464,False,False
fronto_d0.5,position,cnn_small,clean,1004,0.01,0.07291666666666667,0.9270833333333334,96,0.0006874417304061353,7.910884370402113e-06,nan,0.0007402896881103516,0.24536784191569871,False,False
fronto_d0.5,position,cnn_small,clean,1005,0.01,0.10416666666666667,0.8958333333333334,96,0.0009432444931007922,8.175846591106267e-06,nan,0.0011768341064453125,0.24510690147511185,False,False
fronto_d0.5,position,cnn_small,clean,1006,0.01,0.07291666666666667,0.9270833333333334,96,0.0007314973627217114,2.0005882535309804e-06,nan,0.002960681915283203,0.24522183830176572,False,False
fronto_d0.5,position,cnn_small,clean,1007,0.01,0.08333333333333333,0.9166666666666666,96,0.0008616758859716356,1.9539158649095008e-05,nan,0.0017232894897460938,0.24514250247357933,False,False
fronto_d0.5,position,cnn_small,clean,1008,0.01,0.10416666666666667,0.8958333333333334,96,0.0010114916367456317,2.3600795323009452e-06,nan,0.0019059181213378906,0.24523205707519027,False,False
fronto_d0.5,position,cnn_small,clean,1009,0.01,0.07291666666666667,0.9270833333333334,96,0.0006725113489665091,3.6922482389713e-05,nan,0.0015454292297363281,0.24523374616833138,False,False
fronto_d0.5,position,cnn_small,mixed,1000,0.01,0.28125,0.71875,96,0.00014145120803732425,4.8145658708487563e-05,nan,0.00205230712890625,0.24440457757914516,False,False
fronto_d0.5,position,cnn_small,mixed,1001,0.01,0.2708333333333333,0.7291666666666666,96,0.00013477048196364194,8.461921789910341e-06,nan,0.0010046958923339844,0.24442199847745297,False,False
fronto_d0.5,position,cnn_small,mixed,1002,0.01,0.2708333333333333,0.7291666666666666,96,0.0002951007627416402,8.559317655892798e-05,nan,0.0013599395751953125,0.24434982360576102,False,False
fronto_d0.5,position,cnn_small,mixed,1003,0.01,0.2916666666666667,0.7083333333333334,96,0.00019458656606730074,3.7190803100723417e-05,nan,0.00154876708984375,0.24432768636270225,False,False
fronto_d0.5,position,cnn_small,mixed,1004,0.01,0.28125,0.71875,96,0.00012757237709593028,2.3627107898234715e-05,nan,0.0014538764953613281,0.24442033833010715,False,False
fronto_d0.5,position,cnn_small,mixed,1005,0.01,0.28125,0.71875,96,0.00018925931362900883,1.3058959959158652e-05,nan,0.0005016326904296875,0.2443938042504033,False,False
fronto_d0.5,position,cnn_small,mixed,1006,0.01,0.0,1.0,96,0.20410504937171936,0.3147912663594125,nan,0.0012140274047851562,0.0,True,True
fronto_d0.5,position,cnn_small,mixed,1007,0.01,0.28125,0.71875,96,0.00015779092791490257,1.9985726826200194e-05,nan,0.0007648468017578125,0.24437106154762894,False,False
fronto_d0.5,position,cnn_small,mixed,1008,0.01,0.28125,0.71875,96,0.00011646313214441761,8.564079455005921e-07,nan,0.00022029876708984375,0.24442783062931683,False,False
fronto_d0.5,position,cnn_small,mixed,1009,0.01,0.28125,0.71875,96,0.0001521099911769852,3.6674708862006455e-05,nan,0.000957489013671875,0.24439956888051936,False,False
fronto_d0.5,position,cnn_large,clean,1000,0.01,0.0625,0.9375,96,0.0006698669167235494,0.00013376523868294823,nan,0.0016775131225585938,0.24529076739259778,False,False
fronto_d0.5,position,cnn_large,clean,1001,0.01,0.0625,0.9375,96,0.0006338028470054269,0.00017462298504200533,nan,0.0021495819091796875,0.24531080878143915,False,False
fronto_d0.5,position,cnn_large,clean,1002,0.01,0.0,1.0,96,0.2026628851890564,0.31479216698483997,nan,0.00044727325439453125,0.0,True,True
fronto_d0.5,position,cnn_large,clean,1003,0.01,0.08333333333333333,0.9166666666666666,96,0.000777354056481272,0.00015797673552675365,nan,0.007415771484375,0.24531423572023386,False,False
fronto_d0.5,position,cnn_large,clean,1004,0.01,0.0625,0.9375,96,0.0005496589583344758,6.047437458329518e-05,nan,0.003341197967529297,0.24535201896818032,False,False
fronto_d0.5,position,cnn_large,clean,1005,0.01,0.0625,0.9375,96,0.0008085726876743138,0.00023708279093392976,nan,0.0007171630859375,0.24526662068653932,False,False
fronto_d0.5,position,cnn_large,clean,1006,0.01,0.0625,0.9375,96,0.0007566997082903981,0.000260018005588028,nan,0.0066547393798828125,0.24533404843456982,False,False
fronto_d0.5,position,cnn_large,clean,1007,0.01,0.08333333333333333,0.9166666666666666,96,0.000727977545466274,0.00014459779206942077,nan,0.00140380859375,0.2452364187972733,False,False
fronto_d0.5,position,cnn_large,clean,1008,0.01,0.052083333333333336,0.9479166666666666,96,0.0007246143068186939,0.00013790157891214392,nan,0.0018477439880371094,0.24530744423628384,False,False
fronto_d0.5,position,cnn_large,clean,1009,0.01,0.0625,0.9375,96,0.0007799240411259234,0.00012835733202558823,nan,0.004482269287109375,0.2453389258151858,False,False
fronto_d0.5,position,cnn_large,mixed,1000,0.01,0.3229166666666667,0.6770833333333334,96,0.00046927135554142296,0.00018779356693773331,nan,0.006300449371337891,0.24431046431404232,False,False
fronto_d0.5,position,cnn_large,mixed,1001,0.01,0.2708333333333333,0.7291666666666666,96,0.00029605653253383934,0.00015675840985656425,nan,0.002933502197265625,0.24436118916095656,False,False
fronto_d0.5,position,cnn_large,mixed,1002,0.01,0.0,1.0,96,0.20307089388370514,0.3147908160481703,nan,4.291534423828125e-06,0.0,True,True
fronto_d0.5,position,cnn_large,mixed,1003,0.01,0.2708333333333333,0.7291666666666666,96,0.0004978759097866714,0.00014033224063419485,nan,0.0016465187072753906,0.24438615623000232,False,False
fronto_d0.5,position,cnn_large,mixed,1004,0.01,0.2708333333333333,0.7291666666666666,96,0.0004177427326794714,0.00019390059822146002,nan,0.00041484832763671875,0.24448847697363554,False,False
fronto_d0.5,position,cnn_large,mixed,1005,0.01,0.3125,0.6875,96,0.0004228008911013603,0.00010982204686747433,nan,0.0018777847290039062,0.24435991218277842,False,False
fronto_d0.5,position,cnn_large,mixed,1006,0.01,0.0,1.0,96,0.20410528779029846,0.31479021563470666,nan,9.1552734375e-05,0.0,True,True
fronto_d0.5,position,cnn_large,mixed,1007,0.01,0.0,1.0,96,0.20434153079986572,0.31479216698483997,nan,9.012222290039062e-05,0.0,True,True
fronto_d0.5,position,cnn_large,mixed,1008,0.01,0.2708333333333333,0.7291666666666666,96,0.0004405614745337516,0.0002557241964700864,nan,0.0011959075927734375,0.24444805241877024,False,False
fronto_d0.5,position,cnn_large,mixed,1009,0.01,0.2708333333333333,0.7291666666666666,96,0.00034499482717365026,0.00015754794475362645,nan,0.0007352828979492188,0.24443462150030146,False,False
fronto_d0.5,position+both,free,clean,1000,0.05,0.0625,0.9375,96,0.007397770881652832,3.501862479359605e-07,nan,0.0011854171752929688,0.24535009728855364,False,False
fronto_d0.5,position+both,free,clean,1001,0.05,0.041666666666666664,0.9583333333333334,96,0.008466850034892559,3.3961687518631767e-07,nan,0.0026869773864746094,0.24501772250185713,False,False
fronto_d0.5,position+both,free,clean,1002,0.05,0.020833333333333332,0.9791666666666666,96,0.0071533238515257835,3.3858437190214036e-07,nan,0.00164031982421875,0.24530756550967453,False,False
fronto_d0.5,position+both,free,clean,1003,0.05,0.07291666666666667,0.9270833333333334,96,0.007441417779773474,3.259867019977463e-07,nan,0.0016732215881347656,0.24535939627244452,False,False
fronto_d0.5,position+both,free,clean,1004,0.05,0.08333333333333333,0.9166666666666666,96,0.00842053722590208,3.4028329613261367e-07,nan,0.0016303062438964844,0.2451588186946236,False,False
fronto_d0.5,position+both,free,clean,1005,0.05,0.10416666666666667,0.8958333333333334,96,0.008394353091716766,3.3966235451363054e-07,nan,0.0012049674987792969,0.24537358493918648,False,False
fronto_d0.5,position+both,free,clean,1006,0.05,0.0625,0.9375,96,0.007054300047457218,3.372053278986444e-07,nan,0.0042209625244140625,0.24538277896695204,False,False
fronto_d0.5,position+both,free,clean,1007,0.05,0.03125,0.96875,96,0.006989616900682449,3.529906822824371e-07,nan,0.0031890869140625,0.24552381434521073,False,False
fronto_d0.5,position+both,free,clean,1008,0.05,0.041666666666666664,0.9583333333333334,96,0.00740498211234808,3.483582794527201e-07,nan,0.0012307167053222656,0.24530359901128374,False,False
fronto_d0.5,position+both,free,clean,1009,0.05,0.09375,0.90625,96,0.0075940839014947414,3.4130311715749677e-07,nan,0.001926422119140625,0.24512176731208837,False,False
fronto_d0.5,position+both,free,mixed,1000,0.05,0.3125,0.6875,96,0.005585061851888895,3.5239943825933055e-07,nan,0.000896453857421875,0.24426460935876912,False,False
fronto_d0.5,position+both,free,mixed,1001,0.05,0.3125,0.6875,96,0.006380605977028608,3.4386564117283944e-07,nan,0.0008783340454101562,0.24383070234466925,False,False
fronto_d0.5,position+both,free,mixed,1002,0.05,0.2916666666666667,0.7083333333333334,96,0.005319403484463692,3.5086194350576037e-07,nan,0.0010728836059570312,0.24410101205443538,False,False
fronto_d0.5,position+both,free,mixed,1003,0.05,0.3333333333333333,0.6666666666666666,96,0.005660318769514561,3.519242648059777e-07,nan,0.001239776611328125,0.24424723699490825,False,False
fronto_d0.5,position+both,free,mixed,1004,0.05,0.3333333333333333,0.6666666666666666,96,0.0064193750731647015,3.290287811966275e-07,nan,0.0016388893127441406,0.24404945821872576,False,False
fronto_d0.5,position+both,free,mixed,1005,0.05,0.3541666666666667,0.6458333333333334,96,0.006337253376841545,3.407973652104019e-07,nan,0.0012259483337402344,0.2442812396457511,False,False
fronto_d0.5,position+both,free,mixed,1006,0.05,0.3020833333333333,0.6979166666666666,96,0.005264975596219301,3.508912920581752e-07,nan,0.0009970664978027344,0.244261546677647,False,False
fronto_d0.5,position+both,free,mixed,1007,0.05,0.3020833333333333,0.6979166666666666,96,0.005169894080609083,3.42447725299557e-07,nan,0.0006856918334960938,0.24440409634987023,False,False
fronto_d0.5,position+both,free,mixed,1008,0.05,0.3020833333333333,0.6979166666666666,96,0.005578543059527874,3.4476287855233926e-07,nan,0.0010118484497070312,0.24412101327209648,False,False
fronto_d0.5,position+both,free,mixed,1009,0.05,0.3229166666666667,0.6770833333333334,96,0.005766598973423243,3.486463773209435e-07,nan,0.0009813308715820312,0.2440186019523111,False,False
fronto_d0.5,position+both,cnn_small,clean,1000,0.01,0.010416666666666666,0.9895833333333334,96,0.0003897002316080034,6.225888031999701e-06,nan,0.01928424835205078,0.24559285835088243,False,False
fronto_d0.5,position+both,cnn_small,clean,1001,0.01,0.0,1.0,96,0.0005045341677032411,5.334157951496981e-06,nan,0.0013594627380371094,0.2455869912474602,False,False
fronto_d0.5,position+both,cnn_small,clean,1002,0.01,0.041666666666666664,0.9583333333333334,96,0.00181961536873132,2.8943606583544706e-05,nan,0.004730701446533203,0.2454431124105553,False,False
fronto_d0.5,position+both,cnn_small,clean,1003,0.01,0.052083333333333336,0.9479166666666666,96,0.0019147302955389023,9.724168847733367e-06,nan,0.0006165504455566406,0.2453663237916609,False,False
fronto_d0.5,position+both,cnn_small,clean,1004,0.01,0.041666666666666664,0.9583333333333334,96,0.0015055141411721706,9.90002727786711e-06,nan,0.0015482902526855469,0.24546621008388617,False,False
fronto_d0.5,position+both,cnn_small,clean,1005,0.01,0.041666666666666664,0.9583333333333334,96,0.0013340661535039544,2.0544863954572666e-05,nan,0.004116535186767578,0.24546199622417816,False,False
fronto_d0.5,position+both,cnn_small,clean,1006,0.01,0.052083333333333336,0.9479166666666666,96,0.002046681707724929,3.977441181840817e-06,nan,0.005576133728027344,0.24533375241905972,False,False
fronto_d0.5,position+both,cnn_small,clean,1007,0.01,0.020833333333333332,0.9791666666666666,96,0.0009738861117511988,5.426706545280692e-06,nan,0.006059169769287109,0.24552318732547596,False,False
fronto_d0.5,position+both,cnn_small,clean,1008,0.01,0.0,1.0,96,0.21417121589183807,0.3147914164633779,nan,2.384185791015625e-06,0.0,True,True
fronto_d0.5,position+both,cnn_small,clean,1009,0.01,0.03125,0.96875,96,0.0013194481143727899,1.7056191430197304e-05,nan,0.008378982543945312,0.24544272495598518,False,False
fronto_d0.5,position+both,cnn_small,mixed,1000,0.01,0.2916666666666667,0.7083333333333334,96,0.0002566297771409154,1.195795741348111e-05,nan,0.0005970001220703125,0.24443414088943913,False,False
fronto_d0.5,position+both,cnn_small,mixed,1001,0.01,0.28125,0.71875,96,0.00030053628142923117,1.3674622589964395e-05,nan,0.00047588348388671875,0.24444769675040545,False,False
fronto_d0.5,position+both,cnn_small,mixed,1002,0.01,0.2916666666666667,0.7083333333333334,96,0.0003568354295566678,9.623335836088911e-06,nan,0.0004901885986328125,0.24442831801728915,False,False
fronto_d0.5,position+both,cnn_small,mixed,1003,0.01,0.28125,0.71875,96,0.0003386764437891543,1.1320098803926453e-05,nan,0.0013670921325683594,0.24440131399166246,False,False
fronto_d0.5,position+both,cnn_small,mixed,1004,0.01,0.2916666666666667,0.7083333333333334,96,0.00039520199061371386,6.434831632337709e-06,nan,0.0009951591491699219,0.244431544595592,False,False
fronto_d0.5,position+both,cnn_small,mixed,1005,0.01,0.28125,0.71875,96,0.00032570745679549873,1.1047997387758805e-05,nan,0.0006761550903320312,0.24444431593344101,False,False
fronto_d0.5,position+both,cnn_small,mixed,1006,0.01,0.0,1.0,96,0.21341410279273987,0.31478931501778123,nan,0.0003752708435058594,0.0,True,True
fronto_d0.5,position+both,cnn_small,mixed,1007,0.01,0.28125,0.71875,96,0.0003216300974600017,4.963739816915466e-06,nan,0.0012035369873046875,0.24442447257217537,False,False
fronto_d0.5,position+both,cnn_small,mixed,1008,0.01,0.2916666666666667,0.7083333333333334,96,0.00032169753103516996,3.880236565884043e-06,nan,0.0003986358642578125,0.2444275662740789,False,False
fronto_d0.5,position+both,cnn_small,mixed,1009,0.01,0.28125,0.71875,96,0.00039528365596197546,6.414358713825585e-06,nan,0.0005254745483398438,0.24441882806590745,False,False
fronto_d0.5,position+both,cnn_large,clean,1000,0.01,0.0,1.0,96,0.21428050100803375,0.31479186677592813,nan,5.3882598876953125e-05,0.0,True,True
fronto_d0.5,position+both,cnn_large,clean,1001,0.01,0.010416666666666666,0.9895833333333334,96,0.0010805580532178283,0.00013295914195929088,nan,0.002616405487060547,0.24558284738974334,False,False
fronto_d0.5,position+both,cnn_large,clean,1002,0.01,0.0,1.0,96,0.0007828061934560537,6.843724768747148e-05,nan,0.0008707046508789062,0.24559095058037778,False,False
fronto_d0.5,position+both,cnn_large,clean,1003,0.01,0.0625,0.9375,96,0.003245516214519739,0.00025118661422001467,nan,0.0024843215942382812,0.24523643881775392,False,False
fronto_d0.5,position+both,cnn_large,clean,1004,0.01,0.0,1.0,96,0.0006112051196396351,5.284142708342481e-05,nan,0.0013575553894042969,0.2456124297475559,False,False
fronto_d0.5,position+both,cnn_large,clean,1005,0.01,0.0,1.0,96,0.0007734742248430848,0.00011312123615587941,nan,0.004870891571044922,0.24557937540256977,False,False
fronto_d0.5,position+both,cnn_large,clean,1006,0.01,0.0,1.0,96,0.0003676901396829635,2.2303790912275505e-05,nan,0.0011124610900878906,0.24563337585364792,False,False
fronto_d0.5,position+both,cnn_large,clean,1007,0.01,0.010416666666666666,0.9895833333333334,96,0.0009176951134577394,2.6715930455485925e-05,nan,0.012272834777832031,0.2455639844712458,False,False
fronto_d0.5,position+both,cnn_large,clean,1008,0.01,0.052083333333333336,0.9479166666666666,96,0.002329461742192507,6.383358239551536e-05,nan,0.002727508544921875,0.24533401535409627,False,False
fronto_d0.5,position+both,cnn_large,clean,1009,0.01,0.03125,0.96875,96,0.0012687582056969404,8.115470181863667e-05,nan,0.0018563270568847656,0.24550209105727439,False,False
fronto_d0.5,position+both,cnn_large,mixed,1000,0.01,0.28125,0.71875,96,0.0004045000532642007,4.603645107460242e-05,nan,0.0013446807861328125,0.24442499811670504,False,False
fronto_d0.5,position+both,cnn_large,mixed,1001,0.01,0.3125,0.6875,96,0.00089074153220281,5.018914995222613e-05,nan,0.0014405250549316406,0.24441297076370785,False,False
fronto_d0.5,position+both,cnn_large,mixed,1002,0.01,0.0,1.0,96,0.21238237619400024,0.31479156656745233,nan,0.0003485679626464844,0.0,True,True
fronto_d0.5,position+both,cnn_large,mixed,1003,0.01,0.2708333333333333,0.7291666666666666,96,0.0008355600875802338,5.7939730306374635e-05,nan,0.0009946823120117188,0.24440089469695495,False,False
fronto_d0.5,position+both,cnn_large,mixed,1004,0.01,0.2916666666666667,0.7083333333333334,96,0.00047647426254116,6.259470537332516e-05,nan,0.0004870891571044922,0.2444114610315931,False,False
fronto_d0.5,position+both,cnn_large,mixed,1005,0.01,0.0,1.0,96,0.21365177631378174,0.31479156656745233,nan,0.0004563331604003906,0.0,True,True
fronto_d0.5,position+both,cnn_large,mixed,1006,0.01,0.2916666666666667,0.7083333333333334,96,0.0022617813665419817,0.0004157868698219994,nan,0.0012063980102539062,0.24442157198316816,False,False
fronto_d0.5,position+both,cnn_large,mixed,1007,0.01,0.2708333333333333,0.7291666666666666,96,0.0004830155521631241,2.831357400501676e-05,nan,0.00067138671875,0.24442980528888092,False,False
fronto_d0.5,position+both,cnn_large,mixed,1008,0.01,0.0,1.0,96,0.21314667165279388,0.31479201688032954,nan,0.00012731552124023438,0.0,True,True
fronto_d0.5,position+both,cnn_large,mixed,1009,0.01,0.2708333333333333,0.7291666666666666,96,0.000592938857153058,6.098453981329329e-05,nan,0.0011091232299804688,0.24442209812020163,False,False
fronto_d0.5,position+conf,free,clean,1000,0.05,0.0,1.0,96,-1.115890383720398,9.736148087559178e-07,nan,0.0033559799194335938,0.2456591677857951,False,False
fronto_d0.5,position+conf,free,clean,1001,0.05,0.0,1.0,96,-1.115048885345459,9.736148087559178e-07,nan,0.003399372100830078,0.24528225922670938,False,False
fronto_d0.5,position+conf,free,clean,1002,0.05,0.0,1.0,96,-1.1153428554534912,9.736148087559178e-07,nan,0.003399372100830078,0.24540969691703302,False,False
fronto_d0.5,position+conf,free,clean,1003,0.05,0.0,1.0,96,-1.1171036958694458,9.736148087559178e-07,nan,0.0033559799194335938,0.24568979558174972,False,False
fronto_d0.5,position+conf,free,clean,1004,0.05,0.0,1.0,96,-1.1149197816848755,9.736148087559178e-07,nan,0.0022521018981933594,0.24562829528345398,False,False
fronto_d0.5,position+conf,free,clean,1005,0.05,0.0,1.0,96,-1.1153950691223145,9.736148087559178e-07,nan,0.003399372100830078,0.24581131842072962,False,False
fronto_d0.5,position+conf,free,clean,1006,0.05,0.0,1.0,96,-1.1163792610168457,9.736148087559178e-07,nan,0.0015735626220703125,0.24562838236674867,False,False
fronto_d0.5,position+conf,free,clean,1007,0.05,0.0,1.0,96,-1.1169317960739136,9.736148087559178e-07,nan,0.0033559799194335938,0.24575083948569026,False,False
fronto_d0.5,position+conf,free,clean,1008,0.05,0.0,1.0,96,-1.116136074066162,9.736148087559178e-07,nan,0.0022521018981933594,0.24550407309986,False,False
fronto_d0.5,position+conf,free,clean,1009,0.05,0.0,1.0,96,-1.115549087524414,9.736148087559178e-07,nan,0.003399372100830078,0.2455040407362062,False,False
fronto_d0.5,position+conf,free,mixed,1000,0.05,0.3020833333333333,0.6979166666666666,96,-1.1037631034851074,9.736148087559178e-07,nan,0.0016961097717285156,0.24445272569280488,False,False
fronto_d0.5,position+conf,free,mixed,1001,0.05,0.2916666666666667,0.7083333333333334,96,-1.102344036102295,9.736148087559178e-07,nan,0.0033969879150390625,0.24403637911514628,False,False
fronto_d0.5,position+conf,free,mixed,1002,0.05,0.2916666666666667,0.7083333333333334,96,-1.1033318042755127,9.736148087559178e-07,nan,0.0028052330017089844,0.24419298626817634,False,False
fronto_d0.5,position+conf,free,mixed,1003,0.05,0.2916666666666667,0.7083333333333334,96,-1.1040536165237427,9.736148087559178e-07,nan,0.0032210350036621094,0.2444634981268663,False,False
fronto_d0.5,position+conf,free,mixed,1004,0.05,0.2916666666666667,0.7083333333333334,96,-1.102285623550415,9.736148087559178e-07,nan,0.0031709671020507812,0.24440308561940766,False,False
fronto_d0.5,position+conf,free,mixed,1005,0.05,0.3020833333333333,0.6979166666666666,96,-1.1026227474212646,9.736148087559178e-07,nan,0.00342559814453125,0.2445930353066428,False,False
fronto_d0.5,position+conf,free,mixed,1006,0.05,0.2916666666666667,0.7083333333333334,96,-1.1043453216552734,9.736148087559178e-07,nan,0.0014085769653320312,0.24440848819268796,False,False
fronto_d0.5,position+conf,free,mixed,1007,0.05,0.2916666666666667,0.7083333333333334,96,-1.1045295000076294,9.736148087559178e-07,nan,0.002876758575439453,0.24455185380756395,False,False
fronto_d0.5,position+conf,free,mixed,1008,0.05,0.2916666666666667,0.7083333333333334,96,-1.1037837266921997,9.736148087559178e-07,nan,0.0019769668579101562,0.24426999764404347,False,False
fronto_d0.5,position+conf,free,mixed,1009,0.05,0.2916666666666667,0.7083333333333334,96,-1.1030468940734863,9.736148087559178e-07,nan,0.00292205810546875,0.24426994035080216,False,False
fronto_d0.5,position+conf,cnn_small,clean,1000,0.01,0.020833333333333332,0.9791666666666666,96,-0.9816311001777649,6.982281691927875e-06,nan,0.0032682418823242188,0.24551682108967118,False,False
fronto_d0.5,position+conf,cnn_small,clean,1001,0.01,0.041666666666666664,0.9583333333333334,96,-0.9608136415481567,2.3562010968512417e-05,nan,0.006358146667480469,0.24540310387721626,False,False
fronto_d0.5,position+conf,cnn_small,clean,1002,0.01,0.0625,0.9375,96,-0.8341673016548157,0.00017420075686212157,nan,0.005206108093261719,0.24525039645246313,False,False
fronto_d0.5,position+conf,cnn_small,clean,1003,0.01,0.1875,0.8125,96,-0.814761757850647,7.835467838441275e-05,nan,0.0014963150024414062,0.2445739461011814,False,False
fronto_d0.5,position+conf,cnn_small,clean,1004,0.01,0.052083333333333336,0.9479166666666666,96,-1.0168040990829468,3.544084039744586e-06,nan,0.0022325515747070312,0.24536690699784594,False,False
fronto_d0.5,position+conf,cnn_small,clean,1005,0.01,0.08333333333333333,0.9166666666666666,96,-0.9133681654930115,2.633095673959614e-06,nan,0.013772010803222656,0.24523481113752066,False,False
fronto_d0.5,position+conf,cnn_small,clean,1006,0.01,0.0625,0.9375,96,-0.8574308753013611,1.7141966279215202e-06,nan,0.0033936500549316406,0.2452576548362217,False,False
fronto_d0.5,position+conf,cnn_small,clean,1007,0.01,0.08333333333333333,0.9166666666666666,96,-0.7734391093254089,4.241409106391977e-05,nan,0.003876209259033203,0.24508051798914113,False,False
fronto_d0.5,position+conf,cnn_small,clean,1008,0.01,0.08333333333333333,0.9166666666666666,96,-1.049054503440857,6.004186956204593e-07,nan,0.0033330917358398438,0.24518305657809192,False,False
fronto_d0.5,position+conf,cnn_small,clean,1009,0.01,0.11458333333333333,0.8854166666666666,96,-0.9730594158172607,1.298556467377294e-05,nan,0.007128715515136719,0.24490577651824746,False,False
fronto_d0.5,position+conf,cnn_small,mixed,1000,0.01,0.28125,0.71875,96,-0.9686151146888733,1.742454731704574e-05,nan,0.002551555633544922,0.2444481986923149,False,False
fronto_d0.5,position+conf,cnn_small,mixed,1001,0.01,0.2708333333333333,0.7291666666666666,96,-0.9787083268165588,4.225169332120192e-05,nan,0.0008230209350585938,0.24443857195145036,False,False
fronto_d0.5,position+conf,cnn_small,mixed,1002,0.01,0.2916666666666667,0.7083333333333334,96,-0.7746891379356384,0.00018693119215304176,nan,0.0018362998962402344,0.24433213083100794,False,False
fronto_d0.5,position+conf,cnn_small,mixed,1003,0.01,0.2916666666666667,0.7083333333333334,96,-0.8574267625808716,3.581255314318113e-05,nan,0.0011801719665527344,0.2444735259438974,False,False
fronto_d0.5,position+conf,cnn_small,mixed,1004,0.01,0.2708333333333333,0.7291666666666666,96,-0.8860294818878174,2.986155718447166e-05,nan,0.002438068389892578,0.2444482571044364,False,False
fronto_d0.5,position+conf,cnn_small,mixed,1005,0.01,0.28125,0.71875,96,-0.8564234375953674,1.6299490676886703e-05,nan,0.001903533935546875,0.24441700106886102,False,False
fronto_d0.5,position+conf,cnn_small,mixed,1006,0.01,0.0,1.0,96,-0.3364321291446686,0.31479261729902513,nan,2.384185791015625e-05,0.0,True,True
fronto_d0.5,position+conf,cnn_small,mixed,1007,0.01,0.2708333333333333,0.7291666666666666,96,-0.763813853263855,3.555518818920063e-05,nan,0.0017027854919433594,0.24437809967209795,False,False
fronto_d0.5,position+conf,cnn_small,mixed,1008,0.01,0.2604166666666667,0.7395833333333334,96,-0.9586135149002075,6.712294466968763e-06,nan,0.0019373893737792969,0.24442955155233745,False,False
fronto_d0.5,position+conf,cnn_small,mixed,1009,0.01,0.28125,0.71875,96,-0.9018334150314331,5.777311927142101e-06,nan,0.0007991790771484375,0.24445881920065318,False,False
fronto_d0.5,position+conf,cnn_large,clean,1000,0.01,0.0,1.0,96,-0.08681906759738922,0.31479216698483997,nan,0.0003418922424316406,0.0,True,True
fronto_d0.5,position+conf,cnn_large,clean,1001,0.01,0.03125,0.96875,96,-0.8838807344436646,1.1955794843870877e-05,nan,0.030065536499023438,0.24547434462985449,False,False
fronto_d0.5,position+conf,cnn_large,clean,1002,0.01,0.0,1.0,96,-0.2000884860754013,0.31479186677592813,nan,0.00022602081298828125,0.0,True,True
fronto_d0.5,position+conf,cnn_large,clean,1003,0.01,0.09375,0.90625,96,-0.4380740523338318,0.00011651020049917254,nan,0.003986835479736328,0.24524097479613136,False,False
fronto_d0.5,position+conf,cnn_large,clean,1004,0.01,0.0,1.0,96,-0.19420917332172394,0.31479246719418774,nan,0.00020074844360351562,0.0,True,True
fronto_d0.5,position+conf,cnn_large,clean,1005,0.01,0.0,1.0,96,-0.18048444390296936,0.31479156656745233,nan,0.000247955322265625,0.0,True,True
fronto_d0.5,position+conf,cnn_large,clean,1006,0.01,0.0,1.0,96,-0.4034304618835449,0.3147923170894594,nan,9.298324584960938e-05,0.0,True,True
fronto_d0.5,position+conf,cnn_large,clean,1007,0.01,0.0,1.0,96,-0.42587709426879883,0.3147923170894594,nan,6.29425048828125e-05,0.0,True,True
fronto_d0.5,position+conf,cnn_large,clean,1008,0.01,0.09375,0.90625,96,-0.6021571755409241,0.00010143395832045464,nan,0.0017156600952148438,0.2451442913052092,False,False
fronto_d0.5,position+conf,cnn_large,clean,1009,0.01,0.13541666666666666,0.8645833333333334,96,-0.7988632917404175,0.00011093873081480704,nan,0.022553443908691406,0.244991220060687,False,False
fronto_d0.5,position+conf,cnn_large,mixed,1000,0.01,0.0,1.0,96,-0.1375577598810196,0.3147923170894594,nan,7.534027099609375e-05,0.0,True,True
fronto_d0.5,position+conf,cnn_large,mixed,1001,0.01,0.28125,0.71875,96,-0.826465904712677,7.933735470141387e-05,nan,0.0020856857299804688,0.24442497263142912,False,False
fronto_d0.5,position+conf,cnn_large,mixed,1002,0.01,0.3229166666666667,0.6770833333333334,96,-0.71739262342453,0.00010956156738192695,nan,0.004592418670654297,0.24425115751916127,False,False
fronto_d0.5,position+conf,cnn_large,mixed,1003,0.01,0.34375,0.65625,96,-0.6730698347091675,0.00014267703731704942,nan,0.0016112327575683594,0.24403350703039223,False,False
fronto_d0.5,position+conf,cnn_large,mixed,1004,0.01,0.0,1.0,96,-0.3480463922023773,0.3147923170894594,nan,0.00017690658569335938,0.0,True,True
fronto_d0.5,position+conf,cnn_large,mixed,1005,0.01,0.19791666666666666,0.8020833333333334,96,-0.6348950266838074,0.0005463985811243252,nan,0.0038285255432128906,0.24448896985889845,False,False
fronto_d0.5,position+conf,cnn_large,mixed,1006,0.01,0.0,1.0,96,-0.27241235971450806,0.3147923170894594,nan,4.76837158203125e-06,0.0,True,True
fronto_d0.5,position+conf,cnn_large,mixed,1007,0.01,0.0,1.0,96,-0.09723059087991714,0.31479246719418774,nan,8.7738037109375e-05,0.0,True,True
fronto_d0.5,position+conf,cnn_large,mixed,1008,0.01,0.3020833333333333,0.6979166666666666,96,-0.5941296815872192,2.4981428813283297e-05,nan,0.004384517669677734,0.24410978970554553,False,False
fronto_d0.5,position+conf,cnn_large,mixed,1009,0.01,0.0,1.0,96,0.21620166301727295,0.38846484218471855,nan,0.00015997886657714844,0.0,True,True
fronto_d0.5,position+conf_noclip,free,clean,1000,0.05,0.0,1.0,96,-0.5653945803642273,3.9972419999138093e-07,nan,0.004056453704833984,0.24565868156319728,False,False
fronto_d0.5,position+conf_noclip,free,clean,1001,0.05,0.0,1.0,96,-0.5645577907562256,3.9972419999138093e-07,nan,0.004056453704833984,0.24528182339034194,False,False
fronto_d0.5,position+conf_noclip,free,clean,1002,0.05,0.0,1.0,96,-0.5650254487991333,3.9972419999138093e-07,nan,0.004056453704833984,0.24540924879455625,False,False
fronto_d0.5,position+conf_noclip,free,clean,1003,0.05,0.0,1.0,96,-0.5657210350036621,3.9972419999138093e-07,nan,0.004056453704833984,0.245689341837645,False,False
fronto_d0.5,position+conf_noclip,free,clean,1004,0.05,0.0,1.0,96,-0.5646073818206787,3.9972419999138093e-07,nan,0.0013794898986816406,0.24562784712044192,False,False
fronto_d0.5,position+conf_noclip,free,clean,1005,0.05,0.0,1.0,96,-0.5647242069244385,3.9972419999138093e-07,nan,0.004056453704833984,0.2458108802824355,False,False
fronto_d0.5,position+conf_noclip,free,clean,1006,0.05,0.0,1.0,96,-0.5656968355178833,3.9972419999138093e-07,nan,0.00118255615234375,0.24562790127813636,False,False
fronto_d0.5,position+conf_noclip,free,clean,1007,0.05,0.0,1.0,96,-0.565898597240448,3.9972419999138093e-07,nan,0.004056453704833984,0.24575036679824924,False,False
fronto_d0.5,position+conf_noclip,free,clean,1008,0.05,0.0,1.0,96,-0.5654636025428772,3.9972419999138093e-07,nan,0.0013794898986816406,0.24550363220186183,False,False
fronto_d0.5,position+conf_noclip,free,clean,1009,0.05,0.0,1.0,96,-0.5650596022605896,3.9972419999138093e-07,nan,0.004056453704833984,0.2455035872221188,False,False
fronto_d0.5,position+conf_noclip,free,mixed,1000,0.05,0.3020833333333333,0.6979166666666666,96,-0.5608956813812256,3.9972419999138093e-07,nan,0.001367807388305664,0.24445225855732675,False,False
fronto_d0.5,position+conf_noclip,free,mixed,1001,0.05,0.2916666666666667,0.7083333333333334,96,-0.5596912503242493,3.9972419999138093e-07,nan,0.0028409957885742188,0.2440359378577383,False,False
fronto_d0.5,position+conf_noclip,free,mixed,1002,0.05,0.2916666666666667,0.7083333333333334,96,-0.5607572793960571,3.9972419999138093e-07,nan,0.0020618438720703125,0.244192533999133,False,False
fronto_d0.5,position+conf_noclip,free,mixed,1003,0.05,0.2916666666666667,0.7083333333333334,96,-0.5608382821083069,3.9972419999138093e-07,nan,0.003200531005859375,0.24446302340527237,False,False
fronto_d0.5,position+conf_noclip,free,mixed,1004,0.05,0.2916666666666667,0.7083333333333334,96,-0.5597820281982422,3.9972419999138093e-07,nan,0.0034332275390625,0.24440261392307858,False,False
fronto_d0.5,position+conf_noclip,free,mixed,1005,0.05,0.3020833333333333,0.6979166666666666,96,-0.5598655939102173,3.9972419999138093e-07,nan,0.0033750534057617188,0.24459256255949996,False,False
fronto_d0.5,position+conf_noclip,free,mixed,1006,0.05,0.2916666666666667,0.7083333333333334,96,-0.5612913370132446,3.9972419999138093e-07,nan,0.0018515586853027344,0.24440802795106145,False,False
fronto_d0.5,position+conf_noclip,free,mixed,1007,0.05,0.2916666666666667,0.7083333333333334,96,-0.5613926649093628,3.9972419999138093e-07,nan,0.0030417442321777344,0.24455136397738464,False,False
fronto_d0.5,position+conf_noclip,free,mixed,1008,0.05,0.2916666666666667,0.7083333333333334,96,-0.5608831644058228,3.9972419999138093e-07,nan,0.0029053688049316406,0.2442695301288786,False,False
fronto_d0.5,position+conf_noclip,free,mixed,1009,0.05,0.2916666666666667,0.7083333333333334,96,-0.5604471564292908,3.9972419999138093e-07,nan,0.0030975341796875,0.2442694675171573,False,False
fronto_d0.5,position+conf_noclip,cnn_small,clean,1000,0.01,0.052083333333333336,0.9479166666666666,96,-0.33967024087905884,5.485542446086439e-06,nan,0.002880096435546875,0.24538498891766392,False,False
fronto_d0.5,position+conf_noclip,cnn_small,clean,1001,0.01,0.052083333333333336,0.9479166666666666,96,-0.33563345670700073,8.708689457712422e-06,nan,0.004435062408447266,0.24538342766183957,False,False
fronto_d0.5,position+conf_noclip,cnn_small,clean,1002,0.01,0.0625,0.9375,96,-0.33530393242836,0.00013395277771579016,nan,0.003437042236328125,0.24528327935383903,False,False
fronto_d0.5,position+conf_noclip,cnn_small,clean,1003,0.01,0.041666666666666664,0.9583333333333334,96,-0.3347811996936798,1.4634330719849451e-05,nan,0.004001140594482422,0.24537794843156924,False,False
fronto_d0.5,position+conf_noclip,cnn_small,clean,1004,0.01,0.041666666666666664,0.9583333333333334,96,-0.3324874937534332,7.327824159008743e-06,nan,0.0021605491638183594,0.24547258834130914,False,False
fronto_d0.5,position+conf_noclip,cnn_small,clean,1005,0.01,0.052083333333333336,0.9479166666666666,96,-0.3345775306224823,1.639634975533272e-05,nan,0.0023708343505859375,0.2454234965228813,False,False
fronto_d0.5,position+conf_noclip,cnn_small,clean,1006,0.01,0.052083333333333336,0.9479166666666666,96,-0.33540940284729004,8.646827840278605e-07,nan,0.0026068687438964844,0.2454322641103701,False,False
fronto_d0.5,position+conf_noclip,cnn_small,clean,1007,0.01,0.020833333333333332,0.9791666666666666,96,-0.322731077671051,1.4000965957184313e-05,nan,0.003972053527832031,0.24553797666601707,False,False
fronto_d0.5,position+conf_noclip,cnn_small,clean,1008,0.01,0.08333333333333333,0.9166666666666666,96,-0.33429959416389465,3.7047000274055743e-07,nan,0.0011110305786132812,0.24522256887111468,False,False
fronto_d0.5,position+conf_noclip,cnn_small,clean,1009,0.01,0.0625,0.9375,96,-0.33805373311042786,2.1108523141439065e-05,nan,0.0036115646362304688,0.2453184240964852,False,False
fronto_d0.5,position+conf_noclip,cnn_small,mixed,1000,0.01,0.28125,0.71875,96,-0.3407476842403412,2.874606907316298e-06,nan,0.0003223419189453125,0.24443582614816392,False,False
fronto_d0.5,position+conf_noclip,cnn_small,mixed,1001,0.01,0.2708333333333333,0.7291666666666666,96,-0.33746933937072754,3.691307155548774e-06,nan,0.0015311241149902344,0.24443954160281967,False,False
fronto_d0.5,position+conf_noclip,cnn_small,mixed,1002,0.01,0.28125,0.71875,96,-0.3384931683540344,0.00015711187131803582,nan,0.0014853477478027344,0.2443894717610315,False,False
fronto_d0.5,position+conf_noclip,cnn_small,mixed,1003,0.01,0.28125,0.71875,96,-0.33625754714012146,3.0002858894037247e-05,nan,0.0014309883117675781,0.24436527181805373,False,False
fronto_d0.5,position+conf_noclip,cnn_small,mixed,1004,0.01,0.2708333333333333,0.7291666666666666,96,-0.3349561095237732,1.9354112067967153e-06,nan,0.0008387565612792969,0.24443371288551574,False,False
fronto_d0.5,position+conf_noclip,cnn_small,mixed,1005,0.01,0.2708333333333333,0.7291666666666666,96,-0.33891791105270386,8.501742172661409e-06,nan,0.0008378028869628906,0.24441036024369472,False,False
fronto_d0.5,position+conf_noclip,cnn_small,mixed,1006,0.01,0.0,1.0,96,-0.03964470699429512,0.31479156656745233,nan,0.0004973411560058594,0.0,True,True
fronto_d0.5,position+conf_noclip,cnn_small,mixed,1007,0.01,0.28125,0.71875,96,-0.32043707370758057,1.0865327751179732e-05,nan,0.0012121200561523438,0.24442084811820597,False,False
fronto_d0.5,position+conf_noclip,cnn_small,mixed,1008,0.01,0.2708333333333333,0.7291666666666666,96,-0.3331819474697113,1.5055892447707893e-05,nan,0.0008587837219238281,0.24441265313626748,False,False
fronto_d0.5,position+conf_noclip,cnn_small,mixed,1009,0.01,0.28125,0.71875,96,-0.3389039635658264,6.445332295671635e-06,nan,0.00031948089599609375,0.24443647363045082,False,False
fronto_d0.5,position+conf_noclip,cnn_large,clean,1000,0.01,0.0,1.0,96,0.028564734384417534,0.31479201688032954,nan,8.869171142578125e-05,0.0,True,True
fronto_d0.5,position+conf_noclip,cnn_large,clean,1001,0.01,0.041666666666666664,0.9583333333333334,96,-0.3376995921134949,4.284025930561276e-05,nan,0.006207466125488281,0.24544197938920953,False,False
fronto_d0.5,position+conf_noclip,cnn_large,clean,1002,0.01,0.0625,0.9375,96,-0.26969921588897705,0.00015348057858983216,nan,0.004918575286865234,0.24528709460128992,False,False
fronto_d0.5,position+conf_noclip,cnn_large,clean,1003,0.01,0.0625,0.9375,96,-0.30629727244377136,5.514205376739835e-05,nan,0.004826545715332031,0.24525946662289805,False,False
fronto_d0.5,position+conf_noclip,cnn_large,clean,1004,0.01,0.0,1.0,96,-0.03250354900956154,0.31479216698483997,nan,0.0001125335693359375,0.0,True,True
fronto_d0.5,position+conf_noclip,cnn_large,clean,1005,0.01,0.09375,0.90625,96,-0.3269535005092621,0.00018302787844077462,nan,0.003216266632080078,0.24518132347459196,False,False
fronto_d0.5,position+conf_noclip,cnn_large,clean,1006,0.01,0.0625,0.9375,96,-0.3297889232635498,0.00011687955014478664,nan,0.002681255340576172,0.2453748252382178,False,False
fronto_d0.5,position+conf_noclip,cnn_large,clean,1007,0.01,0.0625,0.9375,96,-0.320392370223999,5.4731133014412854e-05,nan,0.00898599624633789,0.24533774116261664,False,False
fronto_d0.5,position+conf_noclip,cnn_large,clean,1008,0.01,0.0,1.0,96,0.013439369387924671,0.3147923170894594,nan,0.0002155303955078125,0.0,True,True
fronto_d0.5,position+conf_noclip,cnn_large,clean,1009,0.01,0.16666666666666666,0.8333333333333334,96,-0.2704092562198639,0.00035257511658890427,nan,0.003942012786865234,0.24466506467614127,False,False
fronto_d0.5,position+conf_noclip,cnn_large,mixed,1000,0.01,0.3020833333333333,0.6979166666666666,96,-0.28888267278671265,7.14536787270637e-05,nan,0.0028314590454101562,0.24429329332971245,False,False
fronto_d0.5,position+conf_noclip,cnn_large,mixed,1001,0.01,0.28125,0.71875,96,-0.33115071058273315,9.738474703691432e-07,nan,0.003597259521484375,0.24434103845545593,False,False
fronto_d0.5,position+conf_noclip,cnn_large,mixed,1002,0.01,0.28125,0.71875,96,-0.26230132579803467,5.9850107586673326e-05,nan,0.0021529197692871094,0.24424870375992386,False,False
fronto_d0.5,position+conf_noclip,cnn_large,mixed,1003,0.01,0.2708333333333333,0.7291666666666666,96,-0.287625789642334,0.00018377535063699785,nan,0.0028028488159179688,0.24442415236587717,False,False
fronto_d0.5,position+conf_noclip,cnn_large,mixed,1004,0.01,0.0,1.0,96,-0.039474159479141235,0.31479216698483997,nan,0.00020933151245117188,0.0,True,True
fronto_d0.5,position+conf_noclip,cnn_large,mixed,1005,0.01,0.0,1.0,96,-0.025709064677357674,0.314792917509027,nan,0.000156402587890625,0.0,True,True
fronto_d0.5,position+conf_noclip,cnn_large,mixed,1006,0.01,0.28125,0.71875,96,-0.33237454295158386,2.6142924788197004e-05,nan,0.0030007362365722656,0.24440504114717812,False,False
fronto_d0.5,position+conf_noclip,cnn_large,mixed,1007,0.01,0.0,1.0,96,-0.03341241925954819,0.31479216698483997,nan,6.723403930664062e-05,0.0,True,True
fronto_d0.5,position+conf_noclip,cnn_large,mixed,1008,0.01,0.0,1.0,96,0.04199279099702835,0.31479216698483997,nan,4.291534423828125e-06,0.0,True,True
fronto_d0.5,position+conf_noclip,cnn_large,mixed,1009,0.01,0.0,1.0,96,0.017667649313807487,0.3147923170894594,nan,0.00024700164794921875,0.0,True,True
fronto_d0.5,position+grad,free,clean,1000,0.05,0.010416666666666666,0.9895833333333334,96,0.006451819092035294,3.4258301774914926e-07,nan,0.007343292236328125,0.24561306465201424,False,False
fronto_d0.5,position+grad,free,clean,1001,0.05,0.020833333333333332,0.9791666666666666,96,0.007382497191429138,3.3130560830406013e-07,nan,0.003551483154296875,0.24516560203017335,False,False
fronto_d0.5,position+grad,free,clean,1002,0.05,0.020833333333333332,0.9791666666666666,96,0.0061893463134765625,3.4979639598207824e-07,nan,0.0010170936584472656,0.24534313810873057,False,False
fronto_d0.5,position+grad,free,clean,1003,0.05,0.041666666666666664,0.9583333333333334,96,0.006537813693284988,3.5935855046763e-07,nan,0.0026998519897460938,0.24551079576129087,False,False
fronto_d0.5,position+grad,free,clean,1004,0.05,0.052083333333333336,0.9479166666666666,96,0.007408312521874905,3.5687121219620935e-07,nan,0.001965045928955078,0.24533344803256343,False,False
fronto_d0.5,position+grad,free,clean,1005,0.05,0.08333333333333333,0.9166666666666666,96,0.0074068401008844376,3.35843618387055e-07,nan,0.0016703605651855469,0.24543020439386704,False,False
fronto_d0.5,position+grad,free,clean,1006,0.05,0.0,1.0,96,0.006125801242887974,3.478109762404848e-07,nan,0.0015287399291992188,0.2455959949548077,False,False
fronto_d0.5,position+grad,free,clean,1007,0.05,0.020833333333333332,0.9791666666666666,96,0.006069159600883722,3.4335616591482955e-07,nan,0.0007429122924804688,0.24568405083911005,False,False
fronto_d0.5,position+grad,free,clean,1008,0.05,0.020833333333333332,0.9791666666666666,96,0.006425810977816582,3.625964015508687e-07,nan,0.0018014907836914062,0.24538855007882202,False,False
fronto_d0.5,position+grad,free,clean,1009,0.05,0.052083333333333336,0.9479166666666666,96,0.006682681851089001,3.2482371742219013e-07,nan,0.0031185150146484375,0.24522299702247213,False,False
fronto_d0.5,position+grad,free,mixed,1000,0.05,0.3020833333333333,0.6979166666666666,96,0.005377478431910276,3.417252609393272e-07,nan,0.0012731552124023438,0.24428944737069866,False,False
fronto_d0.5,position+grad,free,mixed,1001,0.05,0.3125,0.6875,96,0.006064819172024727,3.4085024007205927e-07,nan,0.0006704330444335938,0.24385299973010421,False,False
fronto_d0.5,position+grad,free,mixed,1002,0.05,0.2916666666666667,0.7083333333333334,96,0.005088647361844778,3.345148474453827e-07,nan,0.0012559890747070312,0.24411528678557237,False,False
fronto_d0.5,position+grad,free,mixed,1003,0.05,0.3229166666666667,0.6770833333333334,96,0.005453437101095915,3.4660238162409896e-07,nan,0.0008444786071777344,0.24426614948026926,False,False
fronto_d0.5,position+grad,free,mixed,1004,0.05,0.3333333333333333,0.6666666666666666,96,0.006174018606543541,3.4947978145334297e-07,nan,0.0016236305236816406,0.24408342867375435,False,False
fronto_d0.5,position+grad,free,mixed,1005,0.05,0.34375,0.65625,96,0.0060827117413282394,3.4324367986267585e-07,nan,0.0020685195922851562,0.24432174714391974,False,False
fronto_d0.5,position+grad,free,mixed,1006,0.05,0.3020833333333333,0.6979166666666666,96,0.0050707729533314705,3.3156193763316266e-07,nan,0.0014853477478027344,0.24427976217877445,False,False
fronto_d0.5,position+grad,free,mixed,1007,0.05,0.3020833333333333,0.6979166666666666,96,0.004977709613740444,3.528885627681402e-07,nan,0.0009093284606933594,0.24442873825065403,False,False
fronto_d0.5,position+grad,free,mixed,1008,0.05,0.3020833333333333,0.6979166666666666,96,0.005340679548680782,3.428534424862321e-07,nan,0.0019040107727050781,0.24414072006764861,False,False
fronto_d0.5,position+grad,free,mixed,1009,0.05,0.3125,0.6875,96,0.005546469707041979,3.6450129473889474e-07,nan,0.0009794235229492188,0.24403537587372776,False,False
fronto_d0.5,position+grad,cnn_small,clean,1000,0.01,0.010416666666666666,0.9895833333333334,96,0.0004961847444064915,6.238544106765349e-06,nan,0.0055103302001953125,0.24556494137427237,False,False
fronto_d0.5,position+grad,cnn_small,clean,1001,0.01,0.0,1.0,96,0.0004952390445396304,1.5760939470596496e-05,nan,0.0048847198486328125,0.24558995723240995,False,False
fronto_d0.5,position+grad,cnn_small,clean,1002,0.01,0.03125,0.96875,96,0.0018803542479872704,3.816757017784313e-05,nan,0.0019822120666503906,0.2454702144494938,False,False
fronto_d0.5,position+grad,cnn_small,clean,1003,0.01,0.052083333333333336,0.9479166666666666,96,0.0018270967993885279,1.7196356135816566e-05,nan,0.0009489059448242188,0.2453999226181291,False,False
fronto_d0.5,position+grad,cnn_small,clean,1004,0.01,0.020833333333333332,0.9791666666666666,96,0.001018752926029265,3.847944346310023e-06,nan,0.0027794837951660156,0.24552799340963477,False,False
fronto_d0.5,position+grad,cnn_small,clean,1005,0.01,0.041666666666666664,0.9583333333333334,96,0.0014244017656892538,2.208655698634394e-05,nan,0.0037946701049804688,0.24544900782533075,False,False
fronto_d0.5,position+grad,cnn_small,clean,1006,0.01,0.041666666666666664,0.9583333333333334,96,0.001932322047650814,2.9301003887406523e-05,nan,0.0018014907836914062,0.24537823073665668,False,False
fronto_d0.5,position+grad,cnn_small,clean,1007,0.01,0.010416666666666666,0.9895833333333334,96,0.0005460575921460986,1.981025340568247e-06,nan,0.007414817810058594,0.24557123849286358,False,False
fronto_d0.5,position+grad,cnn_small,clean,1008,0.01,0.0,1.0,96,0.21230292320251465,0.3147923170894594,nan,0.00016260147094726562,0.0,True,True
fronto_d0.5,position+grad,cnn_small,clean,1009,0.01,0.041666666666666664,0.9583333333333334,96,0.0014652120880782604,4.66682187462225e-06,nan,0.0012774467468261719,0.2453980355004856,False,False
fronto_d0.5,position+grad,cnn_small,mixed,1000,0.01,0.28125,0.71875,96,0.0002976130344904959,3.860053656842616e-06,nan,0.00027561187744140625,0.24442852781044935,False,False
fronto_d0.5,position+grad,cnn_small,mixed,1001,0.01,0.28125,0.71875,96,0.000258368207141757,4.535633705505008e-06,nan,0.0004749298095703125,0.24443344642546372,False,False
fronto_d0.5,position+grad,cnn_small,mixed,1002,0.01,0.28125,0.71875,96,0.000330818205839023,2.3181139613742304e-05,nan,0.0005688667297363281,0.2444203033356625,False,False
fronto_d0.5,position+grad,cnn_small,mixed,1003,0.01,0.2916666666666667,0.7083333333333334,96,0.0002717686293181032,6.589926098632635e-06,nan,0.0008454322814941406,0.24441320194413713,False,False
fronto_d0.5,position+grad,cnn_small,mixed,1004,0.01,0.2916666666666667,0.7083333333333334,96,0.0003670550649985671,8.62753238604759e-06,nan,0.0016016960144042969,0.24442368359598113,False,False
fronto_d0.5,position+grad,cnn_small,mixed,1005,0.01,0.28125,0.71875,96,0.00037835779949091375,2.398278786572108e-05,nan,0.0028696060180664062,0.24442816404472248,False,False
fronto_d0.5,position+grad,cnn_small,mixed,1006,0.01,0.0,1.0,96,0.21220821142196655,0.3147891649153418,nan,0.0005421638488769531,0.0,True,True
fronto_d0.5,position+grad,cnn_small,mixed,1007,0.01,0.2916666666666667,0.7083333333333334,96,0.0003109496901743114,2.274330935448972e-06,nan,0.0009307861328125,0.24443931442017505,False,False
fronto_d0.5,position+grad,cnn_small,mixed,1008,0.01,0.28125,0.71875,96,0.0002861160901375115,1.3909996238390612e-06,nan,0.0012788772583007812,0.24443046753077255,False,False
fronto_d0.5,position+grad,cnn_small,mixed,1009,0.01,0.28125,0.71875,96,0.0003840283025056124,6.839375479244183e-06,nan,0.0008554458618164062,0.24442194603313194,False,False
fronto_d0.5,position+grad,cnn_large,clean,1000,0.01,0.0,1.0,96,0.2124137282371521,0.31479216698483997,nan,0.00010728836059570312,0.0,True,True
fronto_d0.5,position+grad,cnn_large,clean,1001,0.01,0.020833333333333332,0.9791666666666666,96,0.0010212267516180873,2.9648789012170518e-05,nan,0.0034017562866210938,0.245531382234861,False,False
fronto_d0.5,position+grad,cnn_large,clean,1002,0.01,0.0,1.0,96,0.00042139936704188585,4.062034653961579e-05,nan,0.0009241104125976562,0.24562068699996384,False,False
fronto_d0.5,position+grad,cnn_large,clean,1003,0.01,0.020833333333333332,0.9791666666666666,96,0.0009138007881119847,6.25399014280004e-05,nan,0.006367683410644531,0.24554557791648984,False,False
fronto_d0.5,position+grad,cnn_large,clean,1004,0.01,0.0,1.0,96,0.0008183449972420931,4.258764052951288e-05,nan,0.0018014907836914062,0.24560239835812675,False,False
fronto_d0.5,position+grad,cnn_large,clean,1005,0.01,0.03125,0.96875,96,0.0015732564497739077,5.3061888694628784e-05,nan,0.0023779869079589844,0.24544977306005072,False,False
fronto_d0.5,position+grad,cnn_large,clean,1006,0.01,0.0,1.0,96,0.00046022667083889246,3.542108314474646e-05,nan,0.000736236572265625,0.24564088431908818,False,False
fronto_d0.5,position+grad,cnn_large,clean,1007,0.01,0.0,1.0,96,0.0011029242305085063,6.125932316427555e-05,nan,0.0015902519226074219,0.24559911451732042,False,False
fronto_d0.5,position+grad,cnn_large,clean,1008,0.01,0.041666666666666664,0.9583333333333334,96,0.0023434648755937815,4.884366267631086e-05,nan,0.0027256011962890625,0.24537719679243625,False,False
fronto_d0.5,position+grad,cnn_large,clean,1009,0.01,0.041666666666666664,0.9583333333333334,96,0.0017770460108295083,3.3630238025204054e-05,nan,0.0024890899658203125,0.24537252615385902,False,False
fronto_d0.5,position+grad,cnn_large,mixed,1000,0.01,0.28125,0.71875,96,0.0008289719698950648,3.037303197657253e-05,nan,0.0008440017700195312,0.24445198726356476,False,False
fronto_d0.5,position+grad,cnn_large,mixed,1001,0.01,0.2708333333333333,0.7291666666666666,96,0.00034564363886602223,0.0001000469844055231,nan,0.0005583763122558594,0.24442507834314586,False,False
fronto_d0.5,position+grad,cnn_large,mixed,1002,0.01,0.0,1.0,96,0.21117696166038513,0.31478991542862883,nan,3.814697265625e-05,0.0,True,True
fronto_d0.5,position+grad,cnn_large,mixed,1003,0.01,0.25,0.75,96,0.0009300920646637678,0.00019342967222325737,nan,0.0010509490966796875,0.2443668662534287,False,False
fronto_d0.5,position+grad,cnn_large,mixed,1004,0.01,0.2708333333333333,0.7291666666666666,96,0.0004724099417217076,9.042676682166806e-05,nan,0.0021729469299316406,0.24441119137567746,False,False
fronto_d0.5,position+grad,cnn_large,mixed,1005,0.01,0.2708333333333333,0.7291666666666666,96,0.001225348562002182,4.906573007485828e-05,nan,0.0006470680236816406,0.244387050809131,False,False
fronto_d0.5,position+grad,cnn_large,mixed,1006,0.01,0.25,0.75,96,0.0010725308675318956,0.00020498538414455932,nan,0.0015149116516113281,0.24439943930558813,False,False
fronto_d0.5,position+grad,cnn_large,mixed,1007,0.01,0.2708333333333333,0.7291666666666666,96,0.001016038004308939,6.67684141764364e-05,nan,0.001434326171875,0.24440292006852965,False,False
fronto_d0.5,position+grad,cnn_large,mixed,1008,0.01,0.0,1.0,96,0.21194030344486237,0.31479171667163575,nan,0.00045299530029296875,0.0,True,True
fronto_d0.5,position+grad,cnn_large,mixed,1009,0.01,0.3020833333333333,0.6979166666666666,96,0.0008034359780140221,0.0001240530315987179,nan,0.0009846687316894531,0.24432601453616887,False,False
fronto_d0.5,position+normal,free,clean,1000,0.05,0.07291666666666667,0.9270833333333334,96,0.002701772376894951,1.272456948066663e-06,nan,0.0019259452819824219,0.24517988060140702,False,False
fronto_d0.5,position+normal,free,clean,1001,0.05,0.09375,0.90625,96,0.0031480363104492426,1.2274543106993612e-06,nan,0.002655029296875,0.2448411434364902,False,False
fronto_d0.5,position+normal,free,clean,1002,0.05,0.052083333333333336,0.9479166666666666,96,0.002656846772879362,1.241344229110312e-06,nan,0.005669593811035156,0.245141414391682,False,False
fronto_d0.5,position+normal,free,clean,1003,0.05,0.10416666666666667,0.8958333333333334,96,0.0027054981328547,1.2551419725467823e-06,nan,0.0016469955444335938,0.245267385010828,False,False
fronto_d0.5,position+normal,free,clean,1004,0.05,0.13541666666666666,0.8645833333333334,96,0.0030939667485654354,1.217831594600787e-06,nan,0.0015177726745605469,0.24503966622327625,False,False
fronto_d0.5,position+normal,free,clean,1005,0.05,0.10416666666666667,0.8958333333333334,96,0.003082454204559326,1.1367720468457358e-06,nan,0.0038118362426757812,0.24525708384318362,False,False
fronto_d0.5,position+normal,free,clean,1006,0.05,0.08333333333333333,0.9166666666666666,96,0.002573689678683877,1.1999065941926203e-06,nan,0.00806283950805664,0.24524759798863002,False,False
fronto_d0.5,position+normal,free,clean,1007,0.05,0.07291666666666667,0.9270833333333334,96,0.002547772601246834,1.1876618228320249e-06,nan,0.0030226707458496094,0.2453749427967888,False,False
fronto_d0.5,position+normal,free,clean,1008,0.05,0.0625,0.9375,96,0.002740156836807728,1.2307741582414203e-06,nan,0.0014581680297851562,0.24508899520655705,False,False
fronto_d0.5,position+normal,free,clean,1009,0.05,0.10416666666666667,0.8958333333333334,96,0.002774640219286084,1.2299162556162972e-06,nan,0.0018267631530761719,0.24505964075873082,False,False
fronto_d0.5,position+normal,free,mixed,1000,0.05,0.3020833333333333,0.6979166666666666,96,0.002060357015579939,1.2187719375205935e-06,nan,0.00213623046875,0.24439055878375723,False,False
fronto_d0.5,position+normal,free,mixed,1001,0.05,0.3125,0.6875,96,0.0024762169923633337,1.179852129591549e-06,nan,0.0029439926147460938,0.24390444328597127,False,False
fronto_d0.5,position+normal,free,mixed,1002,0.05,0.3020833333333333,0.6979166666666666,96,0.001985573908314109,1.2349400815833025e-06,nan,0.0022644996643066406,0.24415318393744273,False,False
fronto_d0.5,position+normal,free,mixed,1003,0.05,0.3020833333333333,0.6979166666666666,96,0.0020955477375537157,1.239264433856071e-06,nan,0.004661083221435547,0.24437034696910653,False,False
fronto_d0.5,position+normal,free,mixed,1004,0.05,0.3229166666666667,0.6770833333333334,96,0.002414995338767767,1.2102612780575136e-06,nan,0.002884387969970703,0.24418972412527584,False,False
fronto_d0.5,position+normal,free,mixed,1005,0.05,0.3333333333333333,0.6666666666666666,96,0.002394142560660839,1.1894422931209502e-06,nan,0.005334377288818359,0.2443095416485171,False,False
fronto_d0.5,position+normal,free,mixed,1006,0.05,0.2916666666666667,0.7083333333333334,96,0.0019305683672428131,1.1911250068985967e-06,nan,0.0029354095458984375,0.24437364583342894,False,False
fronto_d0.5,position+normal,free,mixed,1007,0.05,0.3020833333333333,0.6979166666666666,96,0.0018991788383573294,1.2525569671675287e-06,nan,0.001964092254638672,0.24448562755852277,False,False
fronto_d0.5,position+normal,free,mixed,1008,0.05,0.3020833333333333,0.6979166666666666,96,0.002085958607494831,1.2456484158563816e-06,nan,0.0026760101318359375,0.2442074847778638,False,False
fronto_d0.5,position+normal,free,mixed,1009,0.05,0.3125,0.6875,96,0.0021490692161023617,1.2349671818660716e-06,nan,0.0022869110107421875,0.24412598527399948,False,False
fronto_d0.5,position+normal,cnn_small,clean,1000,0.01,0.07291666666666667,0.9270833333333334,96,0.0007299777353182435,1.6234740268331982e-05,nan,0.003139019012451172,0.24525920965268966,False,False
fronto_d0.5,position+normal,cnn_small,clean,1001,0.01,0.020833333333333332,0.9791666666666666,96,0.00023341173073276877,2.374688104427032e-05,nan,0.0013518333435058594,0.24556058109243764,False,False
fronto_d0.5,position+normal,cnn_small,clean,1002,0.01,0.041666666666666664,0.9583333333333334,96,0.0006999081233516335,4.779420366939582e-05,nan,0.00286865234375,0.24541073371536906,False,False
fronto_d0.5,position+normal,cnn_small,clean,1003,0.01,0.052083333333333336,0.9479166666666666,96,0.0007419611210934818,1.4170012144261879e-05,nan,0.0019941329956054688,0.24526255287013274,False,False
fronto_d0.5,position+normal,cnn_small,clean,1004,0.01,0.0625,0.9375,96,0.0007312811212614179,2.8591336482208142e-05,nan,0.0013427734375,0.24536807864734245,False,False
fronto_d0.5,position+normal,cnn_small,clean,1005,0.01,0.0625,0.9375,96,0.0007096839835867286,1.5300748192603354e-05,nan,0.0012388229370117188,0.24532852720017234,False,False
fronto_d0.5,position+normal,cnn_small,clean,1006,0.01,0.0625,0.9375,96,0.0007876928430050611,3.717430343796894e-05,nan,0.001965045928955078,0.24534835470147418,False,False
fronto_d0.5,position+normal,cnn_small,clean,1007,0.01,0.0625,0.9375,96,0.0007763527682982385,3.4039192008959075e-06,nan,0.0018553733825683594,0.24529941054370438,False,False
fronto_d0.5,position+normal,cnn_small,clean,1008,0.01,0.052083333333333336,0.9479166666666666,96,0.0005025620339438319,1.634553229205973e-06,nan,0.0005822181701660156,0.2453611892727076,False,False
fronto_d0.5,position+normal,cnn_small,clean,1009,0.01,0.052083333333333336,0.9479166666666666,96,0.0006043289322406054,5.6858984925901305e-05,nan,0.006173133850097656,0.2453450419526727,False,False
fronto_d0.5,position+normal,cnn_small,mixed,1000,0.01,0.28125,0.71875,96,0.0002005522110266611,7.10983473218097e-05,nan,0.0008358955383300781,0.2443883766301202,False,False
fronto_d0.5,position+normal,cnn_small,mixed,1001,0.01,0.2708333333333333,0.7291666666666666,96,9.373459761263803e-05,2.296255339148285e-05,nan,0.0014157295227050781,0.24445145287308645,False,False
fronto_d0.5,position+normal,cnn_small,mixed,1002,0.01,0.28125,0.71875,96,0.00022331185755319893,6.727079740274594e-05,nan,0.0011410713195800781,0.2443742069397373,False,False
fronto_d0.5,position+normal,cnn_small,mixed,1003,0.01,0.28125,0.71875,96,0.00019981707737315446,4.0437410267168104e-05,nan,0.0013260841369628906,0.24434573699845227,False,False
fronto_d0.5,position+normal,cnn_small,mixed,1004,0.01,0.2916666666666667,0.7083333333333334,96,0.00016497184697072953,1.5904331525953166e-05,nan,0.0007226467132568359,0.24440332794474567,False,False
fronto_d0.5,position+normal,cnn_small,mixed,1005,0.01,0.2708333333333333,0.7291666666666666,96,0.00021127902437001467,2.8443033672147097e-05,nan,0.0009775161743164062,0.24439390516731618,False,False
fronto_d0.5,position+normal,cnn_small,mixed,1006,0.01,0.2916666666666667,0.7083333333333334,96,0.00015284573601093143,1.1804693851352713e-05,nan,0.0018963813781738281,0.24440506106736967,False,False
fronto_d0.5,position+normal,cnn_small,mixed,1007,0.01,0.2916666666666667,0.7083333333333334,96,0.00015450140926986933,1.6399028325073197e-05,nan,0.0015044212341308594,0.24442083605060574,False,False
fronto_d0.5,position+normal,cnn_small,mixed,1008,0.01,0.28125,0.71875,96,0.00011600038851611316,3.458141578140885e-07,nan,0.0010747909545898438,0.24443509490187804,False,False
fronto_d0.5,position+normal,cnn_small,mixed,1009,0.01,0.2604166666666667,0.7395833333333334,96,0.00017364606901537627,3.294331984668358e-05,nan,0.0009882450103759766,0.24441987977628907,False,False
fronto_d0.5,position+normal,cnn_large,clean,1000,0.01,0.08333333333333333,0.9166666666666666,96,0.0011352670844644308,0.0003364852341763196,nan,0.0031003952026367188,0.2452224378181595,False,False
fronto_d0.5,position+normal,cnn_large,clean,1001,0.01,0.052083333333333336,0.9479166666666666,96,0.0007781082531437278,2.9396043473779096e-05,nan,0.0009627342224121094,0.24533185902656296,False,False
fronto_d0.5,position+normal,cnn_large,clean,1002,0.01,0.0,1.0,96,0.2045365273952484,0.31479216698483997,nan,0.0013608932495117188,0.0,True,True
fronto_d0.5,position+normal,cnn_large,clean,1003,0.01,0.0625,0.9375,96,0.0009763871203176677,9.897695012683011e-05,nan,0.003490924835205078,0.2452287234782112,False,False
fronto_d0.5,position+normal,cnn_large,clean,1004,0.01,0.11458333333333333,0.8854166666666666,96,0.001786098931916058,0.00046687318530728544,nan,0.0040073394775390625,0.24497756385092193,False,False
fronto_d0.5,position+normal,cnn_large,clean,1005,0.01,0.0625,0.9375,96,0.001124769332818687,0.00015051532426473525,nan,0.000942230224609375,0.24530509594253344,False,False
fronto_d0.5,position+normal,cnn_large,clean,1006,0.01,0.0625,0.9375,96,0.0008730301633477211,5.343615414877073e-05,nan,0.0013103485107421875,0.24532020903193646,False,False
fronto_d0.5,position+normal,cnn_large,clean,1007,0.01,0.052083333333333336,0.9479166666666666,96,0.0005952712381258607,0.0001238939078156491,nan,0.0007157325744628906,0.2453832431343171,False,False
fronto_d0.5,position+normal,cnn_large,clean,1008,0.01,0.0,1.0,96,0.20532579720020294,0.31479036573790903,nan,0.0011000633239746094,0.0,True,True
fronto_d0.5,position+normal,cnn_large,clean,1009,0.01,0.03125,0.96875,96,0.00047902902588248253,0.0001029625726255677,nan,0.0019135475158691406,0.24548808757669469,False,False
fronto_d0.5,position+normal,cnn_large,mixed,1000,0.01,0.2604166666666667,0.7395833333333334,96,0.0003669718571472913,0.00011903270104248992,nan,0.0005536079406738281,0.2444191133148219,False,False
fronto_d0.5,position+normal,cnn_large,mixed,1001,0.01,0.28125,0.71875,96,0.0003060156886931509,0.0002116872126049735,nan,0.0014510154724121094,0.24434256406848895,False,False
fronto_d0.5,position+normal,cnn_large,mixed,1002,0.01,0.0,1.0,96,0.20427894592285156,0.31478226032096346,nan,0.0002522468566894531,0.0,True,True
fronto_d0.5,position+normal,cnn_large,mixed,1003,0.01,0.28125,0.71875,96,0.0005242954357527196,0.00012962242732708282,nan,0.002185344696044922,0.24434227817573556,False,False
fronto_d0.5,position+normal,cnn_large,mixed,1004,0.01,0.0,1.0,96,0.20484289526939392,0.3147923170894594,nan,2.7179718017578125e-05,0.0,True,True
fronto_d0.5,position+normal,cnn_large,mixed,1005,0.01,0.2916666666666667,0.7083333333333334,96,0.000311689218506217,0.00013846900050854075,nan,0.000701904296875,0.24437089368806064,False,False
fronto_d0.5,position+normal,cnn_large,mixed,1006,0.01,0.2708333333333333,0.7291666666666666,96,0.000401300989324227,0.0003456603496077053,nan,0.0010328292846679688,0.2443212360446353,False,False
fronto_d0.5,position+normal,cnn_large,mixed,1007,0.01,0.2708333333333333,0.7291666666666666,96,0.0003405492170713842,0.00010351832478141107,nan,0.0012326240539550781,0.24437301228222819,False,False
fronto_d0.5,position+normal,cnn_large,mixed,1008,0.01,0.0,1.0,96,0.20504064857959747,0.3147900655316132,nan,0.00021266937255859375,0.0,True,True
fronto_d0.5,position+normal,cnn_large,mixed,1009,0.01,0.2708333333333333,0.7291666666666666,96,0.0004401980550028384,0.00011457989482219883,nan,0.0019145011901855469,0.2443543212983124,False,False
fronto_d0.5,position_squared,free,clean,1000,0.05,0.2604166666666667,0.7395833333333334,96,0.0006023438181728125,0.0,nan,0.0,0.24442238681240464,False,False
fronto_d0.5,position_squared,free,clean,1001,0.05,0.3125,0.6875,96,0.0006966146174818277,0.0,nan,0.0,0.24409475959688984,False,False
fronto_d0.5,position_squared,free,clean,1002,0.05,0.2916666666666667,0.7083333333333334,96,0.0006205728859640658,0.0,nan,0.0,0.24421018187511315,False,False
fronto_d0.5,position_squared,free,clean,1003,0.05,0.25,0.75,96,0.000601562496740371,0.0,nan,0.0,0.24444621439927822,False,False
fronto_d0.5,position_squared,free,clean,1004,0.05,0.3125,0.6875,96,0.0006781250122003257,0.0,nan,0.0,0.2441989885111602,False,False
fronto_d0.5,position_squared,free,clean,1005,0.05,0.3229166666666667,0.6770833333333334,96,0.0006802083807997406,0.0,nan,0.0,0.2443308371968689,False,False
fronto_d0.5,position_squared,free,clean,1006,0.05,0.22916666666666666,0.7708333333333334,96,0.0005750000127591193,0.0,nan,0.0,0.24449684030151425,False,False
fronto_d0.5,position_squared,free,clean,1007,0.05,0.23958333333333334,0.7604166666666666,96,0.0005695312283933163,0.0,nan,0.0,0.24454986101446158,False,False
fronto_d0.5,position_squared,free,clean,1008,0.05,0.2708333333333333,0.7291666666666666,96,0.0006070312228985131,0.0,nan,0.0,0.24439050896412498,False,False
fronto_d0.5,position_squared,free,clean,1009,0.05,0.28125,0.71875,96,0.0006286458228714764,0.0,nan,0.0,0.24424524559817956,False,False
fronto_d0.5,position_squared,free,mixed,1000,0.05,0.3541666666666667,0.6458333333333334,96,0.00023912756296340376,0.0,nan,0.0,0.24391618952078276,False,False
fronto_d0.5,position_squared,free,mixed,1001,0.05,0.3958333333333333,0.6041666666666666,96,0.000318234961014241,0.0,nan,0.0,0.24360119248854648,False,False
fronto_d0.5,position_squared,free,mixed,1002,0.05,0.3541666666666667,0.6458333333333334,96,0.0002573735546320677,0.0,nan,0.0,0.2436997879242033,False,False
fronto_d0.5,position_squared,free,mixed,1003,0.05,0.3541666666666667,0.6458333333333334,96,0.00024172662233468145,0.0,nan,0.0,0.2439292187743358,False,False
fronto_d0.5,position_squared,free,mixed,1004,0.05,0.3854166666666667,0.6145833333333334,96,0.00029342022025957704,0.0,nan,0.0,0.24372748984881384,False,False
fronto_d0.5,position_squared,free,mixed,1005,0.05,0.375,0.625,96,0.00029331122641451657,0.0,nan,0.0,0.2438577290563491,False,False
fronto_d0.5,position_squared,free,mixed,1006,0.05,0.3333333333333333,0.6666666666666666,96,0.00021966267377138138,0.0,nan,0.0,0.24397436792088006,False,False
fronto_d0.5,position_squared,free,mixed,1007,0.05,0.34375,0.65625,96,0.00021620249026454985,0.0,nan,0.0,0.24402148196194023,False,False
fronto_d0.5,position_squared,free,mixed,1008,0.05,0.3541666666666667,0.6458333333333334,96,0.00025168166030198336,0.0,nan,0.0,0.2438587408896292,False,False
fronto_d0.5,position_squared,free,mixed,1009,0.05,0.3541666666666667,0.6458333333333334,96,0.00025720609119161963,0.0,nan,0.0,0.24375334474229446,False,False
fronto_d0.5,position_squared,cnn_small,clean,1000,0.01,0.010416666666666666,0.9895833333333334,96,2.232877341157291e-05,4.4739322359622035e-05,nan,0.0009350776672363281,0.24558711270390043,False,False
fronto_d0.5,position_squared,cnn_small,clean,1001,0.01,0.041666666666666664,0.9583333333333334,96,6.619441410293803e-05,8.403309787465542e-05,nan,0.0005402565002441406,0.2455111027634779,False,False
fronto_d0.5,position_squared,cnn_small,clean,1002,0.01,0.010416666666666666,0.9895833333333334,96,3.1628020224161446e-05,0.00011860023689173284,nan,0.0011734962463378906,0.24558622765271676,False,False
fronto_d0.5,position_squared,cnn_small,clean,1003,0.01,0.0625,0.9375,96,8.685689681442454e-05,0.0001095858938735091,nan,0.0006990432739257812,0.2454891721372061,False,False
fronto_d0.5,position_squared,cnn_small,clean,1004,0.01,0.020833333333333332,0.9791666666666666,96,4.684580198954791e-05,0.00011963148458177302,nan,0.0009264945983886719,0.2455156662688467,False,False
fronto_d0.5,position_squared,cnn_small,clean,1005,0.01,0.08333333333333333,0.9166666666666666,96,0.00012140368926338851,0.0001259474898498386,nan,0.0009307861328125,0.24545420490635217,False,False
fronto_d0.5,position_squared,cnn_small,clean,1006,0.01,0.03125,0.96875,96,5.704374052584171e-05,7.470728690434697e-05,nan,0.0007014274597167969,0.24553560614070524,False,False
fronto_d0.5,position_squared,cnn_small,clean,1007,0.01,0.0625,0.9375,96,7.929091952973977e-05,6.265298160100483e-05,nan,0.0008034706115722656,0.24547325816828564,False,False
fronto_d0.5,position_squared,cnn_small,clean,1008,0.01,0.09375,0.90625,96,0.0001248759072041139,0.000275414930535274,nan,0.000484466552734375,0.2453814084280078,False,False
fronto_d0.5,position_squared,cnn_small,clean,1009,0.01,0.07291666666666667,0.9270833333333334,96,9.594173025107011e-05,0.00010031958508857786,nan,0.0006327629089355469,0.24541070121493705,False,False
fronto_d0.5,position_squared,cnn_small,mixed,1000,0.01,0.28125,0.71875,96,2.2391971015167655e-06,4.2569237576274095e-05,nan,4.1484832763671875e-05,0.24443483682717673,False,False
fronto_d0.5,position_squared,cnn_small,mixed,1001,0.01,0.2916666666666667,0.7083333333333334,96,1.648068518989021e-06,1.967313634102606e-05,nan,7.581710815429688e-05,0.2444538779047328,False,False
fronto_d0.5,position_squared,cnn_small,mixed,1002,0.01,0.2916666666666667,0.7083333333333334,96,4.773308432959311e-07,6.162959844090996e-05,nan,8.296966552734375e-05,0.2444130369543851,False,False
fronto_d0.5,position_squared,cnn_small,mixed,1003,0.01,0.2708333333333333,0.7291666666666666,96,3.0658950436190935e-06,4.220779886994023e-05,nan,2.765655517578125e-05,0.24442501241267417,False,False
fronto_d0.5,position_squared,cnn_small,mixed,1004,0.01,0.2708333333333333,0.7291666666666666,96,2.742946435319027e-06,0.00015343223144971622,nan,5.8650970458984375e-05,0.2444148757813515,False,False
fronto_d0.5,position_squared,cnn_small,mixed,1005,0.01,0.28125,0.71875,96,2.4039111394813517e-06,1.955551015642318e-05,nan,2.47955322265625e-05,0.24443346848583866,False,False
fronto_d0.5,position_squared,cnn_small,mixed,1006,0.01,0.28125,0.71875,96,2.530915253373678e-06,4.814845642694152e-05,nan,5.0067901611328125e-05,0.24442613444342176,False,False
fronto_d0.5,position_squared,cnn_small,mixed,1007,0.01,0.28125,0.71875,96,5.604404577752575e-06,0.00023063941593747946,nan,9.5367431640625e-05,0.24442629186166154,False,False
fronto_d0.5,position_squared,cnn_small,mixed,1008,0.01,0.28125,0.71875,96,5.04320587424445e-06,0.00026015094352881433,nan,0.00012445449829101562,0.24440125147372435,False,False
fronto_d0.5,position_squared,cnn_small,mixed,1009,0.01,0.28125,0.71875,96,2.8191630008223e-06,0.00010486439360366772,nan,3.910064697265625e-05,0.24442897201983324,False,False
fronto_d0.5,position_squared,cnn_large,clean,1000,0.01,0.03125,0.96875,96,3.9424772694474086e-05,0.000666953578213957,nan,0.0009593963623046875,0.24555927139077766,False,False
fronto_d0.5,position_squared,cnn_large,clean,1001,0.01,0.052083333333333336,0.9479166666666666,96,7.234346412587911e-05,0.0005013042159998795,nan,0.0021572113037109375,0.2454739817420022,False,False
fronto_d0.5,position_squared,cnn_large,clean,1002,0.01,0.03125,0.96875,96,5.189461080590263e-05,0.0005226004348539064,nan,0.0015225410461425781,0.24552145862866115,False,False
fronto_d0.5,position_squared,cnn_large,clean,1003,0.01,0.041666666666666664,0.9583333333333334,96,4.654343501897529e-05,0.0006139239038623213,nan,0.0017642974853515625,0.2455087327407763,False,False
fronto_d0.5,position_squared,cnn_large,clean,1004,0.01,0.0,1.0,96,0.060311250388622284,0.24462386672765551,nan,0.0,0.0,True,True
fronto_d0.5,position_squared,cnn_large,clean,1005,0.01,0.041666666666666664,0.9583333333333334,96,6.123541970737278e-05,0.0007273550082451702,nan,0.0028243064880371094,0.24547258983579429,False,False
fronto_d0.5,position_squared,cnn_large,clean,1006,0.01,0.0625,0.9375,96,0.00011382383672753349,0.0006967405736483032,nan,0.0029664039611816406,0.24538182389541374,False,False
fronto_d0.5,position_squared,cnn_large,clean,1007,0.01,0.0,1.0,96,1.5135508874664083e-05,0.0006355594593187172,nan,0.0015015602111816406,0.24559368599107684,False,False
fronto_d0.5,position_squared,cnn_large,clean,1008,0.01,0.0,1.0,96,0.06033376231789589,0.24462906791345135,nan,9.059906005859375e-06,0.0,True,True
fronto_d0.5,position_squared,cnn_large,clean,1009,0.01,0.041666666666666664,0.9583333333333334,96,5.816314660478383e-05,0.0007276800679670799,nan,0.0011563301086425781,0.2455006828016549,False,False
fronto_d0.5,position_squared,cnn_large,mixed,1000,0.01,0.2604166666666667,0.7395833333333334,96,4.387482022139011e-06,0.00031711671666016176,nan,0.00020551681518554688,0.2444295366050405,False,False
fronto_d0.5,position_squared,cnn_large,mixed,1001,0.01,0.2604166666666667,0.7395833333333334,96,8.21986122900853e-06,0.0004738587366251557,nan,0.000492095947265625,0.2444480159252005,False,False
fronto_d0.5,position_squared,cnn_large,mixed,1002,0.01,0.2708333333333333,0.7291666666666666,96,3.566864961612737e-06,0.000494408490367107,nan,0.0006604194641113281,0.24443237501124288,False,False
fronto_d0.5,position_squared,cnn_large,mixed,1003,0.01,0.25,0.75,96,5.105855052534025e-06,0.0004058398666723201,nan,0.0003075599670410156,0.2444092719474902,False,False
fronto_d0.5,position_squared,cnn_large,mixed,1004,0.01,0.0,1.0,96,0.059696491807699203,0.24463294098102364,nan,0.0,0.0,True,True
fronto_d0.5,position_squared,cnn_large,mixed,1005,0.01,0.0,1.0,96,0.05975990369915962,0.24464978044083852,nan,0.0,0.0,True,True
fronto_d0.5,position_squared,cnn_large,mixed,1006,0.01,0.28125,0.71875,96,3.745401045307517e-06,0.0002379828752179753,nan,0.00047969818115234375,0.2444409380035977,False,False
fronto_d0.5,position_squared,cnn_large,mixed,1007,0.01,0.28125,0.71875,96,1.9619151316874195e-06,0.0003395258373083413,nan,0.0003199577331542969,0.2444186405674698,False,False
fronto_d0.5,position_squared,cnn_large,mixed,1008,0.01,0.0,1.0,96,0.059718769043684006,0.24463727658492498,nan,8.106231689453125e-06,0.0,True,True
fronto_d0.5,position_squared,cnn_large,mixed,1009,0.01,0.2708333333333333,0.7291666666666666,96,3.4720380881481105e-06,0.0003805118965376532,nan,0.00033092498779296875,0.24441345371214585,False,False
fronto_d1.0,position,free,clean,1000,0.05,0.0,1.0,96,0.0035430884454399347,1.430511474609375e-06,3.9577484130859375e-05,0.0017573833465576172,0.491317646878153,False,False
fronto_d1.0,position,free,clean,1001,0.05,0.0,1.0,96,0.004220175556838512,1.430511474609375e-06,5.340576171875e-05,0.0017573833465576172,0.49056390770982966,False,False
fronto_d1.0,position,free,clean,1002,0.05,0.0,1.0,96,0.0034389225766062737,1.430511474609375e-06,5.125999450683594e-05,0.0017573833465576172,0.490818781472773,False,False
fronto_d1.0,position,free,clean,1003,0.05,0.0,1.0,96,0.0035821518395096064,1.430511474609375e-06,5.412101745605469e-05,0.0017573833465576172,0.49137900352156244,False,False
fronto_d1.0,position,free,clean,1004,0.05,0.0,1.0,96,0.004142051562666893,1.430511474609375e-06,5.340576171875e-05,0.001383066177368164,0.4912559888995281,False,False
fronto_d1.0,position,free,clean,1005,0.05,0.0,1.0,96,0.004168084356933832,1.430511474609375e-06,5.340576171875e-05,0.0017573833465576172,0.49162208331117024,False,False
fronto_d1.0,position,free,clean,1006,0.05,0.0,1.0,96,0.003334751119837165,1.430511474609375e-06,2.2411346435546875e-05,0.0008759498596191406,0.49125610068602044,False,False
fronto_d1.0,position,free,clean,1007,0.05,0.0,1.0,96,0.0033087115734815598,1.430511474609375e-06,4.124641418457031e-05,0.0017573833465576172,0.49150105640156516,False,False
fronto_d1.0,position,free,clean,1008,0.05,0.0,1.0,96,0.0035821478813886642,1.430511474609375e-06,5.340576171875e-05,0.001383066177368164,0.49100752836874395,False,False
fronto_d1.0,position,free,clean,1009,0.05,0.0,1.0,96,0.0036993417888879776,1.430511474609375e-06,5.173683166503906e-05,0.0017573833465576172,0.49100747375987425,False,False
fronto_d1.0,position,free,mixed,1000,0.05,0.3020833333333333,0.6979166666666666,96,0.0036736854817718267,1.430511474609375e-06,3.0517578125e-05,0.0006020069122314453,0.48890475974312575,False,False
fronto_d1.0,position,free,mixed,1001,0.05,0.2916666666666667,0.7083333333333334,96,0.0043029505759477615,1.430511474609375e-06,2.5510787963867188e-05,0.0006339550018310547,0.48807212555358315,False,False
fronto_d1.0,position,free,mixed,1002,0.05,0.2916666666666667,0.7083333333333334,96,0.003495659912005067,1.430511474609375e-06,4.172325134277344e-05,0.0014679431915283203,0.48838533711860005,False,False
fronto_d1.0,position,free,mixed,1003,0.05,0.2916666666666667,0.7083333333333334,96,0.0037442808970808983,1.430511474609375e-06,5.0067901611328125e-05,0.0019419193267822266,0.48892632875692155,False,False
fronto_d1.0,position,free,mixed,1004,0.05,0.2916666666666667,0.7083333333333334,96,0.0042935935780406,1.430511474609375e-06,5.1021575927734375e-05,0.0017826557159423828,0.4888055575208868,False,False
fronto_d1.0,position,free,mixed,1005,0.05,0.3020833333333333,0.6979166666666666,96,0.004251681733876467,1.430511474609375e-06,4.38690185546875e-05,0.0017306804656982422,0.48918551013176026,False,False
fronto_d1.0,position,free,mixed,1006,0.05,0.2916666666666667,0.7083333333333334,96,0.0034460220485925674,1.430511474609375e-06,2.193450927734375e-05,0.0015079975128173828,0.4888162912824475,False,False
fronto_d1.0,position,free,mixed,1007,0.05,0.2916666666666667,0.7083333333333334,96,0.003393730381503701,1.430511474609375e-06,4.839897155761719e-05,0.0016329288482666016,0.4891030683368343,False,False
fronto_d1.0,position,free,mixed,1008,0.05,0.2916666666666667,0.7083333333333334,96,0.003679784247651696,1.430511474609375e-06,3.6716461181640625e-05,0.0005955696105957031,0.4885393504903651,False,False
fronto_d1.0,position,free,mixed,1009,0.05,0.2916666666666667,0.7083333333333334,96,0.003828708315268159,1.430511474609375e-06,5.14984130859375e-05,0.001875162124633789,0.48853931088622654,False,False
fronto_d1.0,position,cnn_small,clean,1000,0.01,0.0625,0.9375,96,0.0012327933218330145,5.627105207279468e-05,nan,0.0010743141174316406,0.49058321329562665,False,False
fronto_d1.0,position,cnn_small,clean,1001,0.01,0.041666666666666664,0.9583333333333334,96,0.0009139850153587759,2.0900679027809393e-05,nan,0.0018839836120605469,0.4908709657294419,False,False
fronto_d1.0,position,cnn_small,clean,1002,0.01,0.09375,0.90625,96,0.0018021536525338888,0.00013172722134495308,nan,0.0011081695556640625,0.49026731665671847,False,False
fronto_d1.0,position,cnn_small,clean,1003,0.01,0.08333333333333333,0.9166666666666666,96,0.0016836090944707394,6.299065486205367e-05,nan,0.0020380020141601562,0.49028969204001577,False,False
fronto_d1.0,position,cnn_small,clean,1004,0.01,0.052083333333333336,0.9479166666666666,96,0.001356889377348125,0.00015248926030238133,nan,0.0034835338592529297,0.4906634497417204,False,False
fronto_d1.0,position,cnn_small,clean,1005,0.01,0.052083333333333336,0.9479166666666666,96,0.0011460232781246305,0.0001595614847559728,nan,0.0013630390167236328,0.49065397976622555,False,False
fronto_d1.0,position,cnn_small,clean,1006,0.01,0.0625,0.9375,96,0.001101064495742321,2.654812256876101e-05,nan,0.002217531204223633,0.49076562894544384,False,False
fronto_d1.0,position,cnn_small,clean,1007,0.01,0.052083333333333336,0.9479166666666666,96,0.001312709879130125,5.5825042890767627e-05,nan,0.0036323070526123047,0.49039895255713395,False,False
fronto_d1.0,position,cnn_small,clean,1008,0.01,0.08333333333333333,0.9166666666666666,96,0.001470731571316719,5.310888783923084e-06,nan,0.0009870529174804688,0.49037585234342385,False,False
fronto_d1.0,position,cnn_small,clean,1009,0.01,0.07291666666666667,0.9270833333333334,96,0.001329311984591186,8.682153197270573e-05,nan,0.0015044212341308594,0.49047887609991575,False,False
fronto_d1.0,position,cnn_small,mixed,1000,0.01,0.28125,0.71875,96,0.0003138702595606446,0.00012872340567677643,nan,0.000705718994140625,0.48881469677845824,False,False
fronto_d1.0,position,cnn_small,mixed,1001,0.01,0.2708333333333333,0.7291666666666666,96,0.000239401517319493,2.0186006291410328e-05,nan,0.0014840364456176758,0.4888635916506234,False,False
fronto_d1.0,position,cnn_small,mixed,1002,0.01,0.28125,0.71875,96,0.0003564383659977466,1.9089695386437556e-05,nan,0.0006096363067626953,0.4888254287205047,False,False
fronto_d1.0,position,cnn_small,mixed,1003,0.01,0.28125,0.71875,96,0.00034127544495277107,3.5271004377798296e-05,nan,0.002315521240234375,0.48874540164875524,False,False
fronto_d1.0,position,cnn_small,mixed,1004,0.01,0.28125,0.71875,96,0.0002912970958277583,0.00014601391422990634,nan,0.0006105899810791016,0.4888135436475821,False,False
fronto_d1.0,position,cnn_small,mixed,1005,0.01,0.2708333333333333,0.7291666666666666,96,0.0004029559204354882,7.224719619602655e-05,nan,0.0009248256683349609,0.48877618430820996,False,False
fronto_d1.0,position,cnn_small,mixed,1006,0.01,0.28125,0.71875,96,0.0003267502470407635,4.914351233484375e-05,nan,0.0018801689147949219,0.48880596133496595,False,False
fronto_d1.0,position,cnn_small,mixed,1007,0.01,0.2916666666666667,0.7083333333333334,96,0.0002401436649961397,2.139841228389166e-05,nan,0.0008213520050048828,0.48881298377328386,False,False
fronto_d1.0,position,cnn_small,mixed,1008,0.01,0.2708333333333333,0.7291666666666666,96,0.00036825425922870636,1.2886727651655683e-05,nan,0.0022652149200439453,0.4887612757070706,False,False
fronto_d1.0,position,cnn_small,mixed,1009,0.01,0.2708333333333333,0.7291666666666666,96,0.0003520095779094845,1.3274701237075268e-05,nan,0.0008161067962646484,0.48887056797831097,False,False
fronto_d1.0,position,cnn_large,clean,1000,0.01,0.0625,0.9375,96,0.0015507719945162535,0.0005441487673970518,nan,0.003686666488647461,0.49059062925310876,False,False
fronto_d1.0,position,cnn_large,clean,1001,0.01,0.03125,0.96875,96,0.0008798689814284444,0.00045460260218527134,nan,0.0023958683013916016,0.49088392216653065,False,False
fronto_d1.0,position,cnn_large,clean,1002,0.01,0.11458333333333333,0.8854166666666666,96,0.002448644256219268,0.00038393913705170004,nan,0.0038101673126220703,0.4900479693412501,False,False
fronto_d1.0,position,cnn_large,clean,1003,0.01,0.0,1.0,96,0.4073854088783264,0.629575327793886,nan,6.651878356933594e-05,0.0,True,True
fronto_d1.0,position,cnn_large,clean,1004,0.01,0.0625,0.9375,96,0.002015650738030672,0.0005974359728473103,nan,0.0014178752899169922,0.49044309612741266,False,False
fronto_d1.0,position,cnn_large,clean,1005,0.01,0.0625,0.9375,96,0.0014184118481352925,0.00020026624731598678,nan,0.003477334976196289,0.490502144661025,False,False
fronto_d1.0,position,cnn_large,clean,1006,0.01,0.041666666666666664,0.9583333333333334,96,0.001111087272875011,0.0003228114822592791,nan,0.0015158653259277344,0.49071358044459007,False,False
fronto_d1.0,position,cnn_large,clean,1007,0.01,0.07291666666666667,0.9270833333333334,96,0.001503212726674974,0.00029596185409671286,nan,0.002358675003051758,0.49041886079992797,False,False
fronto_d1.0,position,cnn_large,clean,1008,0.01,0.13541666666666666,0.8645833333333334,96,0.002895670011639595,0.0003595836111529572,nan,0.00496220588684082,0.48997433458817957,False,False
fronto_d1.0,position,cnn_large,clean,1009,0.01,0.0625,0.9375,96,0.0017810213612392545,0.0006947873990155455,nan,0.003057241439819336,0.4905016218925149,False,False
fronto_d1.0,position,cnn_large,mixed,1000,0.01,0.34375,0.65625,96,0.0012708216672763228,1.2804299878080157e-05,nan,0.0013871192932128906,0.4884973282795425,False,False
fronto_d1.0,position,cnn_large,mixed,1001,0.01,0.3333333333333333,0.6666666666666666,96,0.0006977604934945703,0.0003490450905155768,nan,0.0015377998352050781,0.4887547729248757,False,False
fronto_d1.0,position,cnn_large,mixed,1002,0.01,0.28125,0.71875,96,0.0018441426800563931,0.0017249851414807545,nan,0.004958391189575195,0.4883867578477783,False,False
fronto_d1.0,position,cnn_large,mixed,1003,0.01,0.0,1.0,96,0.40826407074928284,0.6295406558489889,nan,0.0019638538360595703,0.0,True,True
fronto_d1.0,position,cnn_large,mixed,1004,0.01,0.2604166666666667,0.7395833333333334,96,0.0010619527893140912,0.0002864529159318214,nan,0.002550840377807617,0.48870381970327603,False,False
fronto_d1.0,position,cnn_large,mixed,1005,0.01,0.3541666666666667,0.6458333333333334,96,0.0025030530523508787,0.0009508261302074922,nan,0.003917694091796875,0.48780042688332526,False,False
fronto_d1.0,position,cnn_large,mixed,1006,0.01,0.2708333333333333,0.7291666666666666,96,0.0008880734676495194,0.00034692191624861987,nan,0.0008409023284912109,0.4887963070298718,False,False
fronto_d1.0,position,cnn_large,mixed,1007,0.01,0.2708333333333333,0.7291666666666666,96,0.0007041546050459146,0.0003077763108640352,nan,0.002818584442138672,0.488868276644792,False,False
fronto_d1.0,position,cnn_large,mixed,1008,0.01,0.2708333333333333,0.7291666666666666,96,0.0007937984773889184,0.0003758246987864396,nan,0.002045154571533203,0.4888343053528257,False,False
fronto_d1.0,position,cnn_large,mixed,1009,0.01,0.3125,0.6875,96,0.0011378292692825198,0.0004058342800601351,nan,0.0017774105072021484,0.4886221766072864,False,False
fronto_d1.0,position+both,free,clean,1000,0.05,0.0625,0.9375,96,0.0154628437012434,3.5223868208446726e-07,nan,0.0009381771087646484,0.4905496573431069,False,False
fronto_d1.0,position+both,free,clean,1001,0.05,0.07291666666666667,0.9270833333333334,96,0.017701536417007446,3.5759907297866673e-07,nan,0.0025873184204101562,0.48994329925333563,False,False
fronto_d1.0,position+both,free,clean,1002,0.05,0.020833333333333332,0.9791666666666666,96,0.014993393793702126,3.41386079455312e-07,nan,0.0005631446838378906,0.49055972623630123,False,False
fronto_d1.0,position+both,free,clean,1003,0.05,0.07291666666666667,0.9270833333333334,96,0.015543138608336449,3.4495697238670295e-07,nan,0.00043702125549316406,0.4906381904373093,False,False
fronto_d1.0,position+both,free,clean,1004,0.05,0.08333333333333333,0.9166666666666666,96,0.017584752291440964,3.334433858471982e-07,nan,0.0013828277587890625,0.4902209288992898,False,False
fronto_d1.0,position+both,free,clean,1005,0.05,0.10416666666666667,0.8958333333333334,96,0.01753467693924904,3.5741904745704354e-07,nan,0.0028100013732910156,0.4906834557210957,False,False
fronto_d1.0,position+both,free,clean,1006,0.05,0.0625,0.9375,96,0.014763608574867249,3.5142647261091746e-07,nan,0.0006113052368164062,0.490718648843756,False,False
fronto_d1.0,position+both,free,clean,1007,0.05,0.041666666666666664,0.9583333333333334,96,0.014629949815571308,3.3878200552401306e-07,nan,0.0009872913360595703,0.49096030071664254,False,False
fronto_d1.0,position+both,free,clean,1008,0.05,0.041666666666666664,0.9583333333333334,96,0.015506542287766933,3.512579420631775e-07,nan,0.0008127689361572266,0.49054884692858436,False,False
fronto_d1.0,position+both,free,clean,1009,0.05,0.09375,0.90625,96,0.015868475660681725,3.5361734088272527e-07,nan,0.000423431396484375,0.4902142336594797,False,False
fronto_d1.0,position+both,free,mixed,1000,0.05,0.3125,0.6875,96,0.01139211468398571,3.4820305109917433e-07,nan,0.0012047290802001953,0.48851022060841753,False,False
fronto_d1.0,position+both,free,mixed,1001,0.05,0.3125,0.6875,96,0.013094544410705566,3.3878960451477323e-07,nan,0.0006661415100097656,0.48764259544070093,False,False
fronto_d1.0,position+both,free,mixed,1002,0.05,0.2916666666666667,0.7083333333333334,96,0.010882748290896416,3.576350672084913e-07,nan,0.0008983612060546875,0.4881930928747072,False,False
fronto_d1.0,position+both,free,mixed,1003,0.05,0.3333333333333333,0.6666666666666666,96,0.011545051820576191,3.4219955021815407e-07,nan,0.0006105899810791016,0.4884821878736634,False,False
fronto_d1.0,position+both,free,mixed,1004,0.05,0.3333333333333333,0.6666666666666666,96,0.013105853460729122,3.418307154275462e-07,nan,0.001050710678100586,0.4880837033330564,False,False
fronto_d1.0,position+both,free,mixed,1005,0.05,0.3541666666666667,0.6458333333333334,96,0.012949702329933643,3.4568757732640364e-07,nan,0.0006105899810791016,0.4885246279348507,False,False
fronto_d1.0,position+both,free,mixed,1006,0.05,0.3020833333333333,0.6979166666666666,96,0.010736661031842232,3.4809213132260445e-07,nan,0.0006184577941894531,0.48851240951747266,False,False
fronto_d1.0,position+both,free,mixed,1007,0.05,0.3020833333333333,0.6979166666666666,96,0.010544680058956146,3.5788692545462476e-07,nan,0.00058746337890625,0.4887939417915878,False,False
fronto_d1.0,position+both,free,mixed,1008,0.05,0.3020833333333333,0.6979166666666666,96,0.011408595368266106,3.30122370208846e-07,nan,0.0007355213165283203,0.48823099760440813,False,False
fronto_d1.0,position+both,free,mixed,1009,0.05,0.3229166666666667,0.6770833333333334,96,0.011771278455853462,3.4783318095686507e-07,nan,0.0010633468627929688,0.4880333883552755,False,False
fronto_d1.0,position+both,cnn_small,clean,1000,0.01,0.052083333333333336,0.9479166666666666,96,0.003575448878109455,2.4652057470282626e-05,nan,0.004235267639160156,0.49075563435580044,False,False
fronto_d1.0,position+both,cnn_small,clean,1001,0.01,0.03125,0.96875,96,0.0024545963387936354,3.22684379556045e-05,nan,0.0018067359924316406,0.4910217337834626,False,False
fronto_d1.0,position+both,cnn_small,clean,1002,0.01,0.041666666666666664,0.9583333333333334,96,0.0037161882501095533,8.045785989743289e-05,nan,0.0014225244522094727,0.4907607576251763,False,False
fronto_d1.0,position+both,cnn_small,clean,1003,0.01,0.041666666666666664,0.9583333333333334,96,0.003263506107032299,4.2500861552398843e-05,nan,0.0015413761138916016,0.4909190728156385,False,False
fronto_d1.0,position+both,cnn_small,clean,1004,0.01,0.0,1.0,96,0.0011553183430805802,2.464452854214808e-05,nan,0.006894826889038086,0.4912117118691222,False,False
fronto_d1.0,position+both,cnn_small,clean,1005,0.01,0.052083333333333336,0.9479166666666666,96,0.004730535671114922,3.5298458220066566e-05,nan,0.0009829998016357422,0.4906281630052095,False,False
fronto_d1.0,position+both,cnn_small,clean,1006,0.01,0.041666666666666664,0.9583333333333334,96,0.0031911879777908325,8.930006408540762e-06,nan,0.00879049301147461,0.49084546984348293,False,False
fronto_d1.0,position+both,cnn_small,clean,1007,0.01,0.020833333333333332,0.9791666666666666,96,0.001335812732577324,5.211799951264768e-05,nan,0.004494190216064453,0.49108250334753695,False,False
fronto_d1.0,position+both,cnn_small,clean,1008,0.01,0.0,1.0,96,0.4297904670238495,0.6295846341789187,nan,0.0002567768096923828,0.0,True,True
fronto_d1.0,position+both,cnn_small,clean,1009,0.01,0.03125,0.96875,96,0.0022209682501852512,1.4008182485501684e-05,nan,0.00348663330078125,0.49096788697137483,False,False
fronto_d1.0,position+both,cnn_small,mixed,1000,0.01,0.28125,0.71875,96,0.0005848155706189573,3.193021545452439e-05,nan,0.0008285045623779297,0.488839262389395,False,False
fronto_d1.0,position+both,cnn_small,mixed,1001,0.01,0.28125,0.71875,96,0.0005986273172311485,1.7878776107654015e-05,nan,0.0011625289916992188,0.4888598514209098,False,False
fronto_d1.0,position+both,cnn_small,mixed,1002,0.01,0.28125,0.71875,96,0.000725038000382483,3.629406089070454e-05,nan,0.0004687309265136719,0.4888550660881452,False,False
fronto_d1.0,position+both,cnn_small,mixed,1003,0.01,0.28125,0.71875,96,0.0007424388313665986,5.186935134750158e-05,nan,0.00041031837463378906,0.4888316720144434,False,False
fronto_d1.0,position+both,cnn_small,mixed,1004,0.01,0.2916666666666667,0.7083333333333334,96,0.0005653661210089922,2.5311657111190794e-05,nan,0.00037288665771484375,0.48886235798030725,False,False
fronto_d1.0,position+both,cnn_small,mixed,1005,0.01,0.28125,0.71875,96,0.0006506934878416359,4.647264213627532e-05,nan,0.0010454654693603516,0.4888576434094592,False,False
fronto_d1.0,position+both,cnn_small,mixed,1006,0.01,0.0,1.0,96,0.42822763323783875,0.6295841838651423,nan,2.2172927856445312e-05,0.0,True,True
fronto_d1.0,position+both,cnn_small,mixed,1007,0.01,0.2916666666666667,0.7083333333333334,96,0.0006030189106240869,3.360434767863344e-06,nan,0.0005202293395996094,0.48888020651878844,False,False
fronto_d1.0,position+both,cnn_small,mixed,1008,0.01,0.28125,0.71875,96,0.0006109524983912706,1.6965671490489813e-05,nan,0.001088857650756836,0.48885326314390254,False,False
fronto_d1.0,position+both,cnn_small,mixed,1009,0.01,0.2916666666666667,0.7083333333333334,96,0.000623030646238476,3.4045643508441036e-05,nan,0.0006475448608398438,0.48887359466358893,False,False
fronto_d1.0,position+both,cnn_large,clean,1000,0.01,0.052083333333333336,0.9479166666666666,96,0.0038422008510679007,0.00043308392808385875,nan,0.003893613815307617,0.4905798632315577,False,False
fronto_d1.0,position+both,cnn_large,clean,1001,0.01,0.0,1.0,96,0.002325385110452771,0.00015998113670381974,nan,0.0003154277801513672,0.49125747786988616,False,False
fronto_d1.0,position+both,cnn_large,clean,1002,0.01,0.0,1.0,96,0.0012627511750906706,0.0001377461115755141,nan,0.0036487579345703125,0.4912447428568044,False,False
fronto_d1.0,position+both,cnn_large,clean,1003,0.01,0.020833333333333332,0.9791666666666666,96,0.0026423197705298662,0.00023724176034327138,nan,0.0047607421875,0.4910503075089372,False,False
fronto_d1.0,position+both,cnn_large,clean,1004,0.01,0.020833333333333332,0.9791666666666666,96,0.004100604448467493,0.0003256976372698044,nan,0.0038547515869140625,0.4910348479467874,False,False
fronto_d1.0,position+both,cnn_large,clean,1005,0.01,0.0,1.0,96,0.43085968494415283,0.6295814819927839,nan,5.269050598144531e-05,0.0,True,True
fronto_d1.0,position+both,cnn_large,clean,1006,0.01,0.08333333333333333,0.9166666666666666,96,0.007240542210638523,6.857900583058346e-05,nan,0.0015671253204345703,0.4902762202956928,False,False
fronto_d1.0,position+both,cnn_large,clean,1007,0.01,0.0,1.0,96,0.43068015575408936,0.6295834333432715,nan,0.00018548965454101562,0.0,True,True
fronto_d1.0,position+both,cnn_large,clean,1008,0.01,0.010416666666666666,0.9895833333333334,96,0.0019627443980425596,0.00010705133929496143,nan,0.0028138160705566406,0.4911798279528022,False,False
fronto_d1.0,position+both,cnn_large,clean,1009,0.01,0.0625,0.9375,96,0.005887171253561974,0.0010846231880433806,nan,0.00331878662109375,0.4906163048739418,False,False
fronto_d1.0,position+both,cnn_large,mixed,1000,0.01,0.2708333333333333,0.7291666666666666,96,0.0011331775458529592,0.00013132160913277018,nan,0.000568389892578125,0.48880694194210417,False,False
fronto_d1.0,position+both,cnn_large,mixed,1001,0.01,0.3125,0.6875,96,0.0010737957200035453,0.00012285376309189065,nan,0.0010118484497070312,0.48870471271027016,False,False
fronto_d1.0,position+both,cnn_large,mixed,1002,0.01,0.28125,0.71875,96,0.000877757731359452,0.00014050353512975598,nan,0.0006575584411621094,0.48885040679004654,False,False
fronto_d1.0,position+both,cnn_large,mixed,1003,0.01,0.2708333333333333,0.7291666666666666,96,0.001047469675540924,7.834437294528339e-05,nan,0.0006573200225830078,0.4888603684889519,False,False
fronto_d1.0,position+both,cnn_large,mixed,1004,0.01,0.3125,0.6875,96,0.0012979722814634442,0.00014970259354871418,nan,0.0005381107330322266,0.4887447427133687,False,False
fronto_d1.0,position+both,cnn_large,mixed,1005,0.01,0.2916666666666667,0.7083333333333334,96,0.0010371959069743752,9.158061368057878e-05,nan,0.0017251968383789062,0.48880294041186945,False,False
fronto_d1.0,position+both,cnn_large,mixed,1006,0.01,0.2604166666666667,0.7395833333333334,96,0.00281324191018939,0.0004002201985520182,nan,0.0012471675872802734,0.48881235954244745,False,False
fronto_d1.0,position+both,cnn_large,mixed,1007,0.01,0.2708333333333333,0.7291666666666666,96,0.0008893003687262535,2.4139588281380912e-05,nan,0.0014946460723876953,0.4888887416703755,False,False
fronto_d1.0,position+both,cnn_large,mixed,1008,0.01,0.2916666666666667,0.7083333333333334,96,0.0008201729506254196,7.078906725225679e-05,nan,0.0006191730499267578,0.4887847602021178,False,False
fronto_d1.0,position+both,cnn_large,mixed,1009,0.01,0.3125,0.6875,96,0.0011697927257046103,4.320259838185086e-05,nan,0.0009813308715820312,0.4887192979853785,False,False
fronto_d1.0,position+conf,free,clean,1000,0.05,0.0,1.0,96,-1.093432903289795,1.548790200460626e-06,nan,0.001710653305053711,0.491316390110285,False,False
fronto_d1.0,position+conf,free,clean,1001,0.05,0.0,1.0,96,-1.092481255531311,1.548790200460626e-06,nan,0.001710653305053711,0.49056268199375136,False,False
fronto_d1.0,position+conf,free,clean,1002,0.05,0.0,1.0,96,-1.0929754972457886,1.548790200460626e-06,nan,0.001710653305053711,0.49081750915062106,False,False
fronto_d1.0,position+conf,free,clean,1003,0.05,0.0,1.0,96,-1.0948411226272583,1.548790200460626e-06,nan,0.001710653305053711,0.4913777215567107,False,False
fronto_d1.0,position+conf,free,clean,1004,0.05,0.0,1.0,96,-1.0922870635986328,1.548790200460626e-06,nan,0.0006248950958251953,0.4912547614399944,False,False
fronto_d1.0,position+conf,free,clean,1005,0.05,0.0,1.0,96,-1.0928447246551514,1.548790200460626e-06,nan,0.001710653305053711,0.49162084312902293,False,False
fronto_d1.0,position+conf,free,clean,1006,0.05,0.0,1.0,96,-1.093990683555603,1.548790200460626e-06,nan,0.0004773139953613281,0.49125485091652665,False,False
fronto_d1.0,position+conf,free,clean,1007,0.05,0.0,1.0,96,-1.094645380973816,1.548790200460626e-06,nan,0.001710653305053711,0.4914997786812754,False,False
fronto_d1.0,position+conf,free,clean,1008,0.05,0.0,1.0,96,-1.0937174558639526,1.548790200460626e-06,nan,0.0006248950958251953,0.4910062740709279,False,False
fronto_d1.0,position+conf,free,clean,1009,0.05,0.0,1.0,96,-1.0930888652801514,1.548790200460626e-06,nan,0.001710653305053711,0.4910062254264056,False,False
fronto_d1.0,position+conf,free,mixed,1000,0.05,0.3020833333333333,0.6979166666666666,96,-1.0798882246017456,1.548790200460626e-06,nan,0.0011599063873291016,0.48890352316346064,False,False
fronto_d1.0,position+conf,free,mixed,1001,0.05,0.2916666666666667,0.7083333333333334,96,-1.0784143209457397,1.548790200460626e-06,nan,0.0017895698547363281,0.4880708454896071,False,False
fronto_d1.0,position+conf,free,mixed,1002,0.05,0.2916666666666667,0.7083333333333334,96,-1.0794402360916138,1.548790200460626e-06,nan,0.0013308525085449219,0.48838408688908114,False,False
fronto_d1.0,position+conf,free,mixed,1003,0.05,0.2916666666666667,0.7083333333333334,96,-1.0802855491638184,1.548790200460626e-06,nan,0.0019409656524658203,0.48892510204680684,False,False
fronto_d1.0,position+conf,free,mixed,1004,0.05,0.2916666666666667,0.7083333333333334,96,-1.078302264213562,1.548790200460626e-06,nan,0.0018224716186523438,0.48880427479888977,False,False
fronto_d1.0,position+conf,free,mixed,1005,0.05,0.3020833333333333,0.6979166666666666,96,-1.078725814819336,1.548790200460626e-06,nan,0.001821279525756836,0.4891842076095249,False,False
fronto_d1.0,position+conf,free,mixed,1006,0.05,0.2916666666666667,0.7083333333333334,96,-1.0805232524871826,1.548790200460626e-06,nan,0.0008568763732910156,0.48881505471196973,False,False
fronto_d1.0,position+conf,free,mixed,1007,0.05,0.2916666666666667,0.7083333333333334,96,-1.0807263851165771,1.548790200460626e-06,nan,0.0012655258178710938,0.48910181355059007,False,False
fronto_d1.0,position+conf,free,mixed,1008,0.05,0.2916666666666667,0.7083333333333334,96,-1.0798892974853516,1.548790200460626e-06,nan,0.0013537406921386719,0.4885380991261183,False,False
fronto_d1.0,position+conf,free,mixed,1009,0.05,0.2916666666666667,0.7083333333333334,96,-1.0791406631469727,1.548790200460626e-06,nan,0.0018470287322998047,0.4885380436968996,False,False
fronto_d1.0,position+conf,cnn_small,clean,1000,0.01,0.08333333333333333,0.9166666666666666,96,-0.7755687832832336,7.386218017408678e-05,nan,0.005493640899658203,0.4903593722112328,False,False
fronto_d1.0,position+conf,cnn_small,clean,1001,0.01,0.0,1.0,96,-0.06851010769605637,0.6290967686054686,nan,5.7697296142578125e-05,0.00039241484590449765,True,True
fronto_d1.0,position+conf,cnn_small,clean,1002,0.01,0.09375,0.90625,96,-0.7172478437423706,0.0001692604032088676,nan,0.005987405776977539,0.4900829339588544,False,False
fronto_d1.0,position+conf,cnn_small,clean,1003,0.01,0.10416666666666667,0.8958333333333334,96,-0.7752190232276917,6.314799162551241e-05,nan,0.0016759634017944336,0.48995258905927236,False,False
fronto_d1.0,position+conf,cnn_small,clean,1004,0.01,0.0625,0.9375,96,-0.6741161942481995,0.00010826773819477186,nan,0.0018832683563232422,0.4904760933351387,False,False
fronto_d1.0,position+conf,cnn_small,clean,1005,0.01,0.07291666666666667,0.9270833333333334,96,-0.6774997115135193,6.641163648312986e-05,nan,0.0011489391326904297,0.49047580194576573,False,False
fronto_d1.0,position+conf,cnn_small,clean,1006,0.01,0.08333333333333333,0.9166666666666666,96,-0.6701430678367615,4.2275878127465136e-05,nan,0.0035750865936279297,0.49026987900836483,False,False
fronto_d1.0,position+conf,cnn_small,clean,1007,0.01,0.08333333333333333,0.9166666666666666,96,-0.6477495431900024,3.246413229988239e-05,nan,0.0016117095947265625,0.49004472762361,False,False
fronto_d1.0,position+conf,cnn_small,clean,1008,0.01,0.0625,0.9375,96,-0.9529797434806824,2.3075856278538193e-07,nan,0.0067636966705322266,0.49050784256924174,False,False
fronto_d1.0,position+conf,cnn_small,clean,1009,0.01,0.13541666666666666,0.8645833333333334,96,-0.7657303214073181,3.061447149331817e-05,nan,0.0028619766235351562,0.489758125393955,False,False
fronto_d1.0,position+conf,cnn_small,mixed,1000,0.01,0.2916666666666667,0.7083333333333334,96,-0.7940089106559753,6.036876117575963e-05,nan,0.0004787445068359375,0.4888131747801452,False,False
fronto_d1.0,position+conf,cnn_small,mixed,1001,0.01,0.28125,0.71875,96,-0.8129614591598511,9.797948498550852e-05,nan,0.003370523452758789,0.4888180297290189,False,False
fronto_d1.0,position+conf,cnn_small,mixed,1002,0.01,0.2708333333333333,0.7291666666666666,96,-0.7171570062637329,6.738884831921368e-05,nan,0.0018875598907470703,0.48884515560012926,False,False
fronto_d1.0,position+conf,cnn_small,mixed,1003,0.01,0.28125,0.71875,96,-0.7802552580833435,2.0532578620474745e-05,nan,0.0020296573638916016,0.4887657767396881,False,False
fronto_d1.0,position+conf,cnn_small,mixed,1004,0.01,0.34375,0.65625,96,-0.5496369004249573,4.512187609578998e-05,nan,0.0026366710662841797,0.48784222595913346,False,False
fronto_d1.0,position+conf,cnn_small,mixed,1005,0.01,0.28125,0.71875,96,-0.6447247862815857,7.142262894146963e-05,nan,0.002560138702392578,0.4888422785202951,False,False
fronto_d1.0,position+conf,cnn_small,mixed,1006,0.01,0.28125,0.71875,96,-0.7504496574401855,2.484699787753915e-05,nan,0.0032536983489990234,0.48885422645164794,False,False
fronto_d1.0,position+conf,cnn_small,mixed,1007,0.01,0.2916666666666667,0.7083333333333334,96,-0.7147338390350342,2.8493477057921527e-05,nan,0.002804994583129883,0.48882497197588964,False,False
fronto_d1.0,position+conf,cnn_small,mixed,1008,0.01,0.28125,0.71875,96,-0.8868265748023987,9.969114390597398e-06,nan,0.001676797866821289,0.4888503580191712,False,False
fronto_d1.0,position+conf,cnn_small,mixed,1009,0.01,0.2708333333333333,0.7291666666666666,96,-0.7360930442810059,1.1431549637166709e-05,nan,0.0032918453216552734,0.48884426723947394,False,False
fronto_d1.0,position+conf,cnn_large,clean,1000,0.01,0.11458333333333333,0.8854166666666666,96,-0.6910815238952637,5.8043184640009275e-05,nan,0.0013499259948730469,0.48806101490997505,False,False
fronto_d1.0,position+conf,cnn_large,clean,1001,0.01,0.0625,0.9375,96,-0.24110116064548492,0.0004139406859613226,nan,0.0020318031311035156,0.49059086556641507,False,False
fronto_d1.0,position+conf,cnn_large,clean,1002,0.01,0.0,1.0,96,0.04544658586382866,0.6295847842836199,nan,0.00032591819763183594,0.0,True,True
fronto_d1.0,position+conf,cnn_large,clean,1003,0.01,0.0,1.0,96,-0.09145963191986084,0.6295850844931856,nan,0.00042247772216796875,0.0,True,True
fronto_d1.0,position+conf,cnn_large,clean,1004,0.01,0.19791666666666666,0.8020833333333334,96,-0.6022104024887085,0.001029481552887784,nan,0.0069234371185302734,0.489442432311625,False,False
fronto_d1.0,position+conf,cnn_large,clean,1005,0.01,0.0,1.0,96,-0.0133674880489707,0.6295846341789187,nan,4.863739013671875e-05,0.0,True,True
fronto_d1.0,position+conf,cnn_large,clean,1006,0.01,0.052083333333333336,0.9479166666666666,96,-0.7904549241065979,8.819878836031911e-05,nan,0.01289820671081543,0.490661047151847,False,False
fronto_d1.0,position+conf,cnn_large,clean,1007,0.01,0.14583333333333334,0.8541666666666666,96,-0.6776183247566223,0.0007016188637212499,nan,0.0050678253173828125,0.48979578628273174,False,False
fronto_d1.0,position+conf,cnn_large,clean,1008,0.01,0.0625,0.9375,96,-0.4897511899471283,0.00012188056419970549,nan,0.0034978389739990234,0.49047077929848004,False,False
fronto_d1.0,position+conf,cnn_large,clean,1009,0.01,0.041666666666666664,0.9583333333333334,96,-0.2874245047569275,0.00024421484641187785,nan,0.005735874176025391,0.49071320651633926,False,False
fronto_d1.0,position+conf,cnn_large,mixed,1000,0.01,0.34375,0.65625,96,-0.7119887471199036,1.909485428583246e-06,nan,0.002269268035888672,0.4886506741966893,False,False
fronto_d1.0,position+conf,cnn_large,mixed,1001,0.01,0.28125,0.71875,96,-0.24724391102790833,0.00016901629313698978,nan,0.0024690628051757812,0.4887474889491465,False,False
fronto_d1.0,position+conf,cnn_large,mixed,1002,0.01,0.0,1.0,96,0.046221110969781876,0.6295841838651423,nan,0.0001919269561767578,0.0,True,True
fronto_d1.0,position+conf,cnn_large,mixed,1003,0.01,0.0,1.0,96,-0.0877213403582573,0.6295846341789187,nan,0.00022077560424804688,0.0,True,True
fronto_d1.0,position+conf,cnn_large,mixed,1004,0.01,0.375,0.625,96,-0.49072062969207764,0.00042101711516395475,nan,0.001649618148803711,0.4875406392312308,False,False
fronto_d1.0,position+conf,cnn_large,mixed,1005,0.01,0.0,1.0,96,0.13617531955242157,0.6295849343883755,nan,0.0002574920654296875,0.0,True,True
fronto_d1.0,position+conf,cnn_large,mixed,1006,0.01,0.2916666666666667,0.7083333333333334,96,-0.5970094799995422,0.0007854511351072476,nan,0.019162893295288086,0.48829075574593206,False,False
fronto_d1.0,position+conf,cnn_large,mixed,1007,0.01,0.3541666666666667,0.6458333333333334,96,-0.4866548180580139,0.00026604718543045674,nan,0.011789321899414062,0.48794646222452087,False,False
fronto_d1.0,position+conf,cnn_large,mixed,1008,0.01,0.0,1.0,96,0.11411906033754349,0.6295846341789187,nan,0.0001652240753173828,0.0,True,True
fronto_d1.0,position+conf,cnn_large,mixed,1009,0.01,0.3125,0.6875,96,-0.2977614402770996,0.00038592131942369047,nan,0.002837657928466797,0.4888173701258917,False,False
fronto_d1.0,position+conf_noclip,free,clean,1000,0.05,0.0,1.0,96,-0.5215423703193665,1.8097770802587314e-06,nan,0.0018422603607177734,0.491315911257524,False,False
fronto_d1.0,position+conf_noclip,free,clean,1001,0.05,0.0,1.0,96,-0.5207032561302185,1.8097770802587314e-06,nan,0.0018422603607177734,0.490562187092238,False,False
fronto_d1.0,position+conf_noclip,free,clean,1002,0.05,0.0,1.0,96,-0.5211359262466431,1.8097770802587314e-06,nan,0.0018422603607177734,0.4908170241181044,False,False
fronto_d1.0,position+conf_noclip,free,clean,1003,0.05,0.0,1.0,96,-0.5220339298248291,1.8097770802587314e-06,nan,0.0018422603607177734,0.49137724948811845,False,False
fronto_d1.0,position+conf_noclip,free,clean,1004,0.05,0.0,1.0,96,-0.5207180976867676,1.8097770802587314e-06,nan,0.0018320083618164062,0.49125426196205024,False,False
fronto_d1.0,position+conf_noclip,free,clean,1005,0.05,0.0,1.0,96,-0.5208982229232788,1.8097770802587314e-06,nan,0.0018422603607177734,0.4916203312739281,False,False
fronto_d1.0,position+conf_noclip,free,clean,1006,0.05,0.0,1.0,96,-0.5218730568885803,1.8097770802587314e-06,nan,0.0006144046783447266,0.4912543679745508,False,False
fronto_d1.0,position+conf_noclip,free,clean,1007,0.05,0.0,1.0,96,-0.5221431851387024,1.8097770802587314e-06,nan,0.0018422603607177734,0.4914993188744684,False,False
fronto_d1.0,position+conf_noclip,free,clean,1008,0.05,0.0,1.0,96,-0.5216459035873413,1.8097770802587314e-06,nan,0.0018320083618164062,0.49100578161620906,False,False
fronto_d1.0,position+conf_noclip,free,clean,1009,0.05,0.0,1.0,96,-0.5212050676345825,1.8097770802587314e-06,nan,0.0018422603607177734,0.49100572415726296,False,False
fronto_d1.0,position+conf_noclip,free,mixed,1000,0.05,0.3020833333333333,0.6979166666666666,96,-0.5160039663314819,1.8097770802587314e-06,nan,0.0007908344268798828,0.488903079636944,False,False
fronto_d1.0,position+conf_noclip,free,mixed,1001,0.05,0.2916666666666667,0.7083333333333334,96,-0.5146839618682861,1.8097770802587314e-06,nan,0.001743316650390625,0.4880703967544919,False,False
fronto_d1.0,position+conf_noclip,free,mixed,1002,0.05,0.2916666666666667,0.7083333333333334,96,-0.5157674551010132,1.8097770802587314e-06,nan,0.0014777183532714844,0.48838359790367575,False,False
fronto_d1.0,position+conf_noclip,free,mixed,1003,0.05,0.2916666666666667,0.7083333333333334,96,-0.5159419775009155,1.8097770802587314e-06,nan,0.0013918876647949219,0.48892465243200095,False,False
fronto_d1.0,position+conf_noclip,free,mixed,1004,0.05,0.2916666666666667,0.7083333333333334,96,-0.514771044254303,1.8097770802587314e-06,nan,0.0017848014831542969,0.4888038529913705,False,False
fronto_d1.0,position+conf_noclip,free,mixed,1005,0.05,0.3020833333333333,0.6979166666666666,96,-0.5148589015007019,1.8097770802587314e-06,nan,0.001859426498413086,0.48918379623642255,False,False
fronto_d1.0,position+conf_noclip,free,mixed,1006,0.05,0.2916666666666667,0.7083333333333334,96,-0.5164217352867126,1.8097770802587314e-06,nan,0.000827789306640625,0.4888145960508761,False,False
fronto_d1.0,position+conf_noclip,free,mixed,1007,0.05,0.2916666666666667,0.7083333333333334,96,-0.5165528655052185,1.8097770802587314e-06,nan,0.0014433860778808594,0.48910138644385986,False,False
fronto_d1.0,position+conf_noclip,free,mixed,1008,0.05,0.2916666666666667,0.7083333333333334,96,-0.5160022974014282,1.8097770802587314e-06,nan,0.001157522201538086,0.48853766603555127,False,False
fronto_d1.0,position+conf_noclip,free,mixed,1009,0.05,0.2916666666666667,0.7083333333333334,96,-0.515464723110199,1.8097770802587314e-06,nan,0.001984834671020508,0.48853761656968303,False,False
fronto_d1.0,position+conf_noclip,cnn_small,clean,1000,0.01,0.07291666666666667,0.9270833333333334,96,-0.2975338399410248,5.181403578089825e-05,nan,0.0032472610473632812,0.49046960044579124,False,False
fronto_d1.0,position+conf_noclip,cnn_small,clean,1001,0.01,0.052083333333333336,0.9479166666666666,96,-0.32270941138267517,2.6459526187248607e-05,nan,0.0012919902801513672,0.4907335995705523,False,False
fronto_d1.0,position+conf_noclip,cnn_small,clean,1002,0.01,0.03125,0.96875,96,-0.3002582788467407,0.00010631671436883221,nan,0.0021528005599975586,0.4909416615606881,False,False
fronto_d1.0,position+conf_noclip,cnn_small,clean,1003,0.01,0.07291666666666667,0.9270833333333334,96,-0.31995904445648193,6.358616530305477e-05,nan,0.0015573501586914062,0.49040113652114126,False,False
fronto_d1.0,position+conf_noclip,cnn_small,clean,1004,0.01,0.0625,0.9375,96,-0.3209947347640991,2.777935452616229e-05,nan,0.002148866653442383,0.4907396850747332,False,False
fronto_d1.0,position+conf_noclip,cnn_small,clean,1005,0.01,0.020833333333333332,0.9791666666666666,96,-0.3203903138637543,6.327412689834524e-05,nan,0.009334087371826172,0.4910506672150841,False,False
fronto_d1.0,position+conf_noclip,cnn_small,clean,1006,0.01,0.0,1.0,96,0.023982461541891098,0.6295849343883755,nan,9.012222290039062e-05,0.0,True,True
fronto_d1.0,position+conf_noclip,cnn_small,clean,1007,0.01,0.041666666666666664,0.9583333333333334,96,-0.30177509784698486,2.0758568779932326e-05,nan,0.003411531448364258,0.4907255916453072,False,False
fronto_d1.0,position+conf_noclip,cnn_small,clean,1008,0.01,0.052083333333333336,0.9479166666666666,96,-0.3162444233894348,2.2475554141399767e-05,nan,0.003970146179199219,0.4907104737906194,False,False
fronto_d1.0,position+conf_noclip,cnn_small,clean,1009,0.01,0.07291666666666667,0.9270833333333334,96,-0.3186786472797394,8.150146333093074e-05,nan,0.0018808841705322266,0.49039762833003286,False,False
fronto_d1.0,position+conf_noclip,cnn_small,mixed,1000,0.01,0.28125,0.71875,96,-0.32540690898895264,9.6690232804563e-05,nan,0.0005145072937011719,0.4888247037652682,False,False
fronto_d1.0,position+conf_noclip,cnn_small,mixed,1001,0.01,0.2708333333333333,0.7291666666666666,96,-0.32870981097221375,2.9463614917089946e-05,nan,0.0015181303024291992,0.4888904858488581,False,False
fronto_d1.0,position+conf_noclip,cnn_small,mixed,1002,0.01,0.2708333333333333,0.7291666666666666,96,-0.30585968494415283,8.974021481271402e-05,nan,0.0006313323974609375,0.4888721935456458,False,False
fronto_d1.0,position+conf_noclip,cnn_small,mixed,1003,0.01,0.2708333333333333,0.7291666666666666,96,-0.3244861364364624,5.6375431392958595e-05,nan,0.0019729137420654297,0.48877382965857696,False,False
fronto_d1.0,position+conf_noclip,cnn_small,mixed,1004,0.01,0.2708333333333333,0.7291666666666666,96,-0.32346612215042114,8.690065478190898e-05,nan,0.0014531612396240234,0.48883274132116333,False,False
fronto_d1.0,position+conf_noclip,cnn_small,mixed,1005,0.01,0.2916666666666667,0.7083333333333334,96,-0.32027533650398254,0.0002003440069601944,nan,0.002041339874267578,0.4888515593456809,False,False
fronto_d1.0,position+conf_noclip,cnn_small,mixed,1006,0.01,0.2916666666666667,0.7083333333333334,96,-0.3157786726951599,8.158097556869066e-06,nan,0.0021483898162841797,0.48882991583892954,False,False
fronto_d1.0,position+conf_noclip,cnn_small,mixed,1007,0.01,0.2916666666666667,0.7083333333333334,96,-0.3073917627334595,3.842318085956165e-05,nan,0.0011736154556274414,0.48882820409857747,False,False
fronto_d1.0,position+conf_noclip,cnn_small,mixed,1008,0.01,0.28125,0.71875,96,-0.31914275884628296,5.953436730450407e-05,nan,0.0009539127349853516,0.48882184331381856,False,False
fronto_d1.0,position+conf_noclip,cnn_small,mixed,1009,0.01,0.2916666666666667,0.7083333333333334,96,-0.3298858404159546,4.311819238094742e-05,nan,0.0010790824890136719,0.4888729859041611,False,False
fronto_d1.0,position+conf_noclip,cnn_large,clean,1000,0.01,0.041666666666666664,0.9583333333333334,96,-0.2911602258682251,0.0001987647930067703,nan,0.002831697463989258,0.4907718769008656,False,False
fronto_d1.0,position+conf_noclip,cnn_large,clean,1001,0.01,0.0,1.0,96,-0.13263604044914246,0.00012012691344772474,nan,0.001055002212524414,0.4911729046458755,False,False
fronto_d1.0,position+conf_noclip,cnn_large,clean,1002,0.01,0.041666666666666664,0.9583333333333334,96,-0.2651071846485138,4.363162193285734e-05,nan,0.002290964126586914,0.49081307819015185,False,False
fronto_d1.0,position+conf_noclip,cnn_large,clean,1003,0.01,0.041666666666666664,0.9583333333333334,96,-0.2779037654399872,0.00020101339846974992,nan,0.004167318344116211,0.4911873511213696,False,False
fronto_d1.0,position+conf_noclip,cnn_large,clean,1004,0.01,0.09375,0.90625,96,-0.3022442162036896,0.00039949609835807673,nan,0.009647607803344727,0.490350175563014,False,False
fronto_d1.0,position+conf_noclip,cnn_large,clean,1005,0.01,0.0625,0.9375,96,-0.3008473217487335,9.30969576487276e-05,nan,0.0009748935699462891,0.49057901114474695,False,False
fronto_d1.0,position+conf_noclip,cnn_large,clean,1006,0.01,0.0625,0.9375,96,-0.2984691858291626,0.0001898777980690833,nan,0.0013737678527832031,0.49045232221852364,False,False
fronto_d1.0,position+conf_noclip,cnn_large,clean,1007,0.01,0.0,1.0,96,0.03324071317911148,0.6295846341789187,nan,0.0001983642578125,0.0,True,True
fronto_d1.0,position+conf_noclip,cnn_large,clean,1008,0.01,0.07291666666666667,0.9270833333333334,96,-0.23497767746448517,0.00023487179193293765,nan,0.006618976593017578,0.49025582864423034,False,False
fronto_d1.0,position+conf_noclip,cnn_large,clean,1009,0.01,0.07291666666666667,0.9270833333333334,96,-0.14783944189548492,0.0013180442248181925,nan,0.0147552490234375,0.4906894267119092,False,False
fronto_d1.0,position+conf_noclip,cnn_large,mixed,1000,0.01,0.3229166666666667,0.6770833333333334,96,-0.27266258001327515,0.0008681905088771525,nan,0.0023775100708007812,0.48833765649555577,False,False
fronto_d1.0,position+conf_noclip,cnn_large,mixed,1001,0.01,0.2708333333333333,0.7291666666666666,96,-0.13130241632461548,0.00029482723028090703,nan,0.0016829967498779297,0.4888057452326492,False,False
fronto_d1.0,position+conf_noclip,cnn_large,mixed,1002,0.01,0.0,1.0,96,0.07695512473583221,0.6295834333432715,nan,0.00015974044799804688,0.0,True,True
fronto_d1.0,position+conf_noclip,cnn_large,mixed,1003,0.01,0.0,1.0,96,0.034282341599464417,0.6295847842836199,nan,0.00011563301086425781,0.0,True,True
fronto_d1.0,position+conf_noclip,cnn_large,mixed,1004,0.01,0.28125,0.71875,96,-0.2615768015384674,0.00023278569884146156,nan,0.0009112358093261719,0.4888666095158586,False,False
fronto_d1.0,position+conf_noclip,cnn_large,mixed,1005,0.01,0.0,1.0,96,0.28470245003700256,0.6295789302406593,nan,0.0002455711364746094,0.0,True,True
fronto_d1.0,position+conf_noclip,cnn_large,mixed,1006,0.01,0.22916666666666666,0.7708333333333334,96,-0.26149553060531616,0.0009341946840905994,nan,0.004659414291381836,0.4894530189674835,False,False
fronto_d1.0,position+conf_noclip,cnn_large,mixed,1007,0.01,0.28125,0.71875,96,-0.2608807682991028,0.0008686050984037164,nan,0.00504612922668457,0.4886943544524374,False,False
fronto_d1.0,position+conf_noclip,cnn_large,mixed,1008,0.01,0.23958333333333334,0.7604166666666666,96,-0.24195048213005066,8.894469205322062e-05,nan,0.0011205673217773438,0.4894822101122507,False,False
fronto_d1.0,position+conf_noclip,cnn_large,mixed,1009,0.01,0.3125,0.6875,96,-0.16462965309619904,0.0006944493338360385,nan,0.0038118362426757812,0.48861014217208953,False,False
fronto_d1.0,position+grad,free,clean,1000,0.05,0.010416666666666666,0.9895833333333334,96,0.01290467195212841,3.5920090877572527e-07,nan,0.0018892288208007812,0.4912276568078902,False,False
fronto_d1.0,position+grad,free,clean,1001,0.05,0.020833333333333332,0.9791666666666666,96,0.014766087755560875,3.492955713068445e-07,nan,0.0013692378997802734,0.4903320873749877,False,False
fronto_d1.0,position+grad,free,clean,1002,0.05,0.020833333333333332,0.9791666666666666,96,0.012379471212625504,3.525820267619908e-07,nan,0.00040984153747558594,0.49068658791206626,False,False
fronto_d1.0,position+grad,free,clean,1003,0.05,0.041666666666666664,0.9583333333333334,96,0.013076690956950188,3.445163712138526e-07,nan,0.0009624958038330078,0.49102234941314665,False,False
fronto_d1.0,position+grad,free,clean,1004,0.05,0.052083333333333336,0.9479166666666666,96,0.014817926101386547,3.366169498289112e-07,nan,0.0015227794647216797,0.49066754653396283,False,False
fronto_d1.0,position+grad,free,clean,1005,0.05,0.08333333333333333,0.9166666666666666,96,0.014814943075180054,3.28558985924133e-07,nan,0.000507354736328125,0.4908608432506162,False,False
fronto_d1.0,position+grad,free,clean,1006,0.05,0.0,1.0,96,0.012252495624125004,3.5614186385986967e-07,nan,0.0008103847503662109,0.49119266154501784,False,False
fronto_d1.0,position+grad,free,clean,1007,0.05,0.020833333333333332,0.9791666666666666,96,0.012139211408793926,3.489268592618974e-07,nan,0.0005495548248291016,0.49136874370628436,False,False
fronto_d1.0,position+grad,free,clean,1008,0.05,0.020833333333333332,0.9791666666666666,96,0.01285247877240181,3.418307154275462e-07,nan,0.0010826587677001953,0.4907775842200125,False,False
fronto_d1.0,position+grad,free,clean,1009,0.05,0.052083333333333336,0.9479166666666666,96,0.013366485014557838,3.562791820205877e-07,nan,0.0004208087921142578,0.4904466067476272,False,False
fronto_d1.0,position+grad,free,mixed,1000,0.05,0.3020833333333333,0.6979166666666666,96,0.010758770629763603,3.3754108345653403e-07,nan,0.0006427764892578125,0.4885791165043429,False,False
fronto_d1.0,position+grad,free,mixed,1001,0.05,0.3125,0.6875,96,0.012133527547121048,3.5054629138426906e-07,nan,0.0007550716400146484,0.4877063572233944,False,False
fronto_d1.0,position+grad,free,mixed,1002,0.05,0.2916666666666667,0.7083333333333334,96,0.010180901736021042,3.431386596115545e-07,nan,0.0009069442749023438,0.4882309237541397,False,False
fronto_d1.0,position+grad,free,mixed,1003,0.05,0.3229166666666667,0.6770833333333334,96,0.010910713113844395,3.490596404651288e-07,nan,0.0008845329284667969,0.48853280784077446,False,False
fronto_d1.0,position+grad,free,mixed,1004,0.05,0.3333333333333333,0.6666666666666666,96,0.012351920828223228,3.4817347594720357e-07,nan,0.0010454654693603516,0.488167507835332,False,False
fronto_d1.0,position+grad,free,mixed,1005,0.05,0.34375,0.65625,96,0.012169331312179565,3.5801638356175435e-07,nan,0.0005593299865722656,0.48864462738557285,False,False
fronto_d1.0,position+grad,free,mixed,1006,0.05,0.3020833333333333,0.6979166666666666,96,0.010145238600671291,3.329488917227143e-07,nan,0.0005822181701660156,0.4885599133219161,False,False
fronto_d1.0,position+grad,free,mixed,1007,0.05,0.3020833333333333,0.6979166666666666,96,0.009959151968359947,3.6177898152210567e-07,nan,0.0006897449493408203,0.48885768003425906,False,False
fronto_d1.0,position+grad,free,mixed,1008,0.05,0.3020833333333333,0.6979166666666666,96,0.010685164481401443,3.5350083734908547e-07,nan,0.0006060600280761719,0.48828179453100123,False,False
fronto_d1.0,position+grad,free,mixed,1009,0.05,0.3125,0.6875,96,0.011096687987446785,3.3577462123822476e-07,nan,0.0017914772033691406,0.48807116874102857,False,False
fronto_d1.0,position+grad,cnn_small,clean,1000,0.01,0.052083333333333336,0.9479166666666666,96,0.0033035732340067625,3.962489616898538e-05,nan,0.0012745857238769531,0.49075280511903346,False,False
fronto_d1.0,position+grad,cnn_small,clean,1001,0.01,0.020833333333333332,0.9791666666666666,96,0.002967577427625656,0.00011028129639032252,nan,0.0053331851959228516,0.4910558459305651,False,False
fronto_d1.0,position+grad,cnn_small,clean,1002,0.01,0.03125,0.96875,96,0.0018617820460349321,0.00011035177127443005,nan,0.004414081573486328,0.49100455859551523,False,False
fronto_d1.0,position+grad,cnn_small,clean,1003,0.01,0.020833333333333332,0.9791666666666666,96,0.0015475805848836899,2.986715760656413e-05,nan,0.01597142219543457,0.49110819058924016,False,False
fronto_d1.0,position+grad,cnn_small,clean,1004,0.01,0.03125,0.96875,96,0.002277941443026066,8.717666279775272e-05,nan,0.001878499984741211,0.4909945679578,False,False
fronto_d1.0,position+grad,cnn_small,clean,1005,0.01,0.052083333333333336,0.9479166666666666,96,0.00400565005838871,2.5481522072584273e-05,nan,0.0013213157653808594,0.49067485281685663,False,False
fronto_d1.0,position+grad,cnn_small,clean,1006,0.01,0.052083333333333336,0.9479166666666666,96,0.003594419453293085,1.2516845004137661e-05,nan,0.005545616149902344,0.4907033946902208,False,False
fronto_d1.0,position+grad,cnn_small,clean,1007,0.01,0.020833333333333332,0.9791666666666666,96,0.0013768734643235803,3.0463873192216242e-05,nan,0.003999948501586914,0.49105620036948144,False,False
fronto_d1.0,position+grad,cnn_small,clean,1008,0.01,0.0,1.0,96,0.4246077239513397,0.629584484074272,nan,8.606910705566406e-05,0.0,True,True
fronto_d1.0,position+grad,cnn_small,clean,1009,0.01,0.010416666666666666,0.9895833333333334,96,0.001468324800953269,1.0622301564961975e-05,nan,0.0020627975463867188,0.49104697819865833,False,False
fronto_d1.0,position+grad,cnn_small,mixed,1000,0.01,0.2916666666666667,0.7083333333333334,96,0.0006539594614878297,5.7042317429589586e-05,nan,0.0012447834014892578,0.48883474991618986,False,False
fronto_d1.0,position+grad,cnn_small,mixed,1001,0.01,0.28125,0.71875,96,0.0005381269147619605,9.222198666168888e-06,nan,0.0003638267517089844,0.4888726303102435,False,False
fronto_d1.0,position+grad,cnn_small,mixed,1002,0.01,0.28125,0.71875,96,0.0008240729803219438,1.5256760432845225e-05,nan,0.0004954338073730469,0.4888344706873064,False,False
fronto_d1.0,position+grad,cnn_small,mixed,1003,0.01,0.28125,0.71875,96,0.0006655174074694514,6.510050521220386e-05,nan,0.0030041933059692383,0.48884803742256017,False,False
fronto_d1.0,position+grad,cnn_small,mixed,1004,0.01,0.28125,0.71875,96,0.0006827054894529283,1.9969353083376496e-05,nan,0.0008871555328369141,0.48886932262492144,False,False
fronto_d1.0,position+grad,cnn_small,mixed,1005,0.01,0.28125,0.71875,96,0.0007696838583797216,2.3128925061062707e-05,nan,0.0006244182586669922,0.48882953361259673,False,False
fronto_d1.0,position+grad,cnn_small,mixed,1006,0.01,0.2916666666666667,0.7083333333333334,96,0.000855795806273818,1.6365585560139438e-06,nan,0.0012745857238769531,0.48887364896590935,False,False
fronto_d1.0,position+grad,cnn_small,mixed,1007,0.01,0.2916666666666667,0.7083333333333334,96,0.0007362974574789405,1.5812035911985158e-05,nan,0.0005636215209960938,0.48884938154885293,False,False
fronto_d1.0,position+grad,cnn_small,mixed,1008,0.01,0.28125,0.71875,96,0.0006332394550554454,4.3372600011170845e-05,nan,0.0016024112701416016,0.48883563736853775,False,False
fronto_d1.0,position+grad,cnn_small,mixed,1009,0.01,0.28125,0.71875,96,0.0007295083487406373,1.1639192679541864e-05,nan,0.001214146614074707,0.4888560518836104,False,False
fronto_d1.0,position+grad,cnn_large,clean,1000,0.01,0.0,1.0,96,0.0012570652179419994,0.00019974872150062566,nan,0.0011425018310546875,0.4911603202530631,False,False
fronto_d1.0,position+grad,cnn_large,clean,1001,0.01,0.03125,0.96875,96,0.00446372851729393,0.00010192821578434083,nan,0.0032510757446289062,0.4909131323422539,False,False
fronto_d1.0,position+grad,cnn_large,clean,1002,0.01,0.0,1.0,96,0.0009211367578245699,0.00012058880233823549,nan,0.003475189208984375,0.4912051959616312,False,False
fronto_d1.0,position+grad,cnn_large,clean,1003,0.01,0.020833333333333332,0.9791666666666666,96,0.0017081794794648886,0.0002595163989166812,nan,0.0019118785858154297,0.49114086922411965,False,False
fronto_d1.0,position+grad,cnn_large,clean,1004,0.01,0.010416666666666666,0.9895833333333334,96,0.0015903919702395797,5.656067703289979e-05,nan,0.0045604705810546875,0.49114482907424706,False,False
fronto_d1.0,position+grad,cnn_large,clean,1005,0.01,0.041666666666666664,0.9583333333333334,96,0.004037777427583933,7.199852742177293e-05,nan,0.004833698272705078,0.49077332241603816,False,False
fronto_d1.0,position+grad,cnn_large,clean,1006,0.01,0.0,1.0,96,0.001414179103448987,8.49392157879469e-05,nan,0.006078481674194336,0.4911370427284632,False,False
fronto_d1.0,position+grad,cnn_large,clean,1007,0.01,0.0,1.0,96,0.42549341917037964,0.6295840337606591,nan,1.8596649169921875e-05,0.0,True,True
fronto_d1.0,position+grad,cnn_large,clean,1008,0.01,0.020833333333333332,0.9791666666666666,96,0.0026503505650907755,0.00011807700472199818,nan,0.002423524856567383,0.49093858783610533,False,False
fronto_d1.0,position+grad,cnn_large,clean,1009,0.01,0.020833333333333332,0.9791666666666666,96,0.002597194630652666,0.0002402470156669523,nan,0.0025424957275390625,0.4909723730512887,False,False
fronto_d1.0,position+grad,cnn_large,mixed,1000,0.01,0.2604166666666667,0.7395833333333334,96,0.0010745753534138203,0.00017561195314282107,nan,0.0005929470062255859,0.4888877983920398,False,False
fronto_d1.0,position+grad,cnn_large,mixed,1001,0.01,0.0,1.0,96,0.4227098226547241,0.6295817821999518,nan,0.001695394515991211,0.0,True,True
fronto_d1.0,position+grad,cnn_large,mixed,1002,0.01,0.2708333333333333,0.7291666666666666,96,0.0013899225741624832,0.00014699851814523542,nan,0.0004363059997558594,0.48878494789496363,False,False
fronto_d1.0,position+grad,cnn_large,mixed,1003,0.01,0.2604166666666667,0.7395833333333334,96,0.0013144052354618907,7.756076925396734e-05,nan,0.0010862350463867188,0.4888135263478418,False,False
fronto_d1.0,position+grad,cnn_large,mixed,1004,0.01,0.0,1.0,96,0.42348527908325195,0.6295843339696799,nan,4.291534423828125e-05,0.0,True,True
fronto_d1.0,position+grad,cnn_large,mixed,1005,0.01,0.2708333333333333,0.7291666666666666,96,0.0011067645391449332,0.0001337730635993662,nan,0.0011353492736816406,0.4887832569124969,False,False
fronto_d1.0,position+grad,cnn_large,mixed,1006,0.01,0.2708333333333333,0.7291666666666666,96,0.0008023199625313282,8.143118178477415e-05,nan,0.00044798851013183594,0.4888624538924725,False,False
fronto_d1.0,position+grad,cnn_large,mixed,1007,0.01,0.28125,0.71875,96,0.0010672638891264796,0.00013602128925431205,nan,0.0013270378112792969,0.4887905302551396,False,False
fronto_d1.0,position+grad,cnn_large,mixed,1008,0.01,0.2708333333333333,0.7291666666666666,96,0.0016760569997131824,0.00015718956494025315,nan,0.0011560916900634766,0.48885934207400905,False,False
fronto_d1.0,position+grad,cnn_large,mixed,1009,0.01,0.0,1.0,96,0.42291682958602905,0.6295522128407834,nan,0.000133514404296875,0.0,True,True
fronto_d1.0,position+normal,free,clean,1000,0.05,0.09375,0.90625,96,0.006021701730787754,1.4134206156607361e-06,nan,0.0011649131774902344,0.49017752603155523,False,False
fronto_d1.0,position+normal,free,clean,1001,0.05,0.14583333333333334,0.8541666666666666,96,0.007004359737038612,1.3685687245231114e-06,nan,0.0008203983306884766,0.48953580114868805,False,False
fronto_d1.0,position+normal,free,clean,1002,0.05,0.0625,0.9375,96,0.005968669895082712,1.4278761487670948e-06,nan,0.0014376640319824219,0.49015206230506897,False,False
fronto_d1.0,position+normal,free,clean,1003,0.05,0.10416666666666667,0.8958333333333334,96,0.006041454151272774,1.3653727467754467e-06,nan,0.0007576942443847656,0.4903827459820017,False,False
fronto_d1.0,position+normal,free,clean,1004,0.05,0.13541666666666666,0.8645833333333334,96,0.006885969545692205,1.3832919924088168e-06,nan,0.0016207695007324219,0.48980332903298257,False,False
fronto_d1.0,position+normal,free,clean,1005,0.05,0.11458333333333333,0.8854166666666666,96,0.006868099793791771,1.3757058619922557e-06,nan,0.0011420249938964844,0.49031964710207415,False,False
fronto_d1.0,position+normal,free,clean,1006,0.05,0.08333333333333333,0.9166666666666666,96,0.005749398842453957,1.3820910683821583e-06,nan,0.0010724067687988281,0.4902895040234499,False,False
fronto_d1.0,position+normal,free,clean,1007,0.05,0.09375,0.90625,96,0.005701376125216484,1.4033652253394507e-06,nan,0.0007290840148925781,0.4905837621984536,False,False
fronto_d1.0,position+normal,free,clean,1008,0.05,0.08333333333333333,0.9166666666666666,96,0.006109852809458971,1.3650333119614327e-06,nan,0.0019161701202392578,0.4900040746178227,False,False
fronto_d1.0,position+normal,free,clean,1009,0.05,0.10416666666666667,0.8958333333333334,96,0.0062029375694692135,1.3833645729951712e-06,nan,0.0030927658081054688,0.4900660584091068,False,False
fronto_d1.0,position+normal,free,mixed,1000,0.05,0.3020833333333333,0.6979166666666666,96,0.004345898982137442,1.3478456376548622e-06,nan,0.0008592605590820312,0.48871797914747084,False,False
fronto_d1.0,position+normal,free,mixed,1001,0.05,0.3333333333333333,0.6666666666666666,96,0.0052723647095263,1.3887101792890383e-06,nan,0.0027382373809814453,0.4877294421430934,False,False
fronto_d1.0,position+normal,free,mixed,1002,0.05,0.3020833333333333,0.6979166666666666,96,0.004214345943182707,1.4008883406635136e-06,nan,0.0025331974029541016,0.48828921727653096,False,False
fronto_d1.0,position+normal,free,mixed,1003,0.05,0.3020833333333333,0.6979166666666666,96,0.004417581483721733,1.3789955087058834e-06,nan,0.0015795230865478516,0.4886896136437229,False,False
fronto_d1.0,position+normal,free,mixed,1004,0.05,0.3229166666666667,0.6770833333333334,96,0.005102124530822039,1.3570378439219895e-06,nan,0.001905202865600586,0.4883315286421093,False,False
fronto_d1.0,position+normal,free,mixed,1005,0.05,0.3333333333333333,0.6666666666666666,96,0.00505963247269392,1.3626152254348247e-06,nan,0.0006947517395019531,0.4885830681110255,False,False
fronto_d1.0,position+normal,free,mixed,1006,0.05,0.2916666666666667,0.7083333333333334,96,0.004070298280566931,1.365910012721294e-06,nan,0.00202178955078125,0.4887079675179289,False,False
fronto_d1.0,position+normal,free,mixed,1007,0.05,0.3020833333333333,0.6979166666666666,96,0.004003820475190878,1.3999618271093418e-06,nan,0.0031507015228271484,0.4889301703633929,False,False
fronto_d1.0,position+normal,free,mixed,1008,0.05,0.3020833333333333,0.6979166666666666,96,0.004421615973114967,1.4593500380269233e-06,nan,0.0010743141174316406,0.4884058734969064,False,False
fronto_d1.0,position+normal,free,mixed,1009,0.05,0.3125,0.6875,96,0.0045357053168118,1.3468252936032479e-06,nan,0.001434326171875,0.4882069188049061,False,False
fronto_d1.0,position+normal,cnn_small,clean,1000,0.01,0.0625,0.9375,96,0.0015325801214203238,6.923752273470039e-05,nan,0.00234222412109375,0.49060667046982964,False,False
fronto_d1.0,position+normal,cnn_small,clean,1001,0.01,0.020833333333333332,0.9791666666666666,96,0.0005610743537545204,3.242686318401396e-05,nan,0.0018877983093261719,0.49113007956617416,False,False
fronto_d1.0,position+normal,cnn_small,clean,1002,0.01,0.08333333333333333,0.9166666666666666,96,0.002338870195671916,3.0451564110524267e-05,nan,0.0023069381713867188,0.4903082605895306,False,False
fronto_d1.0,position+normal,cnn_small,clean,1003,0.01,0.09375,0.90625,96,0.002361173741519451,2.7073665320452936e-05,nan,0.0012073516845703125,0.4902548080317026,False,False
fronto_d1.0,position+normal,cnn_small,clean,1004,0.01,0.041666666666666664,0.9583333333333334,96,0.0016271667554974556,3.749845775830713e-05,nan,0.0015974044799804688,0.490656170183085,False,False
fronto_d1.0,position+normal,cnn_small,clean,1005,0.01,0.0625,0.9375,96,0.001757777645252645,0.00011670885432640465,nan,0.0026738643646240234,0.4905420469857566,False,False
fronto_d1.0,position+normal,cnn_small,clean,1006,0.01,0.0625,0.9375,96,0.0016920894850045443,4.0800703885432886e-05,nan,0.007784128189086914,0.4907582723497468,False,False
fronto_d1.0,position+normal,cnn_small,clean,1007,0.01,0.041666666666666664,0.9583333333333334,96,0.0009543937630951405,3.452924426518689e-05,nan,0.0021216869354248047,0.4908493480596821,False,False
fronto_d1.0,position+normal,cnn_small,clean,1008,0.01,0.0625,0.9375,96,0.001496721524745226,1.744078279834559e-05,nan,0.0044193267822265625,0.4905766446306007,False,False
fronto_d1.0,position+normal,cnn_small,clean,1009,0.01,0.0625,0.9375,96,0.0016907888930290937,6.178017636842841e-05,nan,0.0023522377014160156,0.49052832809446384,False,False
fronto_d1.0,position+normal,cnn_small,mixed,1000,0.01,0.28125,0.71875,96,0.00032577713136561215,9.146402285041701e-05,nan,0.0007483959197998047,0.48883579328771376,False,False
fronto_d1.0,position+normal,cnn_small,mixed,1001,0.01,0.2708333333333333,0.7291666666666666,96,0.00025193870533257723,3.98393498432683e-05,nan,0.001112222671508789,0.48886857884700885,False,False
fronto_d1.0,position+normal,cnn_small,mixed,1002,0.01,0.28125,0.71875,96,0.0003483202017378062,4.348177021868375e-05,nan,0.000396728515625,0.48884819253430206,False,False
fronto_d1.0,position+normal,cnn_small,mixed,1003,0.01,0.28125,0.71875,96,0.0003590069245547056,2.6719086257382638e-05,nan,0.0021109580993652344,0.4886958219513224,False,False
fronto_d1.0,position+normal,cnn_small,mixed,1004,0.01,0.2708333333333333,0.7291666666666666,96,0.00031372191733680665,8.918386888479434e-05,nan,0.0009742975234985352,0.4888567436203425,False,False
fronto_d1.0,position+normal,cnn_small,mixed,1005,0.01,0.28125,0.71875,96,0.0003964559000451118,0.0001058966838520194,nan,0.0037887096405029297,0.48874729941357825,False,False
fronto_d1.0,position+normal,cnn_small,mixed,1006,0.01,0.2916666666666667,0.7083333333333334,96,0.0003656138724181801,1.9853003093045044e-05,nan,0.00168609619140625,0.4888278378197323,False,False
fronto_d1.0,position+normal,cnn_small,mixed,1007,0.01,0.2916666666666667,0.7083333333333334,96,0.000300669256830588,3.8611947852422425e-05,nan,0.0005815029144287109,0.4888740991841146,False,False
fronto_d1.0,position+normal,cnn_small,mixed,1008,0.01,0.28125,0.71875,96,0.00035523370024748147,1.842475049155522e-05,nan,0.0005407333374023438,0.4887518176666578,False,False
fronto_d1.0,position+normal,cnn_small,mixed,1009,0.01,0.28125,0.71875,96,0.00028757870313711464,6.852969110084657e-05,nan,0.0024747848510742188,0.48880404401667604,False,False
fronto_d1.0,position+normal,cnn_large,clean,1000,0.01,0.0625,0.9375,96,0.0016864053905010223,0.00036860156417973963,nan,0.0015053749084472656,0.49071871654557286,False,False
fronto_d1.0,position+normal,cnn_large,clean,1001,0.01,0.020833333333333332,0.9791666666666666,96,0.0015682075172662735,0.000469070422137149,nan,0.005307435989379883,0.4912568848182478,False,False
fronto_d1.0,position+normal,cnn_large,clean,1002,0.01,0.010416666666666666,0.9895833333333334,96,0.0009642825461924076,0.00044338869573354306,nan,0.002793550491333008,0.4909184086558384,False,False
fronto_d1.0,position+normal,cnn_large,clean,1003,0.01,0.052083333333333336,0.9479166666666666,96,0.0018575778231024742,0.0005834388830904249,nan,0.002044677734375,0.49067711250348817,False,False
fronto_d1.0,position+normal,cnn_large,clean,1004,0.01,0.09375,0.90625,96,0.0029631583020091057,0.0010381579615065264,nan,0.0014901161193847656,0.4904634337872876,False,False
fronto_d1.0,position+normal,cnn_large,clean,1005,0.01,0.0625,0.9375,96,0.002522661816328764,0.0005666373838221618,nan,0.0012788772583007812,0.49046009646523286,False,False
fronto_d1.0,position+normal,cnn_large,clean,1006,0.01,0.07291666666666667,0.9270833333333334,96,0.0022724983282387257,0.0004151400883351485,nan,0.0011606216430664062,0.4904702024293409,False,False
fronto_d1.0,position+normal,cnn_large,clean,1007,0.01,0.041666666666666664,0.9583333333333334,96,0.0017826553666964173,0.00038196034588681976,nan,0.0012140274047851562,0.4905838316602512,False,False
fronto_d1.0,position+normal,cnn_large,clean,1008,0.01,0.07291666666666667,0.9270833333333334,96,0.002272816374897957,0.00024361961743085206,nan,0.0013453960418701172,0.4903064953425206,False,False
fronto_d1.0,position+normal,cnn_large,clean,1009,0.01,0.0,1.0,96,0.4110540449619293,0.6295840337606591,nan,0.0009002685546875,0.0,True,True
fronto_d1.0,position+normal,cnn_large,mixed,1000,0.01,0.3229166666666667,0.6770833333333334,96,0.0008069187751971185,0.00037961922519469854,nan,0.0005478858947753906,0.48854044224587156,False,False
fronto_d1.0,position+normal,cnn_large,mixed,1001,0.01,0.28125,0.71875,96,0.0008466380531899631,0.0004933582186195943,nan,0.00139617919921875,0.4887856082655633,False,False
fronto_d1.0,position+normal,cnn_large,mixed,1002,0.01,0.2708333333333333,0.7291666666666666,96,0.000572487129829824,0.0003454404769397341,nan,0.0012974739074707031,0.48882317836777434,False,False
fronto_d1.0,position+normal,cnn_large,mixed,1003,0.01,0.2708333333333333,0.7291666666666666,96,0.0007392498664557934,0.0003356957880597763,nan,0.0017156600952148438,0.4887819953223134,False,False
fronto_d1.0,position+normal,cnn_large,mixed,1004,0.01,0.2708333333333333,0.7291666666666666,96,0.0007677138783037663,0.00036414448041742476,nan,0.0019292831420898438,0.4888339822329283,False,False
fronto_d1.0,position+normal,cnn_large,mixed,1005,0.01,0.2708333333333333,0.7291666666666666,96,0.0007712093065492809,0.0005437959130354195,nan,0.0015900135040283203,0.4888173977164523,False,False
fronto_d1.0,position+normal,cnn_large,mixed,1006,0.01,0.2708333333333333,0.7291666666666666,96,0.00059132045134902,0.00016375549827404715,nan,0.0011332035064697266,0.48886736427487254,False,False
fronto_d1.0,position+normal,cnn_large,mixed,1007,0.01,0.2708333333333333,0.7291666666666666,96,0.0005015553324483335,0.00034038991964950897,nan,0.001211404800415039,0.488824646849042,False,False
fronto_d1.0,position+normal,cnn_large,mixed,1008,0.01,0.2708333333333333,0.7291666666666666,96,0.0007566261338070035,0.00036751475391302125,nan,0.0012590885162353516,0.48874514726817553,False,False
fronto_d1.0,position+normal,cnn_large,mixed,1009,0.01,0.2708333333333333,0.7291666666666666,96,0.0005168846691958606,0.0003822991946108135,nan,0.0012042522430419922,0.4888809022629498,False,False
fronto_d1.0,position_squared,free,clean,1000,0.05,0.2916666666666667,0.7083333333333334,96,0.00240937527269125,0.0,nan,0.0,0.48884477358170747,False,False
fronto_d1.0,position_squared,free,clean,1001,0.05,0.3645833333333333,0.6354166666666666,96,0.002786458469927311,0.0,nan,0.0,0.4881895191238611,False,False
fronto_d1.0,position_squared,free,clean,1002,0.05,0.3020833333333333,0.6979166666666666,96,0.0024822920095175505,0.0,nan,0.0,0.4884203635392173,False,False
fronto_d1.0,position_squared,free,clean,1003,0.05,0.3020833333333333,0.6979166666666666,96,0.002406249986961484,0.0,nan,0.0,0.4888924285617564,False,False
fronto_d1.0,position_squared,free,clean,1004,0.05,0.3125,0.6875,96,0.002712500048801303,0.0,nan,0.0,0.48839797727986256,False,False
fronto_d1.0,position_squared,free,clean,1005,0.05,0.3333333333333333,0.6666666666666666,96,0.002720833523198962,0.0,nan,0.0,0.48866167432010865,False,False
fronto_d1.0,position_squared,free,clean,1006,0.05,0.22916666666666666,0.7708333333333334,96,0.0023000002838671207,0.0,nan,0.0,0.48899368051595876,False,False
fronto_d1.0,position_squared,free,clean,1007,0.05,0.28125,0.71875,96,0.0022781253792345524,0.0,nan,0.0,0.48909972183305683,False,False
fronto_d1.0,position_squared,free,clean,1008,0.05,0.2916666666666667,0.7083333333333334,96,0.002428125124424696,0.0,nan,0.0,0.48878101791405837,False,False
fronto_d1.0,position_squared,free,clean,1009,0.05,0.34375,0.65625,96,0.0025145835243165493,0.0,nan,0.0,0.48849049072020995,False,False
fronto_d1.0,position_squared,free,mixed,1000,0.05,0.3541666666666667,0.6458333333333334,96,0.000956510251853615,0.0,nan,0.0,0.48783237853249894,False,False
fronto_d1.0,position_squared,free,mixed,1001,0.05,0.3958333333333333,0.6041666666666666,96,0.001272939844056964,0.0,nan,0.0,0.4872023848767137,False,False
fronto_d1.0,position_squared,free,mixed,1002,0.05,0.3541666666666667,0.6458333333333334,96,0.0010294942185282707,0.0,nan,0.0,0.48739957631646985,False,False
fronto_d1.0,position_squared,free,mixed,1003,0.05,0.3541666666666667,0.6458333333333334,96,0.0009669064893387258,0.0,nan,0.0,0.4878584372117714,False,False
fronto_d1.0,position_squared,free,mixed,1004,0.05,0.3854166666666667,0.6145833333333334,96,0.0011736808810383081,0.0,nan,0.0,0.4874549795201433,False,False
fronto_d1.0,position_squared,free,mixed,1005,0.05,0.375,0.625,96,0.0011732449056580663,0.0,nan,0.0,0.4877154581202563,False,False
fronto_d1.0,position_squared,free,mixed,1006,0.05,0.3333333333333333,0.6666666666666666,96,0.0008786506950855255,0.0,nan,0.0,0.4879487356648121,False,False
fronto_d1.0,position_squared,free,mixed,1007,0.05,0.34375,0.65625,96,0.0008648099610581994,0.0,nan,0.0,0.488042964120338,False,False
fronto_d1.0,position_squared,free,mixed,1008,0.05,0.3645833333333333,0.6354166666666666,96,0.0010067266412079334,0.0,nan,0.0,0.4877174808120225,False,False
fronto_d1.0,position_squared,free,mixed,1009,0.05,0.3541666666666667,0.6458333333333334,96,0.0010288244811818004,0.0,nan,0.0,0.48750668910436384,False,False
fronto_d1.0,position_squared,cnn_small,clean,1000,0.01,0.0,1.0,96,4.6547927922802046e-05,9.142576093631191e-05,nan,0.0005748271942138672,0.4912727354624939,False,False
fronto_d1.0,position_squared,cnn_small,clean,1001,0.01,0.0,1.0,96,5.862848411197774e-05,9.371999686396262e-05,nan,0.0005042552947998047,0.4911950389025629,False,False
fronto_d1.0,position_squared,cnn_small,clean,1002,0.01,0.041666666666666664,0.9583333333333334,96,0.00032174887019209564,0.00029833403061616133,nan,0.0005064010620117188,0.49103604551467395,False,False
fronto_d1.0,position_squared,cnn_small,clean,1003,0.01,0.041666666666666664,0.9583333333333334,96,0.0002589303767308593,0.00015406304649371124,nan,0.0008943080902099609,0.49098039184527426,False,False
fronto_d1.0,position_squared,cnn_small,clean,1004,0.01,0.052083333333333336,0.9479166666666666,96,0.00029896144405938685,0.0001345703955317152,nan,0.0007753372192382812,0.4909565581558478,False,False
fronto_d1.0,position_squared,cnn_small,clean,1005,0.01,0.041666666666666664,0.9583333333333334,96,0.0002162236050935462,0.000372971624116957,nan,0.0008256435394287109,0.4911050958001937,False,False
fronto_d1.0,position_squared,cnn_small,clean,1006,0.01,0.020833333333333332,0.9791666666666666,96,0.00016578489157836884,0.0003135822426795874,nan,0.003060579299926758,0.4910050451399926,False,False
fronto_d1.0,position_squared,cnn_small,clean,1007,0.01,0.041666666666666664,0.9583333333333334,96,0.00021016332902945578,0.0001675412792203794,nan,0.0009002685546875,0.49098498416325215,False,False
fronto_d1.0,position_squared,cnn_small,clean,1008,0.01,0.020833333333333332,0.9791666666666666,96,0.0001577591901877895,9.530605214596338e-05,nan,0.0014727115631103516,0.4911211051606398,False,False
fronto_d1.0,position_squared,cnn_small,clean,1009,0.01,0.010416666666666666,0.9895833333333334,96,0.00012462631275411695,0.00013460670894989383,nan,0.0011615753173828125,0.4911061089889874,False,False
fronto_d1.0,position_squared,cnn_small,mixed,1000,0.01,0.28125,0.71875,96,8.849897312757093e-06,0.0001320904601471833,nan,5.8650970458984375e-05,0.4888723562238871,False,False
fronto_d1.0,position_squared,cnn_small,mixed,1001,0.01,0.2916666666666667,0.7083333333333334,96,3.231636355849332e-06,0.00011671241448086589,nan,0.0001766681671142578,0.48888022261535946,False,False
fronto_d1.0,position_squared,cnn_small,mixed,1002,0.01,0.28125,0.71875,96,9.803055945667438e-06,0.00010708149804519073,nan,4.696846008300781e-05,0.4888544234853981,False,False
fronto_d1.0,position_squared,cnn_small,mixed,1003,0.01,0.28125,0.71875,96,7.662084499315824e-06,4.775030154598917e-05,nan,9.775161743164062e-05,0.4888620534215535,False,False
fronto_d1.0,position_squared,cnn_small,mixed,1004,0.01,0.2708333333333333,0.7291666666666666,96,9.626815881347284e-06,3.8821632429093246e-05,nan,9.465217590332031e-05,0.48884290009098164,False,False
fronto_d1.0,position_squared,cnn_small,mixed,1005,0.01,0.2708333333333333,0.7291666666666666,96,8.086678462859709e-06,0.00013722460903296723,nan,4.649162292480469e-05,0.48887029748819194,False,False
fronto_d1.0,position_squared,cnn_small,mixed,1006,0.01,0.28125,0.71875,96,7.792804353812244e-06,4.379221245091903e-05,nan,3.2901763916015625e-05,0.48884656555776845,False,False
fronto_d1.0,position_squared,cnn_small,mixed,1007,0.01,0.28125,0.71875,96,7.981237104104366e-06,0.00032606386259265315,nan,2.5510787963867188e-05,0.48885446146194733,False,False
fronto_d1.0,position_squared,cnn_small,mixed,1008,0.01,0.28125,0.71875,96,1.0206035767623689e-05,0.00010749327943188431,nan,3.600120544433594e-05,0.48884448202767905,False,False
fronto_d1.0,position_squared,cnn_small,mixed,1009,0.01,0.28125,0.71875,96,8.681268809596077e-06,0.00010878053783056741,nan,4.863739013671875e-05,0.48885258216614375,False,False
fronto_d1.0,position_squared,cnn_large,clean,1000,0.01,0.020833333333333332,0.9791666666666666,96,0.00010604169801808894,0.001820537758474164,nan,0.0013954639434814453,0.4911107402106177,False,False
fronto_d1.0,position_squared,cnn_large,clean,1001,0.01,0.0,1.0,96,9.228526323568076e-05,0.0015472555353061633,nan,0.0013363361358642578,0.49128260562167964,False,False
fronto_d1.0,position_squared,cnn_large,clean,1002,0.01,0.03125,0.96875,96,0.00020794576266780496,0.0012356407383341626,nan,0.0008633136749267578,0.4910199700131247,False,False
fronto_d1.0,position_squared,cnn_large,clean,1003,0.01,0.010416666666666666,0.9895833333333334,96,6.646323163295165e-05,0.0009830894336748646,nan,0.0012402534484863281,0.49124999299515276,False,False
fronto_d1.0,position_squared,cnn_large,clean,1004,0.01,0.03125,0.96875,96,0.0001924456882989034,0.001775277700141257,nan,0.0019741058349609375,0.4912832656317425,False,False
fronto_d1.0,position_squared,cnn_large,clean,1005,0.01,0.020833333333333332,0.9791666666666666,96,0.0001407422823831439,0.0013487047673336342,nan,0.0024225711822509766,0.4911017559838753,False,False
fronto_d1.0,position_squared,cnn_large,clean,1006,0.01,0.020833333333333332,0.9791666666666666,96,0.00015023317246232182,0.0015440980259364561,nan,0.0017833709716796875,0.4912188977113037,False,False
fronto_d1.0,position_squared,cnn_large,clean,1007,0.01,0.010416666666666666,0.9895833333333334,96,0.00011341844947310165,0.0011115687963797049,nan,0.0015132427215576172,0.4911778967683357,False,False
fronto_d1.0,position_squared,cnn_large,clean,1008,0.01,0.03125,0.96875,96,0.00024410273181274533,0.0026577585316971694,nan,0.0020728111267089844,0.490787401789477,False,False
fronto_d1.0,position_squared,cnn_large,clean,1009,0.01,0.010416666666666666,0.9895833333333334,96,0.0001315691915806383,0.001384216763275069,nan,0.0022056102752685547,0.4910725858581024,False,False
fronto_d1.0,position_squared,cnn_large,mixed,1000,0.01,0.28125,0.71875,96,1.9986226106993854e-05,0.0009162743920217094,nan,0.0003800392150878906,0.4889115448061295,False,False
fronto_d1.0,position_squared,cnn_large,mixed,1001,0.01,0.2916666666666667,0.7083333333333334,96,2.008186129387468e-05,0.0008646014523424802,nan,0.00020623207092285156,0.4887140986427318,False,False
fronto_d1.0,position_squared,cnn_large,mixed,1002,0.01,0.25,0.75,96,2.736907481448725e-05,0.0016542583108925426,nan,0.0002827644348144531,0.4888981737755533,False,False
fronto_d1.0,position_squared,cnn_large,mixed,1003,0.01,0.28125,0.71875,96,7.411293609038694e-06,0.0009376665378828756,nan,0.00022792816162109375,0.48888163207896773,False,False
fronto_d1.0,position_squared,cnn_large,mixed,1004,0.01,0.2604166666666667,0.7395833333333334,96,2.433381996524986e-05,0.0012323719613985603,nan,0.00046372413635253906,0.4888129797342337,False,False
fronto_d1.0,position_squared,cnn_large,mixed,1005,0.01,0.2708333333333333,0.7291666666666666,96,2.9895467378082685e-05,0.0012061250911519366,nan,0.00027441978454589844,0.4888302650044555,False,False
fronto_d1.0,position_squared,cnn_large,mixed,1006,0.01,0.2604166666666667,0.7395833333333334,96,1.5376121154986322e-05,0.0013522460934648271,nan,0.0003218650817871094,0.48886779547317394,False,False
fronto_d1.0,position_squared,cnn_large,mixed,1007,0.01,0.28125,0.71875,96,1.7879548977361992e-05,0.0011676775120197675,nan,0.000331878662109375,0.4888756057492848,False,False
fronto_d1.0,position_squared,cnn_large,mixed,1008,0.01,0.28125,0.71875,96,1.826344487199094e-05,0.0012863716400180701,nan,0.0002911090850830078,0.48885877275213085,False,False
fronto_d1.0,position_squared,cnn_large,mixed,1009,0.01,0.2708333333333333,0.7291666666666666,96,1.33460544020636e-05,0.0006464840814930942,nan,0.0002701282501220703,0.48885397633855576,False,False
fronto_d2.0,position,free,clean,1000,0.05,0.0,1.0,96,0.007085018325597048,2.2228200164433446e-06,5.817413330078125e-05,0.0010044574737548828,0.9826339864372582,False,False
fronto_d2.0,position,free,clean,1001,0.05,0.0,1.0,96,0.00843918789178133,2.2228200164433446e-06,5.817413330078125e-05,0.0010044574737548828,0.9811265775323804,False,False
fronto_d2.0,position,free,clean,1002,0.05,0.0,1.0,96,0.006876684259623289,2.2228200164433446e-06,5.9604644775390625e-05,0.0010044574737548828,0.9816362271881971,False,False
fronto_d2.0,position,free,clean,1003,0.05,0.0,1.0,96,0.007163145113736391,2.2228200164433446e-06,5.7220458984375e-05,0.0010044574737548828,0.9827566727777804,False,False
fronto_d2.0,position,free,clean,1004,0.05,0.0,1.0,96,0.008282936178147793,2.2228200164433446e-06,8.344650268554688e-06,0.0005185604095458984,0.9825108415179235,False,False
fronto_d2.0,position,free,clean,1005,0.05,0.0,1.0,96,0.008335020393133163,2.2228200164433446e-06,5.817413330078125e-05,0.0010044574737548828,0.9832430535761424,False,False
fronto_d2.0,position,free,clean,1006,0.05,0.0,1.0,96,0.006668355781584978,2.2228200164433446e-06,8.344650268554688e-06,0.0002422332763671875,0.9825108391264108,False,False
fronto_d2.0,position,free,clean,1007,0.05,0.0,1.0,96,0.0066162701696157455,2.2228200164433446e-06,5.9604644775390625e-05,0.0010044574737548828,0.9830007637846279,False,False
fronto_d2.0,position,free,clean,1008,0.05,0.0,1.0,96,0.007163140922784805,2.2228200164433446e-06,8.344650268554688e-06,0.0005185604095458984,0.9820137580248769,False,False
fronto_d2.0,position,free,clean,1009,0.05,0.0,1.0,96,0.007397518493235111,2.2228200164433446e-06,5.817413330078125e-05,0.0010044574737548828,0.9820137418021615,False,False
fronto_d2.0,position,free,mixed,1000,0.05,0.3020833333333333,0.6979166666666666,96,0.007346224971115589,2.2228200164433446e-06,3.552436828613281e-05,0.0004937648773193359,0.9778082537673853,False,False
fronto_d2.0,position,free,mixed,1001,0.05,0.2916666666666667,0.7083333333333334,96,0.00860476866364479,2.2228200164433446e-06,3.9577484130859375e-05,0.0005345344543457031,0.976142932704878,False,False
fronto_d2.0,position,free,mixed,1002,0.05,0.2916666666666667,0.7083333333333334,96,0.006990186404436827,2.2228200164433446e-06,4.982948303222656e-05,0.0008859634399414062,0.9767693393876161,False,False
fronto_d2.0,position,free,mixed,1003,0.05,0.2916666666666667,0.7083333333333334,96,0.007487422786653042,2.2228200164433446e-06,5.8650970458984375e-05,0.0009666681289672852,0.9778513562987164,False,False
fronto_d2.0,position,free,mixed,1004,0.05,0.2916666666666667,0.7083333333333334,96,0.008586052805185318,2.2228200164433446e-06,5.7697296142578125e-05,0.0008960962295532227,0.9776098392582702,False,False
fronto_d2.0,position,free,mixed,1005,0.05,0.3020833333333333,0.6979166666666666,96,0.008502237498760223,2.2228200164433446e-06,5.793571472167969e-05,0.0009148120880126953,0.9783697024782275,False,False
fronto_d2.0,position,free,mixed,1006,0.05,0.2916666666666667,0.7083333333333334,96,0.006890902761369944,2.2228200164433446e-06,1.430511474609375e-05,0.00045549869537353516,0.9776312616283309,False,False
fronto_d2.0,position,free,mixed,1007,0.05,0.2916666666666667,0.7083333333333334,96,0.006786329206079245,2.2228200164433446e-06,4.482269287109375e-05,0.0008242130279541016,0.978204867659887,False,False
fronto_d2.0,position,free,mixed,1008,0.05,0.2916666666666667,0.7083333333333334,96,0.007358434610068798,2.2228200164433446e-06,2.6702880859375e-05,0.0003769397735595703,0.9770773919958412,False,False
fronto_d2.0,position,free,mixed,1009,0.05,0.2916666666666667,0.7083333333333334,96,0.007656288333237171,2.2228200164433446e-06,5.078315734863281e-05,0.0008956193923950195,0.9770773062217007,False,False
fronto_d2.0,position,cnn_small,clean,1000,0.01,0.07291666666666667,0.9270833333333334,96,0.002535240724682808,0.00018749953903927585,nan,0.0008968114852905273,0.9810225351596533,False,False
fronto_d2.0,position,cnn_small,clean,1001,0.01,0.0625,0.9375,96,0.0029788862448185682,0.00011979213642470828,nan,0.00408017635345459,0.9810172141131627,False,False
fronto_d2.0,position,cnn_small,clean,1002,0.01,0.09375,0.90625,96,0.003328889375552535,0.00012401660097568668,nan,0.0023887157440185547,0.9808025957549048,False,False
fronto_d2.0,position,cnn_small,clean,1003,0.01,0.07291666666666667,0.9270833333333334,96,0.002934616059064865,4.3514643674003845e-05,nan,0.0029507875442504883,0.9809834897844391,False,False
fronto_d2.0,position,cnn_small,clean,1004,0.01,0.03125,0.96875,96,0.001544275088235736,0.00010540634870857982,nan,0.002850770950317383,0.9818947071455003,False,False
fronto_d2.0,position,cnn_small,clean,1005,0.01,0.07291666666666667,0.9270833333333334,96,0.002833806211128831,0.0003456179391615663,nan,0.0013706684112548828,0.9811275129435529,False,False
fronto_d2.0,position,cnn_small,clean,1006,0.01,0.0,1.0,96,0.8146880269050598,1.2591683677302845,nan,6.866455078125e-05,0.0,True,True
fronto_d2.0,position,cnn_small,clean,1007,0.01,0.08333333333333333,0.9166666666666666,96,0.0037538334727287292,4.6712270605663646e-05,nan,0.0041054487228393555,0.980421657541071,False,False
fronto_d2.0,position,cnn_small,clean,1008,0.01,0.07291666666666667,0.9270833333333334,96,0.0025019764434546232,0.00010602473528881964,nan,0.0013674497604370117,0.981360793919614,False,False
fronto_d2.0,position,cnn_small,clean,1009,0.01,0.08333333333333333,0.9166666666666666,96,0.0031480879988521338,0.00010879759116946572,nan,0.004002094268798828,0.980813226478999,False,False
fronto_d2.0,position,cnn_small,mixed,1000,0.01,0.28125,0.71875,96,0.0007051871507428586,0.00013839278854977044,nan,0.0007950067520141602,0.9777752839817778,False,False
fronto_d2.0,position,cnn_small,mixed,1001,0.01,0.2708333333333333,0.7291666666666666,96,0.0005950843333266675,4.566766999353398e-05,nan,0.0004973411560058594,0.9777808139723426,False,False
fronto_d2.0,position,cnn_small,mixed,1002,0.01,0.2708333333333333,0.7291666666666666,96,0.0008039907552301884,0.00018402541251713635,nan,0.0005696415901184082,0.9776025559629926,False,False
fronto_d2.0,position,cnn_small,mixed,1003,0.01,0.2708333333333333,0.7291666666666666,96,0.0007367591606453061,4.936978387635311e-05,nan,0.0021151304244995117,0.977398310891049,False,False
fronto_d2.0,position,cnn_small,mixed,1004,0.01,0.28125,0.71875,96,0.0006947460351511836,0.00010474558264768181,nan,0.001095890998840332,0.9776691502632617,False,False
fronto_d2.0,position,cnn_small,mixed,1005,0.01,0.2708333333333333,0.7291666666666666,96,0.0007576144416816533,0.0004146389828810484,nan,0.00040841102600097656,0.9775350973598784,False,False
fronto_d2.0,position,cnn_small,mixed,1006,0.01,0.0,1.0,96,0.8164225220680237,1.2591569598661916,nan,0.00010848045349121094,0.0,True,True
fronto_d2.0,position,cnn_small,mixed,1007,0.01,0.2916666666666667,0.7083333333333334,96,0.000519452674780041,5.4621904682127e-06,nan,0.0032203197479248047,0.9775739197717962,False,False
fronto_d2.0,position,cnn_small,mixed,1008,0.01,0.2708333333333333,0.7291666666666666,96,0.001485327142290771,2.386033380615543e-05,nan,0.0018883943557739258,0.9775983492190032,False,False
fronto_d2.0,position,cnn_small,mixed,1009,0.01,0.28125,0.71875,96,0.0006162708159536123,7.85407766182399e-05,nan,0.0008838176727294922,0.9775944277691362,False,False
fronto_d2.0,position,cnn_large,clean,1000,0.01,0.0625,0.9375,96,0.00328541686758399,0.0011382594936146526,nan,0.001287221908569336,0.9812223182338099,False,False
fronto_d2.0,position,cnn_large,clean,1001,0.01,0.052083333333333336,0.9479166666666666,96,0.0024187450762838125,0.0005850644155697512,nan,0.0017279386520385742,0.9811330061204212,False,False
fronto_d2.0,position,cnn_large,clean,1002,0.01,0.125,0.875,96,0.0061492943204939365,0.001532717685686592,nan,0.0039321184158325195,0.9801965379422632,False,False
fronto_d2.0,position,cnn_large,clean,1003,0.01,0.08333333333333333,0.9166666666666666,96,0.003313412657007575,0.001082073434690656,nan,0.0007216930389404297,0.9807365161972559,False,False
fronto_d2.0,position,cnn_large,clean,1004,0.01,0.0625,0.9375,96,0.0036055350210517645,0.0008073927562744624,nan,0.0019248723983764648,0.9812651209873899,False,False
fronto_d2.0,position,cnn_large,clean,1005,0.01,0.0,1.0,96,0.8157620429992676,1.2590577481073815,nan,0.001308441162109375,0.0,True,True
fronto_d2.0,position,cnn_large,clean,1006,0.01,0.09375,0.90625,96,0.004251707345247269,0.0008762550859234612,nan,0.0016111135482788086,0.9806118734038146,False,False
fronto_d2.0,position,cnn_large,clean,1007,0.01,0.08333333333333333,0.9166666666666666,96,0.0029554087668657303,0.0007161714145787849,nan,0.0010858774185180664,0.9808547178483659,False,False
fronto_d2.0,position,cnn_large,clean,1008,0.01,0.28125,0.71875,96,0.012236388400197029,0.00298103215511091,nan,0.004232525825500488,0.97632623196987,False,False
fronto_d2.0,position,cnn_large,clean,1009,0.01,0.0625,0.9375,96,0.004168464336544275,0.0008001003398143155,nan,0.004128932952880859,0.9805440140554615,False,False
fronto_d2.0,position,cnn_large,mixed,1000,0.01,0.3020833333333333,0.6979166666666666,96,0.001307667582295835,0.0006538255467110723,nan,0.001427292823791504,0.9776467468822229,False,False
fronto_d2.0,position,cnn_large,mixed,1001,0.01,0.2708333333333333,0.7291666666666666,96,0.0014953853096812963,0.0006925507209041803,nan,0.0013135671615600586,0.9778096825233089,False,False
fronto_d2.0,position,cnn_large,mixed,1002,0.01,0.2708333333333333,0.7291666666666666,96,0.0013133026659488678,0.0007182731766206224,nan,0.0011324882507324219,0.9777908536169685,False,False
fronto_d2.0,position,cnn_large,mixed,1003,0.01,0.2708333333333333,0.7291666666666666,96,0.0016639560926705599,0.0010931267836518455,nan,0.0013431310653686523,0.97754658091425,False,False
fronto_d2.0,position,cnn_large,mixed,1004,0.01,0.2916666666666667,0.7083333333333334,96,0.003144868416711688,0.0009571081356252748,nan,0.0008519887924194336,0.9769740818513152,False,False
fronto_d2.0,position,cnn_large,mixed,1005,0.01,0.0,1.0,96,0.8174010515213013,1.259151406094587,nan,0.0007365942001342773,0.0,True,True
fronto_d2.0,position,cnn_large,mixed,1006,0.01,0.2708333333333333,0.7291666666666666,96,0.0014990686904639006,0.0006496462653067513,nan,0.0007541179656982422,0.9778069064920272,False,False
fronto_d2.0,position,cnn_large,mixed,1007,0.01,0.28125,0.71875,96,0.0020444164983928204,0.0006964072253844377,nan,0.001963019371032715,0.977539878678975,False,False
fronto_d2.0,position,cnn_large,mixed,1008,0.01,0.28125,0.71875,96,0.0013617873191833496,0.0005550166541338634,nan,0.0014710426330566406,0.9776100032444073,False,False
fronto_d2.0,position,cnn_large,mixed,1009,0.01,0.2708333333333333,0.7291666666666666,96,0.0013649131869897246,0.0007536435772881531,nan,0.0006989240646362305,0.9776691209901113,False,False
fronto_d2.0,position+both,free,clean,1000,0.05,0.0625,0.9375,96,0.03065318800508976,3.884289592964613e-07,nan,0.0003173351287841797,0.9813318771169047,False,False
fronto_d2.0,position+both,free,clean,1001,0.05,0.041666666666666664,0.9583333333333334,96,0.035037897527217865,3.8382853299530965e-07,nan,0.0005985498428344727,0.9800594021367103,False,False
fronto_d2.0,position+both,free,clean,1002,0.05,0.020833333333333332,0.9791666666666666,96,0.02957777865231037,3.687705261975234e-07,nan,0.0004922151565551758,0.9812450079239144,False,False
fronto_d2.0,position+both,free,clean,1003,0.05,0.07291666666666667,0.9270833333333334,96,0.030864346772432327,3.710671434192708e-07,nan,0.0005294084548950195,0.9813857705766407,False,False
fronto_d2.0,position+both,free,clean,1004,0.05,0.08333333333333333,0.9166666666666666,96,0.03491967171430588,3.8577540242855373e-07,nan,0.0004062652587890625,0.9805176400633593,False,False
fronto_d2.0,position+both,free,clean,1005,0.05,0.10416666666666667,0.8958333333333334,96,0.034836336970329285,3.8312362547734555e-07,nan,0.0008944272994995117,0.9814177439622709,False,False
fronto_d2.0,position+both,free,clean,1006,0.05,0.041666666666666664,0.9583333333333334,96,0.029211480170488358,3.599669719967947e-07,nan,0.0003679990768432617,0.9816159269014443,False,False
fronto_d2.0,position+both,free,clean,1007,0.05,0.03125,0.96875,96,0.028936803340911865,3.884952316620792e-07,nan,0.0004252195358276367,0.9822536587897753,False,False
fronto_d2.0,position+both,free,clean,1008,0.05,0.020833333333333332,0.9791666666666666,96,0.030636213719844818,3.780367301930504e-07,nan,0.0024309158325195312,0.9813075278833908,False,False
fronto_d2.0,position+both,free,clean,1009,0.05,0.08333333333333333,0.9166666666666666,96,0.0314970538020134,3.815142654768434e-07,nan,0.00047326087951660156,0.9804812966060832,False,False
fronto_d2.0,position+both,free,mixed,1000,0.05,0.3020833333333333,0.6979166666666666,96,0.022964125499129295,3.749597074263137e-07,nan,0.0010563135147094727,0.9770180793005773,False,False
fronto_d2.0,position+both,free,mixed,1001,0.05,0.3125,0.6875,96,0.026423193514347076,3.8233662619690314e-07,nan,0.00033855438232421875,0.975291275655673,False,False
fronto_d2.0,position+both,free,mixed,1002,0.05,0.2916666666666667,0.7083333333333334,96,0.02194708026945591,3.826731487207241e-07,nan,0.00072479248046875,0.9763877804289975,False,False
fronto_d2.0,position+both,free,mixed,1003,0.05,0.3333333333333333,0.6666666666666666,96,0.023281974717974663,3.910052582481659e-07,nan,0.0010415315628051758,0.9769695458149886,False,False
fronto_d2.0,position+both,free,mixed,1004,0.05,0.3333333333333333,0.6666666666666666,96,0.02643621899187565,3.778936931288586e-07,nan,0.0007040500640869141,0.9762325966429687,False,False
fronto_d2.0,position+both,free,mixed,1005,0.05,0.3333333333333333,0.6666666666666666,96,0.026125648990273476,3.8583545827534967e-07,nan,0.0006353855133056641,0.9771083629371976,False,False
fronto_d2.0,position+both,free,mixed,1006,0.05,0.3020833333333333,0.6979166666666666,96,0.02163797616958618,3.775597292439556e-07,nan,0.00036978721618652344,0.9770362031866169,False,False
fronto_d2.0,position+both,free,mixed,1007,0.05,0.3020833333333333,0.6979166666666666,96,0.02125449851155281,3.8116996587051333e-07,nan,0.0006273984909057617,0.9775924354554237,False,False
fronto_d2.0,position+both,free,mixed,1008,0.05,0.3020833333333333,0.6979166666666666,96,0.023004814982414246,3.864954566906976e-07,nan,0.00043463706970214844,0.9764698249859307,False,False
fronto_d2.0,position+both,free,mixed,1009,0.05,0.3020833333333333,0.6979166666666666,96,0.02374081313610077,3.8551505231722705e-07,nan,0.00040984153747558594,0.9761229282489192,False,False
fronto_d2.0,position+both,cnn_small,clean,1000,0.01,0.03125,0.96875,96,0.00427458668127656,6.36134351215898e-05,nan,0.001067519187927246,0.9820937618391117,False,False
fronto_d2.0,position+both,cnn_small,clean,1001,0.01,0.020833333333333332,0.9791666666666666,96,0.0031768709886819124,9.006325083705018e-05,nan,0.003548860549926758,0.9822124784551292,False,False
fronto_d2.0,position+both,cnn_small,clean,1002,0.01,0.052083333333333336,0.9479166666666666,96,0.010273683816194534,0.00012229070122688978,nan,0.005368709564208984,0.9811720879193073,False,False
fronto_d2.0,position+both,cnn_small,clean,1003,0.01,0.03125,0.96875,96,0.005904336925595999,8.429318960885423e-05,nan,0.0037076473236083984,0.9818889235022072,False,False
fronto_d2.0,position+both,cnn_small,clean,1004,0.01,0.020833333333333332,0.9791666666666666,96,0.004099807236343622,8.352807937104152e-05,nan,0.002720475196838379,0.98211773522314,False,False
fronto_d2.0,position+both,cnn_small,clean,1005,0.01,0.020833333333333332,0.9791666666666666,96,0.005041397176682949,0.00012747916392440633,nan,0.0025919675827026367,0.9819154088098989,False,False
fronto_d2.0,position+both,cnn_small,clean,1006,0.01,0.0,1.0,96,0.8599246144294739,1.259169118253177,nan,0.0002766847610473633,0.0,True,True
fronto_d2.0,position+both,cnn_small,clean,1007,0.01,0.07291666666666667,0.9270833333333334,96,0.012207720428705215,9.507734624554828e-05,nan,0.005674958229064941,0.9810649996957602,False,False
fronto_d2.0,position+both,cnn_small,clean,1008,0.01,0.07291666666666667,0.9270833333333334,96,0.011402207426726818,1.857895178056195e-05,nan,0.0059816837310791016,0.9808000514415266,False,False
fronto_d2.0,position+both,cnn_small,clean,1009,0.01,0.041666666666666664,0.9583333333333334,96,0.006245074328035116,5.9965864451776294e-05,nan,0.0096205472946167,0.9817555944286729,False,False
fronto_d2.0,position+both,cnn_small,mixed,1000,0.01,0.28125,0.71875,96,0.0015309961745515466,0.0001115478111951229,nan,0.0009458065032958984,0.977662523898558,False,False
fronto_d2.0,position+both,cnn_small,mixed,1001,0.01,0.28125,0.71875,96,0.0012909176293760538,6.189703977097817e-05,nan,0.00027430057525634766,0.9777915753785076,False,False
fronto_d2.0,position+both,cnn_small,mixed,1002,0.01,0.28125,0.71875,96,0.0014742917846888304,7.370661636546186e-05,nan,0.001572251319885254,0.977722177568996,False,False
fronto_d2.0,position+both,cnn_small,mixed,1003,0.01,0.28125,0.71875,96,0.001421817927621305,6.486981012479854e-05,nan,0.0007609128952026367,0.9776799392493298,False,False
fronto_d2.0,position+both,cnn_small,mixed,1004,0.01,0.28125,0.71875,96,0.0014350333949550986,1.7261418862508706e-05,nan,0.0005199313163757324,0.977690869666505,False,False
fronto_d2.0,position+both,cnn_small,mixed,1005,0.01,0.28125,0.71875,96,0.0013186336727812886,0.00013991446098707053,nan,0.0017905235290527344,0.977715207100011,False,False
fronto_d2.0,position+both,cnn_small,mixed,1006,0.01,0.28125,0.71875,96,0.001427306910045445,1.4295102989279873e-05,nan,0.0014077425003051758,0.9776108946898783,False,False
fronto_d2.0,position+both,cnn_small,mixed,1007,0.01,0.28125,0.71875,96,0.0012578428722918034,3.2634561890540084e-05,nan,0.0003216266632080078,0.9777676800301699,False,False
fronto_d2.0,position+both,cnn_small,mixed,1008,0.01,0.28125,0.71875,96,0.0019043019274249673,4.6022188923280124e-05,nan,0.0010846853256225586,0.9776436006477137,False,False
fronto_d2.0,position+both,cnn_small,mixed,1009,0.01,0.2916666666666667,0.7083333333333334,96,0.001326698693446815,2.5562105896072635e-05,nan,0.0004438161849975586,0.9776965703288768,False,False
fronto_d2.0,position+both,cnn_large,clean,1000,0.01,0.010416666666666666,0.9895833333333334,96,0.0037123661022633314,0.0002693254988080182,nan,0.0024499893188476562,0.982163999704157,False,False
fronto_d2.0,position+both,cnn_large,clean,1001,0.01,0.0,1.0,96,0.8568316698074341,1.2591341446102071,nan,0.0008411407470703125,0.0,True,True
fronto_d2.0,position+both,cnn_large,clean,1002,0.01,0.020833333333333332,0.9791666666666666,96,0.0058413282968103886,0.00027001633418428407,nan,0.004266023635864258,0.9817717608909459,False,False
fronto_d2.0,position+both,cnn_large,clean,1003,0.01,0.0,1.0,96,0.0019564845133572817,0.00017139926270058148,nan,0.0004010796546936035,0.982488567763611,False,False
fronto_d2.0,position+both,cnn_large,clean,1004,0.01,0.0,1.0,96,0.00263298605568707,0.0002870130946695811,nan,0.0005196332931518555,0.9823871392035184,False,False
fronto_d2.0,position+both,cnn_large,clean,1005,0.01,0.041666666666666664,0.9583333333333334,96,0.008176692761480808,0.0007708214345225353,nan,0.0020292997360229492,0.9815735155188845,False,False
fronto_d2.0,position+both,cnn_large,clean,1006,0.01,0.0,1.0,96,0.0019257661188021302,0.00015357205822162046,nan,0.0004470348358154297,0.9824675857975641,False,False
fronto_d2.0,position+both,cnn_large,clean,1007,0.01,0.03125,0.96875,96,0.006319854408502579,0.00020634610601782564,nan,0.0051860809326171875,0.9818961388985137,False,False
fronto_d2.0,position+both,cnn_large,clean,1008,0.01,0.020833333333333332,0.9791666666666666,96,0.004872170276939869,0.0005103906847369438,nan,0.002246856689453125,0.9820855996269562,False,False
fronto_d2.0,position+both,cnn_large,clean,1009,0.01,0.010416666666666666,0.9895833333333334,96,0.0017472661565989256,0.00016035187434618804,nan,0.002841949462890625,0.9823327202692481,False,False
fronto_d2.0,position+both,cnn_large,mixed,1000,0.01,0.3020833333333333,0.6979166666666666,96,0.0022917657624930143,0.0004918741809837906,nan,0.0007738471031188965,0.9776583902756926,False,False
fronto_d2.0,position+both,cnn_large,mixed,1001,0.01,0.28125,0.71875,96,0.002820811001583934,0.0007335029213806773,nan,0.000727534294128418,0.9776555892349313,False,False
fronto_d2.0,position+both,cnn_large,mixed,1002,0.01,0.28125,0.71875,96,0.0023537976667284966,0.0002984684047298654,nan,0.0015350580215454102,0.9775951876626789,False,False
fronto_d2.0,position+both,cnn_large,mixed,1003,0.01,0.2708333333333333,0.7291666666666666,96,0.002985064871609211,0.0001697957462937896,nan,0.0008338689804077148,0.977640336168116,False,False
fronto_d2.0,position+both,cnn_large,mixed,1004,0.01,0.3125,0.6875,96,0.0027905122842639685,0.00030877927178809097,nan,0.00042188167572021484,0.9774620187064496,False,False
fronto_d2.0,position+both,cnn_large,mixed,1005,0.01,0.28125,0.71875,96,0.0019454513676464558,0.00040506379042506155,nan,0.0005702972412109375,0.9775906054098656,False,False
fronto_d2.0,position+both,cnn_large,mixed,1006,0.01,0.28125,0.71875,96,0.0017290679970756173,0.00025815194795478214,nan,0.0006164312362670898,0.9776903607798217,False,False
fronto_d2.0,position+both,cnn_large,mixed,1007,0.01,0.2708333333333333,0.7291666666666666,96,0.00287807360291481,0.0003568232357921515,nan,0.0011771917343139648,0.9776536975403839,False,False
fronto_d2.0,position+both,cnn_large,mixed,1008,0.01,0.2708333333333333,0.7291666666666666,96,0.002386023523285985,0.00047797326350731625,nan,0.0009050369262695312,0.9777463443512222,False,False
fronto_d2.0,position+both,cnn_large,mixed,1009,0.01,0.0,1.0,96,0.8547779321670532,1.2591692683578375,nan,9.834766387939453e-05,0.0,True,True
fronto_d2.0,position+conf,free,clean,1000,0.05,0.0,1.0,96,-1.0503517389297485,1.6190541437241446e-06,nan,0.00033605098724365234,0.9826368199061283,False,False
fronto_d2.0,position+conf,free,clean,1001,0.05,0.0,1.0,96,-1.0489048957824707,1.6190541437241446e-06,nan,0.0004774332046508789,0.9811294220240185,False,False
fronto_d2.0,position+conf,free,clean,1002,0.05,0.0,1.0,96,-1.0501155853271484,1.6190541437241446e-06,nan,0.0004774332046508789,0.9816390492829248,False,False
fronto_d2.0,position+conf,free,clean,1003,0.05,0.0,1.0,96,-1.0519102811813354,1.6190541437241446e-06,nan,0.0004774332046508789,0.9827595294874063,False,False
fronto_d2.0,position+conf,free,clean,1004,0.05,0.0,1.0,96,-1.0487080812454224,1.6190541437241446e-06,nan,0.0004774332046508789,0.9825136697150486,False,False
fronto_d2.0,position+conf,free,clean,1005,0.05,0.0,1.0,96,-1.0493274927139282,1.6190541437241446e-06,nan,0.0004774332046508789,0.983245895721928,False,False
fronto_d2.0,position+conf,free,clean,1006,0.05,0.0,1.0,96,-1.0511077642440796,1.6190541437241446e-06,nan,0.0002129077911376953,0.9825136828427824,False,False
fronto_d2.0,position+conf,free,clean,1007,0.05,0.0,1.0,96,-1.0518271923065186,1.6190541437241446e-06,nan,0.00033605098724365234,0.9830036095640869,False,False
fronto_d2.0,position+conf,free,clean,1008,0.05,0.0,1.0,96,-1.0506154298782349,1.6190541437241446e-06,nan,0.0004774332046508789,0.9820165867715,False,False
fronto_d2.0,position+conf,free,clean,1009,0.05,0.0,1.0,96,-1.0499558448791504,1.6190541437241446e-06,nan,0.0004774332046508789,0.9820165749302464,False,False
fronto_d2.0,position+conf,free,mixed,1000,0.05,0.3020833333333333,0.6979166666666666,96,-1.0361666679382324,1.6190541437241446e-06,nan,0.0006797313690185547,0.9778110396783014,False,False
fronto_d2.0,position+conf,free,mixed,1001,0.05,0.2916666666666667,0.7083333333333334,96,-1.0342978239059448,1.6190541437241446e-06,nan,0.0008105039596557617,0.9761456802727424,False,False
fronto_d2.0,position+conf,free,mixed,1002,0.05,0.2916666666666667,0.7083333333333334,96,-1.0359023809432983,1.6190541437241446e-06,nan,0.0004057884216308594,0.9767721541150777,False,False
fronto_d2.0,position+conf,free,mixed,1003,0.05,0.2916666666666667,0.7083333333333334,96,-1.0366170406341553,1.6190541437241446e-06,nan,0.0009237527847290039,0.977854181420953,False,False
fronto_d2.0,position+conf,free,mixed,1004,0.05,0.2916666666666667,0.7083333333333334,96,-1.0341062545776367,1.6190541437241446e-06,nan,0.0008722543716430664,0.977612607547327,False,False
fronto_d2.0,position+conf,free,mixed,1005,0.05,0.3020833333333333,0.6979166666666666,96,-1.034628987312317,1.6190541437241446e-06,nan,0.0008853673934936523,0.9783725098003282,False,False
fronto_d2.0,position+conf,free,mixed,1006,0.05,0.2916666666666667,0.7083333333333334,96,-1.036990761756897,1.6190541437241446e-06,nan,0.0006041526794433594,0.9776340621287042,False,False
fronto_d2.0,position+conf,free,mixed,1007,0.05,0.2916666666666667,0.7083333333333334,96,-1.0372406244277954,1.6190541437241446e-06,nan,0.0008230209350585938,0.978207663452853,False,False
fronto_d2.0,position+conf,free,mixed,1008,0.05,0.2916666666666667,0.7083333333333334,96,-1.0361714363098145,1.6190541437241446e-06,nan,0.0007493495941162109,0.9770801982358464,False,False
fronto_d2.0,position+conf,free,mixed,1009,0.05,0.2916666666666667,0.7083333333333334,96,-1.0353065729141235,1.6190541437241446e-06,nan,0.0007950067520141602,0.9770801643260415,False,False
fronto_d2.0,position+conf,cnn_small,clean,1000,0.01,0.08333333333333333,0.9166666666666666,96,-0.5167668461799622,0.00022883533153670815,nan,0.0013935565948486328,0.9807129837645773,False,False
fronto_d2.0,position+conf,cnn_small,clean,1001,0.01,0.08333333333333333,0.9166666666666666,96,-0.5685285925865173,6.224469799519267e-05,nan,0.0010271072387695312,0.9807429471750418,False,False
fronto_d2.0,position+conf,cnn_small,clean,1002,0.01,0.125,0.875,96,-0.44993746280670166,0.00012870264046765842,nan,0.0020066499710083008,0.9800024984309633,False,False
fronto_d2.0,position+conf,cnn_small,clean,1003,0.01,0.08333333333333333,0.9166666666666666,96,-0.5602976083755493,5.2005711032674465e-05,nan,0.0009562969207763672,0.9803187042702894,False,False
fronto_d2.0,position+conf,cnn_small,clean,1004,0.01,0.07291666666666667,0.9270833333333334,96,-0.4757339060306549,0.00038349984413088497,nan,0.002275824546813965,0.9807026041058851,False,False
fronto_d2.0,position+conf,cnn_small,clean,1005,0.01,0.125,0.875,96,-0.436367392539978,0.0002758346877824373,nan,0.0028804540634155273,0.9799526815157383,False,False
fronto_d2.0,position+conf,cnn_small,clean,1006,0.01,0.09375,0.90625,96,-0.48397544026374817,3.3219954363493555e-05,nan,0.0013244152069091797,0.979153626735327,False,False
fronto_d2.0,position+conf,cnn_small,clean,1007,0.01,0.08333333333333333,0.9166666666666666,96,-0.4185790717601776,7.270297076926236e-05,nan,0.006437420845031738,0.9803960391619312,False,False
fronto_d2.0,position+conf,cnn_small,clean,1008,0.01,0.041666666666666664,0.9583333333333334,96,-0.3805469274520874,1.8807562390415495e-05,nan,0.007116913795471191,0.9814789960182163,False,False
fronto_d2.0,position+conf,cnn_small,clean,1009,0.01,0.11458333333333333,0.8854166666666666,96,-0.48204177618026733,4.866567395238022e-05,nan,0.0060045719146728516,0.9801111438457211,False,False
fronto_d2.0,position+conf,cnn_small,mixed,1000,0.01,0.28125,0.71875,96,-0.5453101992607117,0.00012761651330405458,nan,0.0007179975509643555,0.9777880056020622,False,False
fronto_d2.0,position+conf,cnn_small,mixed,1001,0.01,0.2708333333333333,0.7291666666666666,96,-0.5634463429450989,7.091478320089873e-05,nan,0.002494335174560547,0.9779128616984213,False,False
fronto_d2.0,position+conf,cnn_small,mixed,1002,0.01,0.2708333333333333,0.7291666666666666,96,-0.5028926134109497,0.0002171928320011894,nan,0.003726482391357422,0.9776239659101887,False,False
fronto_d2.0,position+conf,cnn_small,mixed,1003,0.01,0.2708333333333333,0.7291666666666666,96,-0.46626755595207214,5.3630654145100236e-05,nan,0.0012375116348266602,0.9773795181033597,False,False
fronto_d2.0,position+conf,cnn_small,mixed,1004,0.01,0.28125,0.71875,96,-0.47480612993240356,5.5699490780851685e-05,nan,0.0021889209747314453,0.9776890112328421,False,False
fronto_d2.0,position+conf,cnn_small,mixed,1005,0.01,0.28125,0.71875,96,-0.4596877098083496,0.00043008450425469644,nan,0.0018389225006103516,0.9775725165982504,False,False
fronto_d2.0,position+conf,cnn_small,mixed,1006,0.01,0.2916666666666667,0.7083333333333334,96,-0.47747331857681274,2.6404683600359584e-05,nan,0.0005772113800048828,0.9771774768235038,False,False
fronto_d2.0,position+conf,cnn_small,mixed,1007,0.01,0.2916666666666667,0.7083333333333334,96,-0.5318819284439087,1.0393622591550495e-05,nan,0.002155303955078125,0.9772968730307544,False,False
fronto_d2.0,position+conf,cnn_small,mixed,1008,0.01,0.2916666666666667,0.7083333333333334,96,-0.4009374678134918,8.041092348865261e-05,nan,0.0006986856460571289,0.9764568148689823,False,False
fronto_d2.0,position+conf,cnn_small,mixed,1009,0.01,0.28125,0.71875,96,-0.49492159485816956,2.7069553704401297e-05,nan,0.001003265380859375,0.9776736498019486,False,False
fronto_d2.0,position+conf,cnn_large,clean,1000,0.01,0.09375,0.90625,96,-0.4277617633342743,0.0003709890104766199,nan,0.00281679630279541,0.9804202514650568,False,False
fronto_d2.0,position+conf,cnn_large,clean,1001,0.01,0.07291666666666667,0.9270833333333334,96,-0.1910809725522995,0.0007143806464976673,nan,0.0023893117904663086,0.9809339326815136,False,False
fronto_d2.0,position+conf,cnn_large,clean,1002,0.01,0.10416666666666667,0.8958333333333334,96,-0.2452406883239746,0.0015650769520848256,nan,0.011341333389282227,0.9800394096598537,False,False
fronto_d2.0,position+conf,cnn_large,clean,1003,0.01,0.10416666666666667,0.8958333333333334,96,-0.4083242118358612,0.0004482643606522686,nan,0.005671143531799316,0.979350590549848,False,False
fronto_d2.0,position+conf,cnn_large,clean,1004,0.01,0.11458333333333333,0.8854166666666666,96,-0.32783418893814087,0.0014847076164735268,nan,0.002512335777282715,0.9792893437057302,False,False
fronto_d2.0,position+conf,cnn_large,clean,1005,0.01,0.0625,0.9375,96,-0.459797739982605,0.000761517557143033,nan,0.0036317110061645508,0.9811842215839124,False,False
fronto_d2.0,position+conf,cnn_large,clean,1006,0.01,0.11458333333333333,0.8854166666666666,96,-0.44049230217933655,0.0006932470342139186,nan,0.0035178661346435547,0.9803503512346875,False,False
fronto_d2.0,position+conf,cnn_large,clean,1007,0.01,0.09375,0.90625,96,-0.5138923525810242,0.0004460413610568468,nan,0.005149245262145996,0.9806870718431785,False,False
fronto_d2.0,position+conf,cnn_large,clean,1008,0.01,0.0625,0.9375,96,-0.3806152045726776,0.0004627659130089945,nan,0.0036803483963012695,0.9812387875285887,False,False
fronto_d2.0,position+conf,cnn_large,clean,1009,0.01,0.09375,0.90625,96,-0.22778870165348053,0.0007885708889177447,nan,0.0029108524322509766,0.9810476419537647,False,False
fronto_d2.0,position+conf,cnn_large,mixed,1000,0.01,0.2916666666666667,0.7083333333333334,96,-0.4112181067466736,0.00042276196154204413,nan,0.003011941909790039,0.9774068460498501,False,False
fronto_d2.0,position+conf,cnn_large,mixed,1001,0.01,0.3020833333333333,0.6979166666666666,96,-0.20351672172546387,0.000546680942579476,nan,0.0015274286270141602,0.977438697688905,False,False
fronto_d2.0,position+conf,cnn_large,mixed,1002,0.01,0.2916666666666667,0.7083333333333334,96,-0.35351723432540894,0.0005555224753931123,nan,0.0014957189559936523,0.9771765641767716,False,False
fronto_d2.0,position+conf,cnn_large,mixed,1003,0.01,0.3020833333333333,0.6979166666666666,96,-0.3161497116088867,0.0006910963307183117,nan,0.0010492801666259766,0.9773647060591544,False,False
fronto_d2.0,position+conf,cnn_large,mixed,1004,0.01,0.3125,0.6875,96,-0.36764761805534363,0.0007033176629729065,nan,0.001287221908569336,0.9768271353555016,False,False
fronto_d2.0,position+conf,cnn_large,mixed,1005,0.01,0.0,1.0,96,0.5181101560592651,1.2591692683578375,nan,0.0003466606140136719,0.0,True,True
fronto_d2.0,position+conf,cnn_large,mixed,1006,0.01,0.28125,0.71875,96,-0.5576322674751282,0.0006552321201312865,nan,0.005987882614135742,0.9772030514266645,False,False
fronto_d2.0,position+conf,cnn_large,mixed,1007,0.01,0.28125,0.71875,96,-0.3593693673610687,0.0023375999890852344,nan,0.005041360855102539,0.9761936215753596,False,False
fronto_d2.0,position+conf,cnn_large,mixed,1008,0.01,0.2708333333333333,0.7291666666666666,96,-0.3898390233516693,0.00043756311549706745,nan,0.0016987323760986328,0.9772746748406721,False,False
fronto_d2.0,position+conf,cnn_large,mixed,1009,0.01,0.28125,0.71875,96,-0.20892709493637085,0.0007615390210589379,nan,0.0016341209411621094,0.9777728251034842,False,False
fronto_d2.0,position+conf_noclip,free,clean,1000,0.05,0.0,1.0,96,-0.5157188773155212,3.902721521532986e-06,nan,0.00037598609924316406,0.9826324055447238,False,False
fronto_d2.0,position+conf_noclip,free,clean,1001,0.05,0.0,1.0,96,-0.5148797631263733,3.902721521532986e-06,nan,0.0006306171417236328,0.9811249398138275,False,False
fronto_d2.0,position+conf_noclip,free,clean,1002,0.05,0.0,1.0,96,-0.5152798295021057,3.902721521532986e-06,nan,0.0006306171417236328,0.9816346076425045,False,False
fronto_d2.0,position+conf_noclip,free,clean,1003,0.05,0.0,1.0,96,-0.5163922309875488,3.902721521532986e-06,nan,0.0006306171417236328,0.982755093238296,False,False
fronto_d2.0,position+conf_noclip,free,clean,1004,0.05,0.0,1.0,96,-0.5148620009422302,3.902721521532986e-06,nan,0.0006306171417236328,0.9825091969854266,False,False
fronto_d2.0,position+conf_noclip,free,clean,1005,0.05,0.0,1.0,96,-0.5151263475418091,3.902721521532986e-06,nan,0.0006306171417236328,0.9832414456086381,False,False
fronto_d2.0,position+conf_noclip,free,clean,1006,0.05,0.0,1.0,96,-0.5161012411117554,3.902721521532986e-06,nan,0.00037598609924316406,0.9825092463572875,False,False
fronto_d2.0,position+conf_noclip,free,clean,1007,0.05,0.0,1.0,96,-0.5164364576339722,3.902721521532986e-06,nan,0.0002129077911376953,0.9829991929684022,False,False
fronto_d2.0,position+conf_noclip,free,clean,1008,0.05,0.0,1.0,96,-0.5158548951148987,3.902721521532986e-06,nan,0.0006306171417236328,0.9820121283827639,False,False
fronto_d2.0,position+conf_noclip,free,clean,1009,0.05,0.0,1.0,96,-0.5153815150260925,3.902721521532986e-06,nan,0.0006306171417236328,0.9820121067260259,False,False
fronto_d2.0,position+conf_noclip,free,mixed,1000,0.05,0.3020833333333333,0.6979166666666666,96,-0.5083937048912048,3.902721521532986e-06,nan,0.0004589557647705078,0.9778066783283867,False,False
fronto_d2.0,position+conf_noclip,free,mixed,1001,0.05,0.2916666666666667,0.7083333333333334,96,-0.5070163011550903,3.902721521532986e-06,nan,0.0007605552673339844,0.9761413025054572,False,False
fronto_d2.0,position+conf_noclip,free,mixed,1002,0.05,0.2916666666666667,0.7083333333333334,96,-0.5080896019935608,3.902721521532986e-06,nan,0.0007625818252563477,0.976767761766986,False,False
fronto_d2.0,position+conf_noclip,free,mixed,1003,0.05,0.2916666666666667,0.7083333333333334,96,-0.5083934664726257,3.902721521532986e-06,nan,0.0009741783142089844,0.9778497961714848,False,False
fronto_d2.0,position+conf_noclip,free,mixed,1004,0.05,0.2916666666666667,0.7083333333333334,96,-0.5070708394050598,3.902721521532986e-06,nan,0.0009593963623046875,0.9776082528222556,False,False
fronto_d2.0,position+conf_noclip,free,mixed,1005,0.05,0.3020833333333333,0.6979166666666666,96,-0.5072176456451416,3.902721521532986e-06,nan,0.0010023117065429688,0.9783681627770447,False,False
fronto_d2.0,position+conf_noclip,free,mixed,1006,0.05,0.2916666666666667,0.7083333333333334,96,-0.5088608860969543,3.902721521532986e-06,nan,0.00043523311614990234,0.9776296714654201,False,False
fronto_d2.0,position+conf_noclip,free,mixed,1007,0.05,0.2916666666666667,0.7083333333333334,96,-0.5090084075927734,3.902721521532986e-06,nan,0.000985860824584961,0.978203297829225,False,False
fronto_d2.0,position+conf_noclip,free,mixed,1008,0.05,0.2916666666666667,0.7083333333333334,96,-0.5083978176116943,3.902721521532986e-06,nan,0.0007003545761108398,0.9770758011346523,False,False
fronto_d2.0,position+conf_noclip,free,mixed,1009,0.05,0.2916666666666667,0.7083333333333334,96,-0.507792055606842,3.902721521532986e-06,nan,0.0008733272552490234,0.9770757360996943,False,False
fronto_d2.0,position+conf_noclip,cnn_small,clean,1000,0.01,0.0625,0.9375,96,-0.2674019932746887,0.0001119887326596184,nan,0.0012161731719970703,0.981144314375911,False,False
fronto_d2.0,position+conf_noclip,cnn_small,clean,1001,0.01,0.041666666666666664,0.9583333333333334,96,-0.2798786461353302,7.558733656371809e-05,nan,0.0056656599044799805,0.9814159375536242,False,False
fronto_d2.0,position+conf_noclip,cnn_small,clean,1002,0.01,0.09375,0.90625,96,-0.25613632798194885,0.00011616327027321159,nan,0.001984238624572754,0.9803187988978779,False,False
fronto_d2.0,position+conf_noclip,cnn_small,clean,1003,0.01,0.08333333333333333,0.9166666666666666,96,-0.26968541741371155,4.2583807272032955e-05,nan,0.003221750259399414,0.9802713494758394,False,False
fronto_d2.0,position+conf_noclip,cnn_small,clean,1004,0.01,0.052083333333333336,0.9479166666666666,96,-0.26041051745414734,0.00019100886603057158,nan,0.005042910575866699,0.9814325858354894,False,False
fronto_d2.0,position+conf_noclip,cnn_small,clean,1005,0.01,0.10416666666666667,0.8958333333333334,96,-0.2566912770271301,0.0003699156449600983,nan,0.0009418725967407227,0.9801941347776848,False,False
fronto_d2.0,position+conf_noclip,cnn_small,clean,1006,0.01,0.0,1.0,96,0.11001012474298477,1.2591692683578375,nan,3.814697265625e-06,0.0,True,True
fronto_d2.0,position+conf_noclip,cnn_small,clean,1007,0.01,0.0625,0.9375,96,-0.2533900737762451,3.6734194693942864e-05,nan,0.010264277458190918,0.9811103197566313,False,False
fronto_d2.0,position+conf_noclip,cnn_small,clean,1008,0.01,0.15625,0.84375,96,-0.22580040991306305,0.00013319426918642104,nan,0.001276850700378418,0.9786608877694224,False,False
fronto_d2.0,position+conf_noclip,cnn_small,clean,1009,0.01,0.07291666666666667,0.9270833333333334,96,-0.27887848019599915,3.303389920469303e-05,nan,0.0016436576843261719,0.9807128504197297,False,False
fronto_d2.0,position+conf_noclip,cnn_small,mixed,1000,0.01,0.28125,0.71875,96,-0.27712032198905945,0.00012710773109309064,nan,0.0006604194641113281,0.9778040109875806,False,False
fronto_d2.0,position+conf_noclip,cnn_small,mixed,1001,0.01,0.2708333333333333,0.7291666666666666,96,-0.2855300009250641,1.2819501431611579e-05,nan,0.001202225685119629,0.9778026957502957,False,False
fronto_d2.0,position+conf_noclip,cnn_small,mixed,1002,0.01,0.2708333333333333,0.7291666666666666,96,-0.2540234923362732,0.00026919703237124966,nan,0.002173900604248047,0.9776996434759234,False,False
fronto_d2.0,position+conf_noclip,cnn_small,mixed,1003,0.01,0.2708333333333333,0.7291666666666666,96,-0.2789137661457062,4.337201802029455e-05,nan,0.0010319948196411133,0.9776057411509597,False,False
fronto_d2.0,position+conf_noclip,cnn_small,mixed,1004,0.01,0.2708333333333333,0.7291666666666666,96,-0.26375123858451843,0.0001411861056130087,nan,0.0013195276260375977,0.9775868423636412,False,False
fronto_d2.0,position+conf_noclip,cnn_small,mixed,1005,0.01,0.28125,0.71875,96,-0.26808732748031616,0.0004050440939916391,nan,0.0012704133987426758,0.9775589492163582,False,False
fronto_d2.0,position+conf_noclip,cnn_small,mixed,1006,0.01,0.0,1.0,96,0.11351500451564789,1.2591692683578375,nan,5.9604644775390625e-06,0.0,True,True
fronto_d2.0,position+conf_noclip,cnn_small,mixed,1007,0.01,0.2916666666666667,0.7083333333333334,96,-0.2602904438972473,6.366588662520279e-05,nan,0.0007413625717163086,0.977607716345948,False,False
fronto_d2.0,position+conf_noclip,cnn_small,mixed,1008,0.01,0.2708333333333333,0.7291666666666666,96,-0.24798022210597992,2.894775216826526e-05,nan,0.0028486251831054688,0.9775901600721144,False,False
fronto_d2.0,position+conf_noclip,cnn_small,mixed,1009,0.01,0.28125,0.71875,96,-0.2858329713344574,6.765350063098465e-05,nan,0.0017867088317871094,0.9776581990805981,False,False
fronto_d2.0,position+conf_noclip,cnn_large,clean,1000,0.01,0.1875,0.8125,96,-0.09207343310117722,0.0056768572552306235,nan,0.007414102554321289,0.9760305547525161,False,False
fronto_d2.0,position+conf_noclip,cnn_large,clean,1001,0.01,0.052083333333333336,0.9479166666666666,96,-0.11624284088611603,0.00035589365336954806,nan,0.00290524959564209,0.9812421996395342,False,False
fronto_d2.0,position+conf_noclip,cnn_large,clean,1002,0.01,0.03125,0.96875,96,-0.2294643670320511,0.00042430429114528233,nan,0.0024472475051879883,0.9814634375929138,False,False
fronto_d2.0,position+conf_noclip,cnn_large,clean,1003,0.01,0.0,1.0,96,0.15591269731521606,1.259166866686543,nan,3.886222839355469e-05,0.0,True,True
fronto_d2.0,position+conf_noclip,cnn_large,clean,1004,0.01,0.14583333333333334,0.8541666666666666,96,-0.16435867547988892,0.0021011268876763253,nan,0.005103111267089844,0.9801600031205461,False,False
fronto_d2.0,position+conf_noclip,cnn_large,clean,1005,0.01,0.0,1.0,96,0.10846096277236938,1.2591959874214733,nan,0.00015676021575927734,0.0,True,True
fronto_d2.0,position+conf_noclip,cnn_large,clean,1006,0.01,0.11458333333333333,0.8854166666666666,96,-0.22329199314117432,0.0017683390171624796,nan,0.0020151138305664062,0.9805353200172994,False,False
fronto_d2.0,position+conf_noclip,cnn_large,clean,1007,0.01,0.0,1.0,96,0.17475411295890808,1.2591692683578375,nan,2.3245811462402344e-05,0.0,True,True
fronto_d2.0,position+conf_noclip,cnn_large,clean,1008,0.01,0.08333333333333333,0.9166666666666666,96,-0.21440288424491882,0.0003126014477909346,nan,0.0011824369430541992,0.9804972188703474,False,False
fronto_d2.0,position+conf_noclip,cnn_large,clean,1009,0.01,0.0,1.0,96,0.32818928360939026,1.2591670167907945,nan,0.00040543079376220703,0.0,True,True
fronto_d2.0,position+conf_noclip,cnn_large,mixed,1000,0.01,0.0,1.0,96,0.11986091732978821,1.259168968148544,nan,1.9073486328125e-06,0.0,True,True
fronto_d2.0,position+conf_noclip,cnn_large,mixed,1001,0.01,0.0,1.0,96,0.2387143224477768,1.084831690121791,nan,0.00039887428283691406,0.13110740488042819,False,True
fronto_d2.0,position+conf_noclip,cnn_large,mixed,1002,0.01,0.3020833333333333,0.6979166666666666,96,-0.2248496562242508,0.0007177485056279264,nan,0.0011372566223144531,0.9770823942238791,False,False
fronto_d2.0,position+conf_noclip,cnn_large,mixed,1003,0.01,0.0,1.0,96,0.13896521925926208,1.2591695685672397,nan,0.0004227161407470703,0.0,True,True
fronto_d2.0,position+conf_noclip,cnn_large,mixed,1004,0.01,0.28125,0.71875,96,-0.22277450561523438,0.0009796639075560843,nan,0.0017628669738769531,0.9773684790603911,False,False
fronto_d2.0,position+conf_noclip,cnn_large,mixed,1005,0.01,0.28125,0.71875,96,-0.2313426285982132,0.0006040747754995682,nan,0.0014684200286865234,0.9770842102346294,False,False
fronto_d2.0,position+conf_noclip,cnn_large,mixed,1006,0.01,0.3229166666666667,0.6770833333333334,96,-0.2660655975341797,0.00014855779961758537,nan,0.0015970468521118164,0.9774088728249283,False,False
fronto_d2.0,position+conf_noclip,cnn_large,mixed,1007,0.01,0.3020833333333333,0.6979166666666666,96,-0.1941758692264557,0.000701784276721282,nan,0.005110025405883789,0.9763430933568757,False,False
fronto_d2.0,position+conf_noclip,cnn_large,mixed,1008,0.01,0.2916666666666667,0.7083333333333334,96,-0.20873960852622986,0.000508295897553703,nan,0.0019437074661254883,0.9774215600148854,False,False
fronto_d2.0,position+conf_noclip,cnn_large,mixed,1009,0.01,0.0,1.0,96,0.34299713373184204,1.553863814374731,nan,1.0728836059570312e-06,0.0,True,True
fronto_d2.0,position+grad,free,clean,1000,0.05,0.010416666666666666,0.9895833333333334,96,0.0258103609085083,3.8596221215324465e-07,nan,0.0008922815322875977,0.9824568615696848,False,False
fronto_d2.0,position+grad,free,clean,1001,0.05,0.020833333333333332,0.9791666666666666,96,0.029533281922340393,3.8162221702725884e-07,nan,0.004214286804199219,0.980665330653596,False,False
fronto_d2.0,position+grad,free,clean,1002,0.05,0.020833333333333332,0.9791666666666666,96,0.02475970797240734,3.718364538748026e-07,nan,0.0002900362014770508,0.9813735049088901,False,False
fronto_d2.0,position+grad,free,clean,1003,0.05,0.041666666666666664,0.9583333333333334,96,0.02615445852279663,3.6724548931731416e-07,nan,0.0002849102020263672,0.9820455164832718,False,False
fronto_d2.0,position+grad,free,clean,1004,0.05,0.052083333333333336,0.9479166666666666,96,0.02963719703257084,3.7843150407767137e-07,nan,0.0003598928451538086,0.981335788772256,False,False
fronto_d2.0,position+grad,free,clean,1005,0.05,0.08333333333333333,0.9166666666666666,96,0.029631175100803375,3.5617800535069855e-07,nan,0.00024247169494628906,0.9817221787701144,False,False
fronto_d2.0,position+grad,free,clean,1006,0.05,0.0,1.0,96,0.024505889043211937,3.848868180194962e-07,nan,0.0015550851821899414,0.9823860274076046,False,False
fronto_d2.0,position+grad,free,clean,1007,0.05,0.020833333333333332,0.9791666666666666,96,0.024279315024614334,3.8652876004842277e-07,nan,0.0002931356430053711,0.9827381165519539,False,False
fronto_d2.0,position+grad,free,clean,1008,0.05,0.020833333333333332,0.9791666666666666,96,0.0257058534771204,3.7202334289812753e-07,nan,0.00027549266815185547,0.9815556544130948,False,False
fronto_d2.0,position+grad,free,clean,1009,0.05,0.052083333333333336,0.9479166666666666,96,0.026734042912721634,3.779141303097572e-07,nan,0.00028192996978759766,0.9808939134270084,False,False
fronto_d2.0,position+grad,free,mixed,1000,0.05,0.3020833333333333,0.6979166666666666,96,0.021521370857954025,3.830228185015149e-07,nan,0.0004246234893798828,0.9771584503885988,False,False
fronto_d2.0,position+grad,free,mixed,1001,0.05,0.3125,0.6875,96,0.024270959198474884,3.9313927762185497e-07,nan,0.0007159709930419922,0.9754130814081009,False,False
fronto_d2.0,position+grad,free,mixed,1002,0.05,0.2916666666666667,0.7083333333333334,96,0.020365431904792786,3.7851993139561536e-07,nan,0.00030410289764404297,0.9764622259465835,False,False
fronto_d2.0,position+grad,free,mixed,1003,0.05,0.3229166666666667,0.6770833333333334,96,0.02182527631521225,3.7388709521751834e-07,nan,0.0005170106887817383,0.9770659284946724,False,False
fronto_d2.0,position+grad,free,mixed,1004,0.05,0.3333333333333333,0.6666666666666666,96,0.024707742035388947,3.874002878903201e-07,nan,0.00037419795989990234,0.9763358207023995,False,False
fronto_d2.0,position+grad,free,mixed,1005,0.05,0.34375,0.65625,96,0.02434256672859192,3.8311018607979774e-07,nan,0.0005189180374145508,0.9772905102297186,False,False
fronto_d2.0,position+grad,free,mixed,1006,0.05,0.3020833333333333,0.6979166666666666,96,0.020294204354286194,3.7991841717265756e-07,nan,0.0003833770751953125,0.9771202118545161,False,False
fronto_d2.0,position+grad,free,mixed,1007,0.05,0.3020833333333333,0.6979166666666666,96,0.019922031089663506,3.606743102974524e-07,nan,0.0004744529724121094,0.9777155915930832,False,False
fronto_d2.0,position+grad,free,mixed,1008,0.05,0.3020833333333333,0.6979166666666666,96,0.021374130621552467,3.756662279402353e-07,nan,0.0008398294448852539,0.9765640017902488,False,False
fronto_d2.0,position+grad,free,mixed,1009,0.05,0.3125,0.6875,96,0.02219715155661106,3.660377650385482e-07,nan,0.0004595518112182617,0.9761427510268951,False,False
fronto_d2.0,position+grad,cnn_small,clean,1000,0.01,0.041666666666666664,0.9583333333333334,96,0.006276645231992006,4.651883175942516e-05,nan,0.0012693405151367188,0.9815685047809395,False,False
fronto_d2.0,position+grad,cnn_small,clean,1001,0.01,0.020833333333333332,0.9791666666666666,96,0.0031956194434314966,8.457288207815036e-06,nan,0.0016750097274780273,0.982140308765664,False,False
fronto_d2.0,position+grad,cnn_small,clean,1002,0.01,0.07291666666666667,0.9270833333333334,96,0.011831631883978844,0.0001600076000745912,nan,0.0034372806549072266,0.980820071100748,False,False
fronto_d2.0,position+grad,cnn_small,clean,1003,0.01,0.0625,0.9375,96,0.009557707235217094,5.8031442805266806e-05,nan,0.0015113353729248047,0.9810339089480795,False,False
fronto_d2.0,position+grad,cnn_small,clean,1004,0.01,0.010416666666666666,0.9895833333333334,96,0.002444163430482149,0.00010734206831050496,nan,0.005162358283996582,0.9822576336208746,False,False
fronto_d2.0,position+grad,cnn_small,clean,1005,0.01,0.020833333333333332,0.9791666666666666,96,0.0034856493584811687,0.00014144143418098876,nan,0.003351926803588867,0.9820959330569905,False,False
fronto_d2.0,position+grad,cnn_small,clean,1006,0.01,0.041666666666666664,0.9583333333333334,96,0.006047430913895369,4.093720678818456e-05,nan,0.002053380012512207,0.9817875633821027,False,False
fronto_d2.0,position+grad,cnn_small,clean,1007,0.01,0.03125,0.96875,96,0.003564006183296442,5.224887511028678e-05,nan,0.00725865364074707,0.9819602720792782,False,False
fronto_d2.0,position+grad,cnn_small,clean,1008,0.01,0.052083333333333336,0.9479166666666666,96,0.007213009055703878,4.863845721584035e-06,nan,0.002181529998779297,0.9813637773119901,False,False
fronto_d2.0,position+grad,cnn_small,clean,1009,0.01,0.052083333333333336,0.9479166666666666,96,0.007970185950398445,8.288732401972368e-05,nan,0.004683136940002441,0.9813078718938415,False,False
fronto_d2.0,position+grad,cnn_small,mixed,1000,0.01,0.2916666666666667,0.7083333333333334,96,0.001439440413378179,0.00018096647796685198,nan,0.0006918907165527344,0.9776749432437982,False,False
fronto_d2.0,position+grad,cnn_small,mixed,1001,0.01,0.28125,0.71875,96,0.001213368959724903,2.4427323243544075e-05,nan,0.0005445480346679688,0.977789311211315,False,False
fronto_d2.0,position+grad,cnn_small,mixed,1002,0.01,0.2708333333333333,0.7291666666666666,96,0.001455954392440617,0.00010226449439067699,nan,0.0006902217864990234,0.9776788038181137,False,False
fronto_d2.0,position+grad,cnn_small,mixed,1003,0.01,0.2916666666666667,0.7083333333333334,96,0.0011656299466267228,5.942214144743353e-05,nan,0.000597834587097168,0.977704836942642,False,False
fronto_d2.0,position+grad,cnn_small,mixed,1004,0.01,0.2916666666666667,0.7083333333333334,96,0.001212501316331327,7.436519377362336e-05,nan,0.00045108795166015625,0.9777989398392057,False,False
fronto_d2.0,position+grad,cnn_small,mixed,1005,0.01,0.28125,0.71875,96,0.001445692265406251,0.00019182790723127973,nan,0.0004146099090576172,0.977698734548734,False,False
fronto_d2.0,position+grad,cnn_small,mixed,1006,0.01,0.0,1.0,96,0.8488398790359497,1.2591667165823186,nan,0.00031507015228271484,0.0,True,True
fronto_d2.0,position+grad,cnn_small,mixed,1007,0.01,0.2916666666666667,0.7083333333333334,96,0.001444788882508874,2.108600640340248e-05,nan,0.0006954669952392578,0.9777247122293099,False,False
fronto_d2.0,position+grad,cnn_small,mixed,1008,0.01,0.2916666666666667,0.7083333333333334,96,0.0015221034409478307,1.8359328021669338e-05,nan,0.0003666877746582031,0.9776504233948615,False,False
fronto_d2.0,position+grad,cnn_small,mixed,1009,0.01,0.2916666666666667,0.7083333333333334,96,0.0015407803002744913,3.4860952885083543e-05,nan,0.0006722211837768555,0.9776434471962601,False,False
fronto_d2.0,position+grad,cnn_large,clean,1000,0.01,0.010416666666666666,0.9895833333333334,96,0.0033159544691443443,0.00013144571674228065,nan,0.006793498992919922,0.9822657255885966,False,False
fronto_d2.0,position+grad,cnn_large,clean,1001,0.01,0.0,1.0,96,0.0021293703466653824,0.0001780061053611808,nan,0.0006045699119567871,0.9825094388076303,False,False
fronto_d2.0,position+grad,cnn_large,clean,1002,0.01,0.010416666666666666,0.9895833333333334,96,0.0036185942590236664,0.0001929659263670169,nan,0.0026938915252685547,0.9823823776901811,False,False
fronto_d2.0,position+grad,cnn_large,clean,1003,0.01,0.020833333333333332,0.9791666666666666,96,0.006685946136713028,0.0006215410342639902,nan,0.0053064823150634766,0.9819780374887258,False,False
fronto_d2.0,position+grad,cnn_large,clean,1004,0.01,0.0,1.0,96,0.002482758602127433,0.0005391315926571109,nan,0.0019479990005493164,0.9826180490346148,False,False
fronto_d2.0,position+grad,cnn_large,clean,1005,0.01,0.020833333333333332,0.9791666666666666,96,0.0036497055552899837,0.0006030024055475574,nan,0.003679513931274414,0.9823241489606493,False,False
fronto_d2.0,position+grad,cnn_large,clean,1006,0.01,0.020833333333333332,0.9791666666666666,96,0.004099365323781967,0.00012721890162958736,nan,0.004613041877746582,0.9820780302850282,False,False
fronto_d2.0,position+grad,cnn_large,clean,1007,0.01,0.010416666666666666,0.9895833333333334,96,0.003663045121356845,0.00030578138166940103,nan,0.0026329755783081055,0.9822678602721975,False,False
fronto_d2.0,position+grad,cnn_large,clean,1008,0.01,0.0,1.0,96,0.002201989758759737,0.00021318126564087795,nan,0.0002962350845336914,0.9824601996040462,False,False
fronto_d2.0,position+grad,cnn_large,clean,1009,0.01,0.010416666666666666,0.9895833333333334,96,0.002080874051898718,0.00045729553421798997,nan,0.002840399742126465,0.9822955815194612,False,False
fronto_d2.0,position+grad,cnn_large,mixed,1000,0.01,0.28125,0.71875,96,0.0020040860399603844,0.0004590522789597489,nan,0.0004699230194091797,0.9777369606748791,False,False
fronto_d2.0,position+grad,cnn_large,mixed,1001,0.01,0.0,1.0,96,0.8454442620277405,1.2590864147296639,nan,0.0001710653305053711,0.0,True,True
fronto_d2.0,position+grad,cnn_large,mixed,1002,0.01,0.2708333333333333,0.7291666666666666,96,0.002110603731125593,0.00023817927466795495,nan,0.0005896091461181641,0.9777098577322632,False,False
fronto_d2.0,position+grad,cnn_large,mixed,1003,0.01,0.2604166666666667,0.7395833333333334,96,0.003549447748810053,0.00023351799346264042,nan,0.0005115866661071777,0.9777953783340255,False,False
fronto_d2.0,position+grad,cnn_large,mixed,1004,0.01,0.2708333333333333,0.7291666666666666,96,0.002476152963936329,0.0003477766525982286,nan,0.0007102489471435547,0.9777789035949342,False,False
fronto_d2.0,position+grad,cnn_large,mixed,1005,0.01,0.28125,0.71875,96,0.00295274262316525,0.0005310623039906528,nan,0.0015347003936767578,0.9777873222086226,False,False
fronto_d2.0,position+grad,cnn_large,mixed,1006,0.01,0.28125,0.71875,96,0.0026953513734042645,0.00044711848530799505,nan,0.0003838539123535156,0.9775852914831872,False,False
fronto_d2.0,position+grad,cnn_large,mixed,1007,0.01,0.2708333333333333,0.7291666666666666,96,0.0019029475515708327,0.0002566849214856103,nan,0.0006306171417236328,0.9777222483750589,False,False
fronto_d2.0,position+grad,cnn_large,mixed,1008,0.01,0.2708333333333333,0.7291666666666666,96,0.002848162781447172,0.00037510089406142717,nan,0.0011484622955322266,0.9776535457053473,False,False
fronto_d2.0,position+grad,cnn_large,mixed,1009,0.01,0.3229166666666667,0.6770833333333334,96,0.0027859448455274105,0.0007629594021379236,nan,0.0009627342224121094,0.977489031305609,False,False
fronto_d2.0,position+normal,free,clean,1000,0.05,0.07291666666666667,0.9270833333333334,96,0.011839570477604866,1.8832902568682889e-06,nan,0.0013072490692138672,0.9805764709312148,False,False
fronto_d2.0,position+normal,free,clean,1001,0.05,0.09375,0.90625,96,0.013767164200544357,1.8192447404640482e-06,nan,0.0009189844131469727,0.9793314919976365,False,False
fronto_d2.0,position+normal,free,clean,1002,0.05,0.03125,0.96875,96,0.011641601100564003,1.8521220694539683e-06,nan,0.0017029047012329102,0.9806613774556254,False,False
fronto_d2.0,position+normal,free,clean,1003,0.05,0.10416666666666667,0.8958333333333334,96,0.011900357902050018,1.8362274465865709e-06,nan,0.0010900497436523438,0.9808846820052916,False,False
fronto_d2.0,position+normal,free,clean,1004,0.05,0.13541666666666666,0.8645833333333334,96,0.013566628098487854,1.8495140028939603e-06,nan,0.0003343820571899414,0.9798005652653967,False,False
fronto_d2.0,position+normal,free,clean,1005,0.05,0.10416666666666667,0.8958333333333334,96,0.013541745021939278,1.834754733519872e-06,nan,0.0014896392822265625,0.9807865405549867,False,False
fronto_d2.0,position+normal,free,clean,1006,0.05,0.08333333333333333,0.9166666666666666,96,0.011286475695669651,1.854534909534005e-06,nan,0.00028830766677856445,0.98086193010347,False,False
fronto_d2.0,position+normal,free,clean,1007,0.05,0.07291666666666667,0.9270833333333334,96,0.011193297803401947,1.7938287266067836e-06,nan,0.0009710788726806641,0.9814210406054918,False,False
fronto_d2.0,position+normal,free,clean,1008,0.05,0.052083333333333336,0.9479166666666666,96,0.01197875291109085,1.9068275608915836e-06,nan,0.00047016143798828125,0.980342900170284,False,False
fronto_d2.0,position+normal,free,clean,1009,0.05,0.10416666666666667,0.8958333333333334,96,0.012203475460410118,1.835738075902121e-06,nan,0.0006026029586791992,0.9802042801717556,False,False
fronto_d2.0,position+normal,free,mixed,1000,0.05,0.3020833333333333,0.6979166666666666,96,0.008871728554368019,1.8342972506335643e-06,nan,0.0013151168823242188,0.9774171847105063,False,False
fronto_d2.0,position+normal,free,mixed,1001,0.05,0.3125,0.6875,96,0.010781717486679554,1.8332920715566703e-06,nan,0.0005688667297363281,0.97555900357623,False,False
fronto_d2.0,position+normal,free,mixed,1002,0.05,0.2916666666666667,0.7083333333333334,96,0.008608631789684296,1.8935189703899663e-06,nan,0.0007468461990356445,0.9765886993345737,False,False
fronto_d2.0,position+normal,free,mixed,1003,0.05,0.3020833333333333,0.6979166666666666,96,0.009021477773785591,1.863588736819912e-06,nan,0.0008707046508789062,0.977403424040194,False,False
fronto_d2.0,position+normal,free,mixed,1004,0.05,0.3125,0.6875,96,0.010421616025269032,1.8905894834090079e-06,nan,0.001200556755065918,0.9767695819115961,False,False
fronto_d2.0,position+normal,free,mixed,1005,0.05,0.3229166666666667,0.6770833333333334,96,0.01034510787576437,1.8826627060335482e-06,nan,0.0006005764007568359,0.9773974070841493,False,False
fronto_d2.0,position+normal,free,mixed,1006,0.05,0.2916666666666667,0.7083333333333334,96,0.008305327966809273,1.8184266233182345e-06,nan,0.001163482666015625,0.9773888760105057,False,False
fronto_d2.0,position+normal,free,mixed,1007,0.05,0.2916666666666667,0.7083333333333334,96,0.008171954192221165,1.8104370056583857e-06,nan,0.00075531005859375,0.9778647355093741,False,False
fronto_d2.0,position+normal,free,mixed,1008,0.05,0.3020833333333333,0.6979166666666666,96,0.009029468521475792,1.8480518779180899e-06,nan,0.0008752346038818359,0.9768594075824656,False,False
fronto_d2.0,position+normal,free,mixed,1009,0.05,0.2916666666666667,0.7083333333333334,96,0.009259425103664398,1.8575046273981095e-06,nan,0.0007299184799194336,0.9765155091441851,False,False
fronto_d2.0,position+normal,cnn_small,clean,1000,0.01,0.052083333333333336,0.9479166666666666,96,0.0027867346070706844,0.00021864930995866522,nan,0.0020799636840820312,0.9813143482301065,False,False
fronto_d2.0,position+normal,cnn_small,clean,1001,0.01,0.041666666666666664,0.9583333333333334,96,0.0030788183212280273,0.00011497631492466437,nan,0.0020034313201904297,0.9816766965611158,False,False
fronto_d2.0,position+normal,cnn_small,clean,1002,0.01,0.09375,0.90625,96,0.0050500608049333096,0.0001884769189711105,nan,0.0008945465087890625,0.9806323495287093,False,False
fronto_d2.0,position+normal,cnn_small,clean,1003,0.01,0.0625,0.9375,96,0.00339596439152956,4.187355177119275e-05,nan,0.0009088516235351562,0.9809203554922454,False,False
fronto_d2.0,position+normal,cnn_small,clean,1004,0.01,0.03125,0.96875,96,0.0024044723249971867,0.0001736483170104698,nan,0.0020210742950439453,0.9820296248840911,False,False
fronto_d2.0,position+normal,cnn_small,clean,1005,0.01,0.052083333333333336,0.9479166666666666,96,0.003172570839524269,0.00037305720464283213,nan,0.0013872385025024414,0.981300340666257,False,False
fronto_d2.0,position+normal,cnn_small,clean,1006,0.01,0.08333333333333333,0.9166666666666666,96,0.0041639418341219425,0.00011581109531549597,nan,0.0029114484786987305,0.9808967600479737,False,False
fronto_d2.0,position+normal,cnn_small,clean,1007,0.01,0.07291666666666667,0.9270833333333334,96,0.0040883393958210945,9.793562533450577e-05,nan,0.0019948482513427734,0.9808061296364338,False,False
fronto_d2.0,position+normal,cnn_small,clean,1008,0.01,0.10416666666666667,0.8958333333333334,96,0.0054784598760306835,0.0002093051103815306,nan,0.004416942596435547,0.9803433823667942,False,False
fronto_d2.0,position+normal,cnn_small,clean,1009,0.01,0.0625,0.9375,96,0.0033086598850786686,0.00010661397675250423,nan,0.0016016960144042969,0.9811447812994929,False,False
fronto_d2.0,position+normal,cnn_small,mixed,1000,0.01,0.28125,0.71875,96,0.0006521728937514126,0.00017347713035296636,nan,0.0014363527297973633,0.9775689843171466,False,False
fronto_d2.0,position+normal,cnn_small,mixed,1001,0.01,0.2708333333333333,0.7291666666666666,96,0.0006253988249227405,4.2447957928200245e-05,nan,0.0015963912010192871,0.9777804939223382,False,False
fronto_d2.0,position+normal,cnn_small,mixed,1002,0.01,0.2708333333333333,0.7291666666666666,96,0.0007898456533439457,0.0001667407419930455,nan,0.0006421804428100586,0.9775956412379235,False,False
fronto_d2.0,position+normal,cnn_small,mixed,1003,0.01,0.28125,0.71875,96,0.0006241420051082969,0.00011027695610192602,nan,0.0006719827651977539,0.9775460554854732,False,False
fronto_d2.0,position+normal,cnn_small,mixed,1004,0.01,0.2708333333333333,0.7291666666666666,96,0.0006515688146464527,0.00016353749455415336,nan,0.0009691715240478516,0.9776343876235651,False,False
fronto_d2.0,position+normal,cnn_small,mixed,1005,0.01,0.28125,0.71875,96,0.0006895798724144697,0.0003267429970765331,nan,0.0018177032470703125,0.9775975215925521,False,False
fronto_d2.0,position+normal,cnn_small,mixed,1006,0.01,0.2708333333333333,0.7291666666666666,96,0.0009990567341446877,0.0001315265838831978,nan,0.0012712478637695312,0.977697484122758,False,False
fronto_d2.0,position+normal,cnn_small,mixed,1007,0.01,0.28125,0.71875,96,0.0005634959088638425,9.554993760523061e-05,nan,0.002045869827270508,0.977706261312551,False,False
fronto_d2.0,position+normal,cnn_small,mixed,1008,0.01,0.28125,0.71875,96,0.0008666564244776964,8.150585400616728e-05,nan,0.001942276954650879,0.9774808250679115,False,False
fronto_d2.0,position+normal,cnn_small,mixed,1009,0.01,0.2916666666666667,0.7083333333333334,96,0.0005135335959494114,4.922065392558178e-05,nan,0.0012339353561401367,0.9777168443494666,False,False
fronto_d2.0,position+normal,cnn_large,clean,1000,0.01,0.0625,0.9375,96,0.004223437514156103,0.0008839397110027427,nan,0.0011296272277832031,0.9809948280082444,False,False
fronto_d2.0,position+normal,cnn_large,clean,1001,0.01,0.041666666666666664,0.9583333333333334,96,0.0033632894046604633,0.0010543076263110388,nan,0.0019561052322387695,0.981456045456337,False,False
fronto_d2.0,position+normal,cnn_large,clean,1002,0.01,0.03125,0.96875,96,0.0024063512682914734,0.0009161449303554422,nan,0.0016324520111083984,0.9814592323115912,False,False
fronto_d2.0,position+normal,cnn_large,clean,1003,0.01,0.041666666666666664,0.9583333333333334,96,0.0033385492861270905,0.0008910040417874157,nan,0.0021381378173828125,0.9813696984581124,False,False
fronto_d2.0,position+normal,cnn_large,clean,1004,0.01,0.041666666666666664,0.9583333333333334,96,0.003094980726018548,0.0007303075798067466,nan,0.0036995410919189453,0.9813088543961375,False,False
fronto_d2.0,position+normal,cnn_large,clean,1005,0.01,0.052083333333333336,0.9479166666666666,96,0.003783599939197302,0.00053400303024692,nan,0.0015274286270141602,0.9811533637862725,False,False
fronto_d2.0,position+normal,cnn_large,clean,1006,0.01,0.052083333333333336,0.9479166666666666,96,0.0030128383077681065,0.0006421388390870905,nan,0.0015414953231811523,0.9813938515570431,False,False
fronto_d2.0,position+normal,cnn_large,clean,1007,0.01,0.03125,0.96875,96,0.0023966720327734947,0.00046272553808224064,nan,0.0019795894622802734,0.9815126215415035,False,False
fronto_d2.0,position+normal,cnn_large,clean,1008,0.01,0.052083333333333336,0.9479166666666666,96,0.003399359527975321,0.0010910928894480973,nan,0.0015999078750610352,0.9813297443071248,False,False
fronto_d2.0,position+normal,cnn_large,clean,1009,0.01,0.0625,0.9375,96,0.004642622545361519,0.0006446067258115688,nan,0.003587961196899414,0.9811459107723847,False,False
fronto_d2.0,position+normal,cnn_large,mixed,1000,0.01,0.2708333333333333,0.7291666666666666,96,0.0017775003798305988,0.0011120063284148895,nan,0.0013811588287353516,0.9775588894996706,False,False
fronto_d2.0,position+normal,cnn_large,mixed,1001,0.01,0.3125,0.6875,96,0.0016224690480157733,0.0006704966884241098,nan,0.004796028137207031,0.9771630058224369,False,False
fronto_d2.0,position+normal,cnn_large,mixed,1002,0.01,0.28125,0.71875,96,0.002332352800294757,0.001845393684914438,nan,0.001725912094116211,0.9770558536908649,False,False
fronto_d2.0,position+normal,cnn_large,mixed,1003,0.01,0.0,1.0,96,0.8254658579826355,1.2591629639855677,nan,0.00021636486053466797,0.0,True,True
fronto_d2.0,position+normal,cnn_large,mixed,1004,0.01,0.2708333333333333,0.7291666666666666,96,0.0019491426646709442,0.0007491026637817288,nan,0.0019916296005249023,0.9777486846869171,False,False
fronto_d2.0,position+normal,cnn_large,mixed,1005,0.01,0.0,1.0,96,0.8263867497444153,1.2590658527060543,nan,0.0004190206527709961,0.0,True,True
fronto_d2.0,position+normal,cnn_large,mixed,1006,0.01,0.2604166666666667,0.7395833333333334,96,0.0011215878184884787,0.0005955568075040519,nan,0.001174330711364746,0.9775708257488591,False,False
fronto_d2.0,position+normal,cnn_large,mixed,1007,0.01,0.2708333333333333,0.7291666666666666,96,0.0010391783434897661,0.00046598120770383934,nan,0.0022896528244018555,0.9775092015142205,False,False
fronto_d2.0,position+normal,cnn_large,mixed,1008,0.01,0.2708333333333333,0.7291666666666666,96,0.0016065883683040738,0.0006364241723614311,nan,0.0012761354446411133,0.9773734398792938,False,False
fronto_d2.0,position+normal,cnn_large,mixed,1009,0.01,0.2708333333333333,0.7291666666666666,96,0.0022061613854020834,0.0011466017368733828,nan,0.0018156766891479492,0.9776847132398128,False,False
fronto_d2.0,position_squared,free,clean,1000,0.05,0.2916666666666667,0.7083333333333334,96,0.009637501090765,3.9972419999138093e-07,nan,0.0,0.9776896644670868,False,False
fronto_d2.0,position_squared,free,clean,1001,0.05,0.3541666666666667,0.6458333333333334,96,0.011145833879709244,3.9972419999138093e-07,nan,0.0,0.9763791543821767,False,False
fronto_d2.0,position_squared,free,clean,1002,0.05,0.3020833333333333,0.6979166666666666,96,0.009929168038070202,3.9972419999138093e-07,nan,0.0,0.9768408428765473,False,False
fronto_d2.0,position_squared,free,clean,1003,0.05,0.28125,0.71875,96,0.009624999947845936,3.9972419999138093e-07,nan,0.0,0.9777849740849796,False,False
fronto_d2.0,position_squared,free,clean,1004,0.05,0.3125,0.6875,96,0.010850000195205212,3.9972419999138093e-07,nan,0.0,0.9767960711922237,False,False
fronto_d2.0,position_squared,free,clean,1005,0.05,0.3333333333333333,0.6666666666666666,96,0.010883335024118423,3.9972419999138093e-07,nan,0.0,0.9773234659946145,False,False
fronto_d2.0,position_squared,free,clean,1006,0.05,0.22916666666666666,0.7708333333333334,96,0.009200000204145908,3.9972419999138093e-07,nan,0.0,0.9779874784671936,False,False
fronto_d2.0,position_squared,free,clean,1007,0.05,0.23958333333333334,0.7604166666666666,96,0.00911249965429306,3.9972419999138093e-07,nan,0.0,0.9781995608228342,False,False
fronto_d2.0,position_squared,free,clean,1008,0.05,0.28125,0.71875,96,0.009712500497698784,3.9972419999138093e-07,nan,0.0,0.9775621531776614,False,False
fronto_d2.0,position_squared,free,clean,1009,0.05,0.2916666666666667,0.7083333333333334,96,0.010058333165943623,3.9972419999138093e-07,nan,0.0,0.9769810973805194,False,False
fronto_d2.0,position_squared,free,mixed,1000,0.05,0.3541666666666667,0.6458333333333334,96,0.00382604100741446,3.9972419999138093e-07,nan,0.0,0.9756648733346296,False,False
fronto_d2.0,position_squared,free,mixed,1001,0.05,0.3958333333333333,0.6041666666666666,96,0.005091759376227856,3.9972419999138093e-07,nan,0.0,0.974404884788765,False,False
fronto_d2.0,position_squared,free,mixed,1002,0.05,0.3541666666666667,0.6458333333333334,96,0.004117976874113083,3.9972419999138093e-07,nan,0.0,0.9747992678529515,False,False
fronto_d2.0,position_squared,free,mixed,1003,0.05,0.3541666666666667,0.6458333333333334,96,0.0038676259573549032,3.9972419999138093e-07,nan,0.0,0.9757169914843592,False,False
fronto_d2.0,position_squared,free,mixed,1004,0.05,0.3854166666666667,0.6145833333333334,96,0.004694723524153233,3.9972419999138093e-07,nan,0.0,0.9749100750540549,False,False
fronto_d2.0,position_squared,free,mixed,1005,0.05,0.375,0.625,96,0.004692979622632265,3.9972419999138093e-07,nan,0.0,0.9754310332912787,False,False
fronto_d2.0,position_squared,free,mixed,1006,0.05,0.3333333333333333,0.6666666666666666,96,0.003514602780342102,3.9972419999138093e-07,nan,0.0,0.9758975880128323,False,False
fronto_d2.0,position_squared,free,mixed,1007,0.05,0.34375,0.65625,96,0.0034592398442327976,3.9972419999138093e-07,nan,0.0,0.9760860452053001,False,False
fronto_d2.0,position_squared,free,mixed,1008,0.05,0.3541666666666667,0.6458333333333334,96,0.004026906564831734,3.9972419999138093e-07,nan,0.0,0.9754350780060832,False,False
fronto_d2.0,position_squared,free,mixed,1009,0.05,0.3541666666666667,0.6458333333333334,96,0.0041152979247272015,3.9972419999138093e-07,nan,0.0,0.9750134941215608,False,False
fronto_d2.0,position_squared,cnn_small,clean,1000,0.01,0.041666666666666664,0.9583333333333334,96,0.0008486590813845396,0.00038203569104808195,nan,0.0007860660552978516,0.9820756353565152,False,False
fronto_d2.0,position_squared,cnn_small,clean,1001,0.01,0.052083333333333336,0.9479166666666666,96,0.0012838089605793357,0.0004535974271478957,nan,0.001216292381286621,0.9818276598798416,False,False
fronto_d2.0,position_squared,cnn_small,clean,1002,0.01,0.052083333333333336,0.9479166666666666,96,0.0012869512429460883,0.00029395769405036776,nan,0.0008033514022827148,0.9818341184381423,False,False
fronto_d2.0,position_squared,cnn_small,clean,1003,0.01,0.041666666666666664,0.9583333333333334,96,0.0008223540498875082,0.00034768889600497244,nan,0.0009584426879882812,0.982017722596674,False,False
fronto_d2.0,position_squared,cnn_small,clean,1004,0.01,0.0,1.0,96,0.00024815963115543127,0.00024209997090184703,nan,0.0017181634902954102,0.9823445010407489,False,False
fronto_d2.0,position_squared,cnn_small,clean,1005,0.01,0.041666666666666664,0.9583333333333334,96,0.0008628867217339575,0.0004117499916674588,nan,0.0010771751403808594,0.9820378530983777,False,False
fronto_d2.0,position_squared,cnn_small,clean,1006,0.01,0.09375,0.90625,96,0.0021203006617724895,0.0002766005329629367,nan,0.0007107257843017578,0.9815446889969338,False,False
fronto_d2.0,position_squared,cnn_small,clean,1007,0.01,0.0625,0.9375,96,0.0014138668775558472,0.0002777193815230882,nan,0.0008006095886230469,0.9818062346888565,False,False
fronto_d2.0,position_squared,cnn_small,clean,1008,0.01,0.10416666666666667,0.8958333333333334,96,0.0021712013985961676,0.0001513700893006914,nan,0.0006120204925537109,0.9815113344668559,False,False
fronto_d2.0,position_squared,cnn_small,clean,1009,0.01,0.07291666666666667,0.9270833333333334,96,0.0016059981426224113,0.00038470479678279223,nan,0.001283407211303711,0.9816140300604731,False,False
fronto_d2.0,position_squared,cnn_small,mixed,1000,0.01,0.28125,0.71875,96,3.452420423855074e-05,0.0001544681348267505,nan,3.814697265625e-05,0.9777710887574652,False,False
fronto_d2.0,position_squared,cnn_small,mixed,1001,0.01,0.28125,0.71875,96,2.1824142095283605e-05,0.0002440355973703575,nan,6.091594696044922e-05,0.9777556055579136,False,False
fronto_d2.0,position_squared,cnn_small,mixed,1002,0.01,0.2916666666666667,0.7083333333333334,96,6.7054215833195485e-06,0.00022804733016858558,nan,0.0002536773681640625,0.9776658970452828,False,False
fronto_d2.0,position_squared,cnn_small,mixed,1003,0.01,0.2708333333333333,0.7291666666666666,96,4.494157474255189e-05,0.00019271063171362592,nan,3.933906555175781e-05,0.9777055158363084,False,False
fronto_d2.0,position_squared,cnn_small,mixed,1004,0.01,0.28125,0.71875,96,2.9958528102724813e-05,6.526510939376463e-05,nan,4.303455352783203e-05,0.9777537210864349,False,False
fronto_d2.0,position_squared,cnn_small,mixed,1005,0.01,0.2708333333333333,0.7291666666666666,96,4.128233922529034e-05,0.0004419804274285953,nan,3.063678741455078e-05,0.9777226771129972,False,False
fronto_d2.0,position_squared,cnn_small,mixed,1006,0.01,0.2708333333333333,0.7291666666666666,96,3.170773925376125e-05,0.00020357497871964156,nan,4.9948692321777344e-05,0.9776788813135103,False,False
fronto_d2.0,position_squared,cnn_small,mixed,1007,0.01,0.28125,0.71875,96,3.7568963307421654e-05,0.00018101218638346474,nan,6.747245788574219e-05,0.9777244675522003,False,False
fronto_d2.0,position_squared,cnn_small,mixed,1008,0.01,0.28125,0.71875,96,5.2750259783351794e-05,0.00032654679848712694,nan,8.916854858398438e-05,0.9777076397551034,False,False
fronto_d2.0,position_squared,cnn_small,mixed,1009,0.01,0.28125,0.71875,96,4.9119356845039874e-05,0.0002798753807678184,nan,5.4955482482910156e-05,0.9776860987863834,False,False
fronto_d2.0,position_squared,cnn_large,clean,1000,0.01,0.041666666666666664,0.9583333333333334,96,0.0008132339571602643,0.0025045576878714552,nan,0.0009936094284057617,0.9820788028054694,False,False
fronto_d2.0,position_squared,cnn_large,clean,1001,0.01,0.041666666666666664,0.9583333333333334,96,0.0009993799030780792,0.002765389705295862,nan,0.0019060373306274414,0.9819963753110369,False,False
fronto_d2.0,position_squared,cnn_large,clean,1002,0.01,0.010416666666666666,0.9895833333333334,96,0.0004028431430924684,0.0017642851598185724,nan,0.002619028091430664,0.9822721748923334,False,False
fronto_d2.0,position_squared,cnn_large,clean,1003,0.01,0.052083333333333336,0.9479166666666666,96,0.0015095437411218882,0.0028631645230573948,nan,0.0024029016494750977,0.9816740585195399,False,False
fronto_d2.0,position_squared,cnn_large,clean,1004,0.01,0.020833333333333332,0.9791666666666666,96,0.0007214711513370275,0.0031067884154135513,nan,0.002674102783203125,0.9822522050500179,False,False
fronto_d2.0,position_squared,cnn_large,clean,1005,0.01,0.041666666666666664,0.9583333333333334,96,0.0008671049727126956,0.002477625032873169,nan,0.0016443729400634766,0.9819049557777668,False,False
fronto_d2.0,position_squared,cnn_large,clean,1006,0.01,0.0,1.0,96,0.00036541392910294235,0.0022996401557429298,nan,0.0020360946655273438,0.9823952947951888,False,False
fronto_d2.0,position_squared,cnn_large,clean,1007,0.01,0.0,1.0,96,0.9659866690635681,0.9785550681226811,nan,2.384185791015625e-07,0.0,True,True
fronto_d2.0,position_squared,cnn_large,clean,1008,0.01,0.020833333333333332,0.9791666666666666,96,0.0004976100753992796,0.0022334314092539785,nan,0.0024688243865966797,0.9821530628227765,False,False
fronto_d2.0,position_squared,cnn_large,clean,1009,0.01,0.020833333333333332,0.9791666666666666,96,0.0006546920049004257,0.0020032804963770307,nan,0.001471877098083496,0.9820301775448013,False,False
fronto_d2.0,position_squared,cnn_large,mixed,1000,0.01,0.2708333333333333,0.7291666666666666,96,0.0001465811365051195,0.003245506662099753,nan,0.0002932548522949219,0.9776378926375414,False,False
fronto_d2.0,position_squared,cnn_large,mixed,1001,0.01,0.2916666666666667,0.7083333333333334,96,0.00023301097098737955,0.0036612787940719705,nan,0.0009984970092773438,0.9775245073553616,False,False
fronto_d2.0,position_squared,cnn_large,mixed,1002,0.01,0.2604166666666667,0.7395833333333334,96,7.49424216337502e-05,0.0012382372865161087,nan,0.00040709972381591797,0.9775883502436049,False,False
fronto_d2.0,position_squared,cnn_large,mixed,1003,0.01,0.2604166666666667,0.7395833333333334,96,8.931998308980837e-05,0.001977821536951182,nan,0.00024521350860595703,0.9776919793521939,False,False
fronto_d2.0,position_squared,cnn_large,mixed,1004,0.01,0.2708333333333333,0.7291666666666666,96,7.096134504536167e-05,0.002190785624860797,nan,0.000278472900390625,0.9776563703994139,False,False
fronto_d2.0,position_squared,cnn_large,mixed,1005,0.01,0.2708333333333333,0.7291666666666666,96,7.614034984726459e-05,0.0022643156010464433,nan,0.0005497336387634277,0.9776667640445514,False,False
fronto_d2.0,position_squared,cnn_large,mixed,1006,0.01,0.28125,0.71875,96,3.101711627095938e-05,0.0025759698274139607,nan,0.0003066062927246094,0.9776205222672227,False,False
fronto_d2.0,position_squared,cnn_large,mixed,1007,0.01,0.2708333333333333,0.7291666666666666,96,4.1736751882126555e-05,0.0016762167149149908,nan,0.0002804994583129883,0.9777034188533205,False,False
fronto_d2.0,position_squared,cnn_large,mixed,1008,0.01,0.28125,0.71875,96,0.00011298063327558339,0.0023148488846058083,nan,0.00022399425506591797,0.9776431860351219,False,False
fronto_d2.0,position_squared,cnn_large,mixed,1009,0.01,0.25,0.75,96,8.81163141457364e-05,0.002395765719786779,nan,0.0005823373794555664,0.9776888191542207,False,False
fronto_d3.0,position,free,clean,1000,0.05,0.0,1.0,96,0.010626526549458504,1.9862167156656835e-06,3.4809112548828125e-05,0.0002291997273763021,1.4739513273546834,False,False
fronto_d3.0,position,free,clean,1001,0.05,0.0,1.0,96,0.012657778337597847,1.9862167156656835e-06,6.413459777832031e-05,0.0006487369537353516,1.4716901710610493,False,False
fronto_d3.0,position,free,clean,1002,0.05,0.0,1.0,96,0.010314025916159153,1.9862167156656835e-06,6.246566772460938e-05,0.0006487369537353516,1.4724546642528649,False,False
fronto_d3.0,position,free,clean,1003,0.05,0.0,1.0,96,0.01074371486902237,1.9862167156656835e-06,4.8160552978515625e-05,0.0006545384724934896,1.474135388134874,False,False
fronto_d3.0,position,free,clean,1004,0.05,0.0,1.0,96,0.012423399835824966,1.9862167156656835e-06,6.413459777832031e-05,0.0006487369537353516,1.473766512883683,False,False
fronto_d3.0,position,free,clean,1005,0.05,0.0,1.0,96,0.01250153686851263,1.9862167156656835e-06,6.413459777832031e-05,0.0006487369537353516,1.4748648145193541,False,False
fronto_d3.0,position,free,clean,1006,0.05,0.0,1.0,96,0.01000153087079525,1.9862167156656835e-06,3.4332275390625e-05,0.00023142496744791666,1.4737665954528385,False,False
fronto_d3.0,position,free,clean,1007,0.05,0.0,1.0,96,0.009923407807946205,1.9862167156656835e-06,3.4332275390625e-05,0.00018556912740071615,1.4745015159737402,False,False
fronto_d3.0,position,free,clean,1008,0.05,0.0,1.0,96,0.010743727907538414,1.9862167156656835e-06,6.413459777832031e-05,0.0006487369537353516,1.4730208935527125,False,False
fronto_d3.0,position,free,clean,1009,0.05,0.0,1.0,96,0.011095277965068817,1.9862167156656835e-06,6.29425048828125e-05,0.0006487369537353516,1.4730208857701892,False,False
fronto_d3.0,position,free,mixed,1000,0.05,0.3020833333333333,0.6979166666666666,96,0.011018349789083004,1.9862167156656835e-06,2.7418136596679688e-05,0.0005097389221191406,1.4667127542326135,False,False
fronto_d3.0,position,free,mixed,1001,0.05,0.2916666666666667,0.7083333333333334,96,0.012906166724860668,1.9862167156656835e-06,5.7220458984375e-05,0.0005489985148111979,1.4642147266492296,False,False
fronto_d3.0,position,free,mixed,1002,0.05,0.2916666666666667,0.7083333333333334,96,0.010484290309250355,1.9862167156656835e-06,4.267692565917969e-05,0.0004833539326985677,1.465154388197424,False,False
fronto_d3.0,position,free,mixed,1003,0.05,0.2916666666666667,0.7083333333333334,96,0.011230142787098885,1.9862167156656835e-06,4.57763671875e-05,0.0006286303202311198,1.4667774723143812,False,False
fronto_d3.0,position,free,mixed,1004,0.05,0.2916666666666667,0.7083333333333334,96,0.01287809107452631,1.9862167156656835e-06,0.00012493133544921875,0.0005959669748942057,1.4664151164100991,False,False
fronto_d3.0,position,free,mixed,1005,0.05,0.3020833333333333,0.6979166666666666,96,0.012752359732985497,1.9862167156656835e-06,5.054473876953125e-05,0.0005948543548583984,1.4675550121107082,False,False
fronto_d3.0,position,free,mixed,1006,0.05,0.2916666666666667,0.7083333333333334,96,0.010335366241633892,1.9862167156656835e-06,2.0503997802734375e-05,0.00033473968505859375,1.466447262424571,False,False
fronto_d3.0,position,free,mixed,1007,0.05,0.2916666666666667,0.7083333333333334,96,0.010178505443036556,1.9862167156656835e-06,4.863739013671875e-05,0.0005221366882324219,1.4673076774757845,False,False
fronto_d3.0,position,free,mixed,1008,0.05,0.2916666666666667,0.7083333333333334,96,0.01103665679693222,1.9862167156656835e-06,2.9802322387695312e-05,0.00021823247273763022,1.4656164668848708,False,False
fronto_d3.0,position,free,mixed,1009,0.05,0.2916666666666667,0.7083333333333334,96,0.01148343924432993,1.9862167156656835e-06,5.340576171875e-05,0.0006265640258789062,1.4656163881131208,False,False
fronto_d3.0,position,cnn_small,clean,1000,0.01,0.052083333333333336,0.9479166666666666,96,0.0030619041062891483,0.0003015661852196829,nan,0.0032661755879720054,1.4721124439249813,False,False
fronto_d3.0,position,cnn_small,clean,1001,0.01,0.03125,0.96875,96,0.0021167565137147903,0.00025980850920394717,nan,0.004568020502726237,1.4730301598159683,False,False
fronto_d3.0,position,cnn_small,clean,1002,0.01,0.0625,0.9375,96,0.003897245042026043,0.0004190429413195794,nan,0.0008599758148193359,1.4717176582168254,False,False
fronto_d3.0,position,cnn_small,clean,1003,0.01,0.08333333333333333,0.9166666666666666,96,0.005123888608068228,0.00013275656026573535,nan,0.0020940303802490234,1.47083431388272,False,False
fronto_d3.0,position,cnn_small,clean,1004,0.01,0.041666666666666664,0.9583333333333334,96,0.0030651006381958723,7.351072992785628e-05,nan,0.004438002904256185,1.4724967969732958,False,False
fronto_d3.0,position,cnn_small,clean,1005,0.01,0.052083333333333336,0.9479166666666666,96,0.0028321659192442894,0.00023712516358527562,nan,0.0023476282755533853,1.4721850080829169,False,False
fronto_d3.0,position,cnn_small,clean,1006,0.01,0.07291666666666667,0.9270833333333334,96,0.0046981582418084145,0.00014883992553093908,nan,0.0014580090840657551,1.471051104276211,False,False
fronto_d3.0,position,cnn_small,clean,1007,0.01,0.08333333333333333,0.9166666666666666,96,0.004683487582951784,0.00037275618251640343,nan,0.004635016123453776,1.4711719784101356,False,False
fronto_d3.0,position,cnn_small,clean,1008,0.01,0.09375,0.90625,96,0.00602870574221015,0.0001097217882238421,nan,0.003310044606526693,1.4702337210047405,False,False
fronto_d3.0,position,cnn_small,clean,1009,0.01,0.041666666666666664,0.9583333333333334,96,0.0030655106529593468,0.00017860738641218166,nan,0.003113905588785807,1.472237321057742,False,False
fronto_d3.0,position,cnn_small,mixed,1000,0.01,0.28125,0.71875,96,0.001174740376882255,0.00021692041846534753,nan,0.0008213122685750326,1.4664919529410751,False,False
fronto_d3.0,position,cnn_small,mixed,1001,0.01,0.28125,0.71875,96,0.0008847939898259938,0.00017854275071564656,nan,0.0017679532368977864,1.466476660501114,False,False
fronto_d3.0,position,cnn_small,mixed,1002,0.01,0.2708333333333333,0.7291666666666666,96,0.001083029550500214,0.0003035780845766792,nan,0.0009589592615763346,1.4664557619129344,False,False
fronto_d3.0,position,cnn_small,mixed,1003,0.01,0.28125,0.71875,96,0.0009306962601840496,0.0002238049073135624,nan,0.0007416407267252604,1.4663225377742402,False,False
fronto_d3.0,position,cnn_small,mixed,1004,0.01,0.2708333333333333,0.7291666666666666,96,0.000988585758022964,0.00030533229242547425,nan,0.0008109410603841146,1.4663977730327125,False,False
fronto_d3.0,position,cnn_small,mixed,1005,0.01,0.28125,0.71875,96,0.0009813859360292554,0.00046256305433208515,nan,0.0010010401407877605,1.4664665470662102,False,False
fronto_d3.0,position,cnn_small,mixed,1006,0.01,0.0,1.0,96,1.2246294021606445,1.8887530019090397,nan,5.2134195963541664e-05,0.0,True,True
fronto_d3.0,position,cnn_small,mixed,1007,0.01,0.28125,0.71875,96,0.0008591098594479263,0.00033425048844812105,nan,0.0027707417805989585,1.4665758633451067,False,False
fronto_d3.0,position,cnn_small,mixed,1008,0.01,0.28125,0.71875,96,0.002149171195924282,0.00012072112540176669,nan,0.0004544258117675781,1.4660431465502621,False,False
fronto_d3.0,position,cnn_small,mixed,1009,0.01,0.28125,0.71875,96,0.001023070071823895,0.00016145736338898416,nan,0.0005983511606852213,1.4664235269701373,False,False
fronto_d3.0,position,cnn_large,clean,1000,0.01,0.08333333333333333,0.9166666666666666,96,0.005636325106024742,0.0009338053286311327,nan,0.003050645192464193,1.4711477732228235,False,False
fronto_d3.0,position,cnn_large,clean,1001,0.01,0.0625,0.9375,96,0.003880277508869767,0.000747619025658614,nan,0.002515872319539388,1.4719434593645986,False,False
fronto_d3.0,position,cnn_large,clean,1002,0.01,0.11458333333333333,0.8854166666666666,96,0.00737017672508955,0.002051799326193574,nan,0.006581624348958333,1.4703951160363584,False,False
fronto_d3.0,position,cnn_large,clean,1003,0.01,0.0625,0.9375,96,0.0034232374746352434,0.0013908272991164717,nan,0.002349694569905599,1.4721054257985513,False,False
fronto_d3.0,position,cnn_large,clean,1004,0.01,0.0,1.0,96,1.2192975282669067,1.8887530019090397,nan,2.5113423665364582e-05,0.0,True,True
fronto_d3.0,position,cnn_large,clean,1005,0.01,0.07291666666666667,0.9270833333333334,96,0.005082983989268541,0.0016927844957433428,nan,0.0017609596252441406,1.471929909846175,False,False
fronto_d3.0,position,cnn_large,clean,1006,0.01,0.0625,0.9375,96,0.004788739141076803,0.0011693373634281054,nan,0.0013191699981689453,1.4713513132494958,False,False
fronto_d3.0,position,cnn_large,clean,1007,0.01,0.020833333333333332,0.9791666666666666,96,0.002800535410642624,0.0006882774222108658,nan,0.0024933815002441406,1.4727678680462952,False,False
fronto_d3.0,position,cnn_large,clean,1008,0.01,0.0625,0.9375,96,0.0035067424178123474,0.0009986379563462528,nan,0.0025211970011393228,1.4716431620043564,False,False
fronto_d3.0,position,cnn_large,clean,1009,0.01,0.07291666666666667,0.9270833333333334,96,0.005872259382158518,0.0011537568576459923,nan,0.0025688807169596353,1.471351825803431,False,False
fronto_d3.0,position,cnn_large,mixed,1000,0.01,0.28125,0.71875,96,0.002123034792020917,0.0013922064890479612,nan,0.0008179346720377604,1.4664828610291663,False,False
fronto_d3.0,position,cnn_large,mixed,1001,0.01,0.3125,0.6875,96,0.002484906231984496,0.0007088908121504256,nan,0.0015290578206380208,1.465909038612709,False,False
fronto_d3.0,position,cnn_large,mixed,1002,0.01,0.28125,0.71875,96,0.0016306801699101925,0.0013511332253803002,nan,0.0008038679758707682,1.466195487952057,False,False
fronto_d3.0,position,cnn_large,mixed,1003,0.01,0.2708333333333333,0.7291666666666666,96,0.0036140852607786655,0.0034094407174855303,nan,0.0012289683024088542,1.4660238099888894,False,False
fronto_d3.0,position,cnn_large,mixed,1004,0.01,0.2916666666666667,0.7083333333333334,96,0.0031672073528170586,0.0011076403941039279,nan,0.0012734731038411458,1.4660689161113938,False,False
fronto_d3.0,position,cnn_large,mixed,1005,0.01,0.2916666666666667,0.7083333333333334,96,0.005266891326755285,0.0032529943847508817,nan,0.002002080281575521,1.4661298195422985,False,False
fronto_d3.0,position,cnn_large,mixed,1006,0.01,0.2708333333333333,0.7291666666666666,96,0.002179160248488188,0.0009776896244962923,nan,0.0011680920918782551,1.4666958528520992,False,False
fronto_d3.0,position,cnn_large,mixed,1007,0.01,0.28125,0.71875,96,0.002236014697700739,0.000985494896181047,nan,0.0008742809295654297,1.4665601599494238,False,False
fronto_d3.0,position,cnn_large,mixed,1008,0.01,0.28125,0.71875,96,0.0028192326426506042,0.0009934859591411022,nan,0.0026928583780924478,1.4661162903048708,False,False
fronto_d3.0,position,cnn_large,mixed,1009,0.01,0.2916666666666667,0.7083333333333334,96,0.0024477513507008553,0.0017672949923033168,nan,0.0011814435323079426,1.4663078864844452,False,False
fronto_d3.0,position+both,free,clean,1000,0.05,0.03125,0.96875,96,0.0447288379073143,3.816626909867201e-07,nan,0.0002714792887369792,1.4726629834081422,False,False
fronto_d3.0,position+both,free,clean,1001,0.05,0.03125,0.96875,96,0.051096636801958084,3.99002210136103e-07,nan,0.0002891222635904948,1.4703975415901596,False,False
fronto_d3.0,position+both,free,clean,1002,0.05,0.020833333333333332,0.9791666666666666,96,0.04303385689854622,3.8990415782630103e-07,nan,0.00027680397033691406,1.4719567332924561,False,False
fronto_d3.0,position+both,free,clean,1003,0.05,0.07291666666666667,0.9270833333333334,96,0.045140765607357025,3.6960034548155026e-07,nan,0.0003456274668375651,1.4724313384484036,False,False
fronto_d3.0,position+both,free,clean,1004,0.05,0.08333333333333333,0.9166666666666666,96,0.05110735446214676,3.722862129551026e-07,nan,0.00019439061482747397,1.471099417467809,False,False
fronto_d3.0,position+both,free,clean,1005,0.05,0.10416666666666667,0.8958333333333334,96,0.05101212114095688,4.0065056090929654e-07,nan,0.0005629857381184896,1.4722734102738213,False,False
fronto_d3.0,position+both,free,clean,1006,0.05,0.0,1.0,96,0.042561378329992294,3.7223780347195207e-07,nan,0.00028125445048014325,1.4727866262361395,False,False
fronto_d3.0,position+both,free,clean,1007,0.05,0.020833333333333332,0.9791666666666666,96,0.04215238615870476,3.884620968925441e-07,nan,0.0004933675130208334,1.47374591556922,False,False
fronto_d3.0,position+both,free,clean,1008,0.05,0.020833333333333332,0.9791666666666666,96,0.04460824653506279,3.9045839287199094e-07,nan,0.0005524953206380209,1.4721234127993224,False,False
fronto_d3.0,position+both,free,clean,1009,0.05,0.0625,0.9375,96,0.04607146978378296,3.803450826715565e-07,nan,0.00019009908040364584,1.4708442072281107,False,False
fronto_d3.0,position+both,free,mixed,1000,0.05,0.3020833333333333,0.6979166666666666,96,0.03434918075799942,3.8157499198188006e-07,nan,0.00017571449279785156,1.4655391646901832,False,False
fronto_d3.0,position+both,free,mixed,1001,0.05,0.3020833333333333,0.6979166666666666,96,0.0394100546836853,3.863955293950618e-07,nan,0.00024318695068359375,1.4629663651587863,False,False
fronto_d3.0,position+both,free,mixed,1002,0.05,0.2916666666666667,0.7083333333333334,96,0.032788749784231186,3.6771486653518027e-07,nan,0.0005167325337727865,1.4645828474403864,False,False
fronto_d3.0,position+both,free,mixed,1003,0.05,0.3125,0.6875,96,0.03483577072620392,3.7905685383021635e-07,nan,0.00033919016520182293,1.4654841130041603,False,False
fronto_d3.0,position+both,free,mixed,1004,0.05,0.3333333333333333,0.6666666666666666,96,0.039537765085697174,3.948577489366283e-07,nan,0.00022459030151367188,1.4644253873359987,False,False
fronto_d3.0,position+both,free,mixed,1005,0.05,0.3333333333333333,0.6666666666666666,96,0.039054177701473236,3.8732718158303613e-07,nan,0.00023746490478515625,1.4657636122956155,False,False
fronto_d3.0,position+both,free,mixed,1006,0.05,0.3020833333333333,0.6979166666666666,96,0.032364822924137115,3.7223780347195207e-07,nan,0.00026416778564453125,1.4655716623593245,False,False
fronto_d3.0,position+both,free,mixed,1007,0.05,0.3020833333333333,0.6979166666666666,96,0.03179195895791054,3.887933175124737e-07,nan,0.0005634625752766927,1.4664024610243744,False,False
fronto_d3.0,position+both,free,mixed,1008,0.05,0.3020833333333333,0.6979166666666666,96,0.03436775878071785,3.727975858644371e-07,nan,0.0007371902465820312,1.464724578880287,False,False
fronto_d3.0,position+both,free,mixed,1009,0.05,0.3020833333333333,0.6979166666666666,96,0.03550892323255539,3.949816074742956e-07,nan,0.0006319681803385416,1.4642622601077262,False,False
fronto_d3.0,position+both,cnn_small,clean,1000,0.01,0.020833333333333332,0.9791666666666666,96,0.004730885848402977,0.00021182016402880778,nan,0.006304581960042317,1.4731152885207848,False,False
fronto_d3.0,position+both,cnn_small,clean,1001,0.01,0.020833333333333332,0.9791666666666666,96,0.004192780703306198,7.516831338284329e-05,nan,0.0070362091064453125,1.4734576783239648,False,False
fronto_d3.0,position+both,cnn_small,clean,1002,0.01,0.041666666666666664,0.9583333333333334,96,0.009552374482154846,0.00013224965193949398,nan,0.0015765825907389324,1.4726584770464966,False,False
fronto_d3.0,position+both,cnn_small,clean,1003,0.01,0.041666666666666664,0.9583333333333334,96,0.00821579061448574,0.00019332364251325068,nan,0.002083937327067057,1.4728534103027775,False,False
fronto_d3.0,position+both,cnn_small,clean,1004,0.01,0.010416666666666666,0.9895833333333334,96,0.004591757897287607,8.801979974679823e-05,nan,0.0018090407053629558,1.4734576672874335,False,False
fronto_d3.0,position+both,cnn_small,clean,1005,0.01,0.020833333333333332,0.9791666666666666,96,0.004159015603363514,0.0002145732031447808,nan,0.0023972193400065103,1.4733607317123179,False,False
fronto_d3.0,position+both,cnn_small,clean,1006,0.01,0.0,1.0,96,1.2873115539550781,1.888753302118206,nan,5.896886189778646e-05,0.0,True,True
fronto_d3.0,position+both,cnn_small,clean,1007,0.01,0.052083333333333336,0.9479166666666666,96,0.010684238746762276,0.00022517309591754242,nan,0.002852916717529297,1.4722865080430365,False,False
fronto_d3.0,position+both,cnn_small,clean,1008,0.01,0.052083333333333336,0.9479166666666666,96,0.009801790118217468,4.722331485081619e-06,nan,0.004687309265136719,1.4725901634564784,False,False
fronto_d3.0,position+both,cnn_small,clean,1009,0.01,0.052083333333333336,0.9479166666666666,96,0.012190240435302258,0.00010750520621638961,nan,0.004047711690266927,1.4720052075358168,False,False
fronto_d3.0,position+both,cnn_small,mixed,1000,0.01,0.2916666666666667,0.7083333333333334,96,0.001957970904186368,0.0001192757074219762,nan,0.0027016798655192056,1.466576756329948,False,False
fronto_d3.0,position+both,cnn_small,mixed,1001,0.01,0.2916666666666667,0.7083333333333334,96,0.0018161822808906436,6.681826466335016e-05,nan,0.00038131078084309894,1.466700950185721,False,False
fronto_d3.0,position+both,cnn_small,mixed,1002,0.01,0.28125,0.71875,96,0.0019497462781146169,3.674808161194622e-05,nan,0.0009403228759765625,1.4666031950497305,False,False
fronto_d3.0,position+both,cnn_small,mixed,1003,0.01,0.28125,0.71875,96,0.001968964235857129,0.0001057668996646034,nan,0.0004564921061197917,1.4665313770817208,False,False
fronto_d3.0,position+both,cnn_small,mixed,1004,0.01,0.28125,0.71875,96,0.0019236326916143298,3.727866774530148e-05,nan,0.000506122907002767,1.4666781229275767,False,False
fronto_d3.0,position+both,cnn_small,mixed,1005,0.01,0.2916666666666667,0.7083333333333334,96,0.0018352221231907606,0.0001256946804881544,nan,0.0005903244018554688,1.4665905984047005,False,False
fronto_d3.0,position+both,cnn_small,mixed,1006,0.01,0.0,1.0,96,1.285986304283142,1.888753302118206,nan,0.0003075599670410156,0.0,True,True
fronto_d3.0,position+both,cnn_small,mixed,1007,0.01,0.28125,0.71875,96,0.0019785454496741295,3.852997735732816e-05,nan,0.0005222956339518229,1.4666038726565969,False,False
fronto_d3.0,position+both,cnn_small,mixed,1008,0.01,0.28125,0.71875,96,0.0030665581580251455,9.928972105559485e-05,nan,0.0010176499684651692,1.4663877441795148,False,False
fronto_d3.0,position+both,cnn_small,mixed,1009,0.01,0.28125,0.71875,96,0.0020843215752393007,4.0127348756042373e-05,nan,0.0006470680236816406,1.4665309398205835,False,False
fronto_d3.0,position+both,cnn_large,clean,1000,0.01,0.03125,0.96875,96,0.009720835834741592,0.0006462681264411107,nan,0.0018916924794514973,1.472319600860157,False,False
fronto_d3.0,position+both,cnn_large,clean,1001,0.01,0.0,1.0,96,0.002980580786243081,0.00047355810902237675,nan,0.00047127405802408856,1.4738581420644066,False,False
fronto_d3.0,position+both,cnn_large,clean,1002,0.01,0.010416666666666666,0.9895833333333334,96,0.005305308848619461,0.00032845704247987074,nan,0.003104527791341146,1.47346369222786,False,False
fronto_d3.0,position+both,cnn_large,clean,1003,0.01,0.010416666666666666,0.9895833333333334,96,0.00517218466848135,0.0005260594183648879,nan,0.003352642059326172,1.47330237003414,False,False
fronto_d3.0,position+both,cnn_large,clean,1004,0.01,0.0,1.0,96,0.007013078313320875,0.0006864811563688422,nan,0.004609743754069011,1.4735986098900962,False,False
fronto_d3.0,position+both,cnn_large,clean,1005,0.01,0.0,1.0,96,0.004842761904001236,0.0009525229138014977,nan,0.0027391910552978516,1.4733628909178724,False,False
fronto_d3.0,position+both,cnn_large,clean,1006,0.01,0.010416666666666666,0.9895833333333334,96,0.004522094503045082,0.00015372642850202778,nan,0.002392927805582682,1.4733806498112898,False,False
fronto_d3.0,position+both,cnn_large,clean,1007,0.01,0.041666666666666664,0.9583333333333334,96,0.012100297957658768,0.0010280817430282896,nan,0.0015721321105957031,1.4719843963629418,False,False
fronto_d3.0,position+both,cnn_large,clean,1008,0.01,0.020833333333333332,0.9791666666666666,96,0.006932694930583239,0.0005129571352023228,nan,0.006928920745849609,1.4729584208483992,False,False
fronto_d3.0,position+both,cnn_large,clean,1009,0.01,0.0,1.0,96,1.282997965812683,1.8884435249231026,nan,7.915496826171875e-05,0.0,True,True
fronto_d3.0,position+both,cnn_large,mixed,1000,0.01,0.2708333333333333,0.7291666666666666,96,0.0034811554942280054,0.00021474104323997698,nan,0.0005932251612345377,1.4667138422034662,False,False
fronto_d3.0,position+both,cnn_large,mixed,1001,0.01,0.2708333333333333,0.7291666666666666,96,0.004256103187799454,0.0005590533953540764,nan,0.0022041002909342446,1.466628332315061,False,False
fronto_d3.0,position+both,cnn_large,mixed,1002,0.01,0.2916666666666667,0.7083333333333334,96,0.004021874163299799,0.0005518468443386672,nan,0.001632372538248698,1.466434267995862,False,False
fronto_d3.0,position+both,cnn_large,mixed,1003,0.01,0.2708333333333333,0.7291666666666666,96,0.0032765953801572323,0.0007682534260967719,nan,0.0009167989095052084,1.4666897458660988,False,False
fronto_d3.0,position+both,cnn_large,mixed,1004,0.01,0.28125,0.71875,96,0.00379731273278594,0.0006964956526189487,nan,0.0008746782938639323,1.4663317675601584,False,False
fronto_d3.0,position+both,cnn_large,mixed,1005,0.01,0.0,1.0,96,1.2874653339385986,1.8887521012819772,nan,8.646647135416667e-05,0.0,True,True
fronto_d3.0,position+both,cnn_large,mixed,1006,0.01,0.0,1.0,96,1.285986304283142,1.8887530019090397,nan,0.0003177324930826823,0.0,True,True
fronto_d3.0,position+both,cnn_large,mixed,1007,0.01,0.2708333333333333,0.7291666666666666,96,0.0032380030024796724,0.00042455678407703304,nan,0.00039005279541015625,1.4665161088852114,False,False
fronto_d3.0,position+both,cnn_large,mixed,1008,0.01,0.2708333333333333,0.7291666666666666,96,0.003939671441912651,0.00044558138732522405,nan,0.0008932749430338541,1.466738882182898,False,False
fronto_d3.0,position+both,cnn_large,mixed,1009,0.01,0.0,1.0,96,1.2814611196517944,1.8887539025367561,nan,0.0015284220377604167,0.0,True,True
fronto_d3.0,position+conf,free,clean,1000,0.05,0.0,1.0,96,-1.0034029483795166,8.30550073007859e-07,nan,0.00042287508646647137,1.473953841597171,False,False
fronto_d3.0,position+conf,free,clean,1001,0.05,0.0,1.0,96,-1.0013355016708374,8.30550073007859e-07,nan,0.0005701382954915365,1.471692699706346,False,False
fronto_d3.0,position+conf,free,clean,1002,0.05,0.0,1.0,96,-1.0033338069915771,8.30550073007859e-07,nan,0.0005701382954915365,1.472457165045362,False,False
fronto_d3.0,position+conf,free,clean,1003,0.05,0.0,1.0,96,-1.0049517154693604,8.30550073007859e-07,nan,0.0005701382954915365,1.474137872528299,False,False
fronto_d3.0,position+conf,free,clean,1004,0.05,0.0,1.0,96,-1.0012203454971313,8.30550073007859e-07,nan,0.0005701382954915365,1.4737690353638702,False,False
fronto_d3.0,position+conf,free,clean,1005,0.05,0.0,1.0,96,-1.0018073320388794,8.30550073007859e-07,nan,0.0005701382954915365,1.474867375385144,False,False
fronto_d3.0,position+conf,free,clean,1006,0.05,0.0,1.0,96,-1.0043538808822632,8.30550073007859e-07,nan,0.0004240671793619792,1.473769108970115,False,False
fronto_d3.0,position+conf,free,clean,1007,0.05,0.0,1.0,96,-1.005107045173645,8.30550073007859e-07,nan,0.0004240671793619792,1.4745040458594774,False,False
fronto_d3.0,position+conf,free,clean,1008,0.05,0.0,1.0,96,-1.003627896308899,8.30550073007859e-07,nan,0.0005701382954915365,1.4730234449756698,False,False
fronto_d3.0,position+conf,free,clean,1009,0.05,0.0,1.0,96,-1.00290048122406,8.30550073007859e-07,nan,0.0005701382954915365,1.4730233979940883,False,False
fronto_d3.0,position+conf,free,mixed,1000,0.05,0.3020833333333333,0.6979166666666666,96,-0.9892281293869019,8.30550073007859e-07,nan,0.000247955322265625,1.4667152052840327,False,False
fronto_d3.0,position+conf,free,mixed,1001,0.05,0.2916666666666667,0.7083333333333334,96,-0.9868614673614502,8.30550073007859e-07,nan,0.0002193450927734375,1.4642172139350385,False,False
fronto_d3.0,position+conf,free,mixed,1002,0.05,0.2916666666666667,0.7083333333333334,96,-0.9891957640647888,8.30550073007859e-07,nan,0.0005860328674316406,1.4651568272143678,False,False
fronto_d3.0,position+conf,free,mixed,1003,0.05,0.2916666666666667,0.7083333333333334,96,-0.9896517395973206,8.30550073007859e-07,nan,0.0005908012390136719,1.4667798965483159,False,False
fronto_d3.0,position+conf,free,mixed,1004,0.05,0.2916666666666667,0.7083333333333334,96,-0.9866362810134888,8.30550073007859e-07,nan,0.0005597273508707682,1.4664175940185382,False,False
fronto_d3.0,position+conf,free,mixed,1005,0.05,0.3020833333333333,0.6979166666666666,96,-0.9872207641601562,8.30550073007859e-07,nan,0.0005824565887451172,1.467557436454876,False,False
fronto_d3.0,position+conf,free,mixed,1006,0.05,0.2916666666666667,0.7083333333333334,96,-0.9902551770210266,8.30550073007859e-07,nan,0.00028363863627115887,1.4664497061095911,False,False
fronto_d3.0,position+conf,free,mixed,1007,0.05,0.2916666666666667,0.7083333333333334,96,-0.9905540347099304,8.30550073007859e-07,nan,0.0004600683848063151,1.467310121133639,False,False
fronto_d3.0,position+conf,free,mixed,1008,0.05,0.2916666666666667,0.7083333333333334,96,-0.9892348647117615,8.30550073007859e-07,nan,0.0005084673563639323,1.4656189105583974,False,False
fronto_d3.0,position+conf,free,mixed,1009,0.05,0.2916666666666667,0.7083333333333334,96,-0.9882515668869019,8.30550073007859e-07,nan,0.0005677541097005209,1.4656188486735289,False,False
fronto_d3.0,position+conf,cnn_small,clean,1000,0.01,0.052083333333333336,0.9479166666666666,96,-0.3268159329891205,0.0003379150878926447,nan,0.003383636474609375,1.4718492871278575,False,False
fronto_d3.0,position+conf,cnn_small,clean,1001,0.01,0.041666666666666664,0.9583333333333334,96,-0.3313567042350769,0.00027625084363115486,nan,0.004594008127848308,1.472843067861386,False,False
fronto_d3.0,position+conf,cnn_small,clean,1002,0.01,0.08333333333333333,0.9166666666666666,96,-0.3466426134109497,0.00018948272130947985,nan,0.00353089968363444,1.4712305596415012,False,False
fronto_d3.0,position+conf,cnn_small,clean,1003,0.01,0.13541666666666666,0.8645833333333334,96,-0.3360685110092163,0.0002799656674625559,nan,0.0026068687438964844,1.4694276835120006,False,False
fronto_d3.0,position+conf,cnn_small,clean,1004,0.01,0.10416666666666667,0.8958333333333334,96,-0.37417274713516235,0.00013853734850243917,nan,0.0015581051508585613,1.470481057873867,False,False
fronto_d3.0,position+conf,cnn_small,clean,1005,0.01,0.052083333333333336,0.9479166666666666,96,-0.32873964309692383,0.0004439570933074778,nan,0.0038124720255533853,1.4719761453358726,False,False
fronto_d3.0,position+conf,cnn_small,clean,1006,0.01,0.0,1.0,96,0.9948598742485046,1.8887524014909254,nan,7.35918680826823e-05,0.0,True,True
fronto_d3.0,position+conf,cnn_small,clean,1007,0.01,0.10416666666666667,0.8958333333333334,96,-0.3333073556423187,0.0003587788372095183,nan,0.0032699902852376304,1.4706165541386382,False,False
fronto_d3.0,position+conf,cnn_small,clean,1008,0.01,0.125,0.875,96,-0.2512156367301941,0.00020103442452911295,nan,0.0007076263427734375,1.469248992637189,False,False
fronto_d3.0,position+conf,cnn_small,clean,1009,0.01,0.10416666666666667,0.8958333333333334,96,-0.33067911863327026,0.00010040155508597232,nan,0.005966663360595703,1.4703868563288567,False,False
fronto_d3.0,position+conf,cnn_small,mixed,1000,0.01,0.28125,0.71875,96,-0.33580636978149414,0.00027723559825411733,nan,0.001239776611328125,1.4664639566913602,False,False
fronto_d3.0,position+conf,cnn_small,mixed,1001,0.01,0.28125,0.71875,96,-0.39871686697006226,0.00011554169215798956,nan,0.001606305440266927,1.4665144584459477,False,False
fronto_d3.0,position+conf,cnn_small,mixed,1002,0.01,0.28125,0.71875,96,-0.35183975100517273,0.000259965426651545,nan,0.002665360768636068,1.4665154121074455,False,False
fronto_d3.0,position+conf,cnn_small,mixed,1003,0.01,0.2708333333333333,0.7291666666666666,96,-0.3577089011669159,0.00021836984507020616,nan,0.0012200673421223958,1.46625894302817,False,False
fronto_d3.0,position+conf,cnn_small,mixed,1004,0.01,0.2708333333333333,0.7291666666666666,96,-0.3459901511669159,0.0002785695085072076,nan,0.0010441939036051433,1.4665406351178667,False,False
fronto_d3.0,position+conf,cnn_small,mixed,1005,0.01,0.2708333333333333,0.7291666666666666,96,-0.34769827127456665,0.0003705881000554117,nan,0.002587477366129557,1.4665181260650226,False,False
fronto_d3.0,position+conf,cnn_small,mixed,1006,0.01,0.0,1.0,96,1.0019867420196533,1.8887539025367561,nan,8.265177408854166e-06,0.0,True,True
fronto_d3.0,position+conf,cnn_small,mixed,1007,0.01,0.28125,0.71875,96,-0.3191207945346832,0.0003072866387486353,nan,0.0016989707946777344,1.466428478552634,False,False
fronto_d3.0,position+conf,cnn_small,mixed,1008,0.01,0.2708333333333333,0.7291666666666666,96,-0.28289756178855896,0.00011733065606869844,nan,0.0012981096903483074,1.465035198514451,False,False
fronto_d3.0,position+conf,cnn_small,mixed,1009,0.01,0.28125,0.71875,96,-0.34612756967544556,7.951173387676867e-05,nan,0.0013700326283772786,1.4663535676552253,False,False
fronto_d3.0,position+conf,cnn_large,clean,1000,0.01,0.19791666666666666,0.8020833333333334,96,-0.2806605100631714,0.0005987320608769976,nan,0.0040522416432698565,1.4670703537808945,False,False
fronto_d3.0,position+conf,cnn_large,clean,1001,0.01,0.041666666666666664,0.9583333333333334,96,-0.16575448215007782,0.001733010184164967,nan,0.0036094188690185547,1.4719648654632205,False,False
fronto_d3.0,position+conf,cnn_large,clean,1002,0.01,0.19791666666666666,0.8020833333333334,96,-0.14479345083236694,0.00331591657019796,nan,0.003168900807698568,1.4670374384133837,False,False
fronto_d3.0,position+conf,cnn_large,clean,1003,0.01,0.07291666666666667,0.9270833333333334,96,-0.29940465092658997,0.0015519467436468336,nan,0.0032784144083658853,1.4710159236335283,False,False
fronto_d3.0,position+conf,cnn_large,clean,1004,0.01,0.07291666666666667,0.9270833333333334,96,-0.14130368828773499,0.0019321075837059004,nan,0.005124886830647786,1.47033425475505,False,False
fronto_d3.0,position+conf,cnn_large,clean,1005,0.01,0.09375,0.90625,96,-0.13048455119132996,0.001317502165678971,nan,0.006488879521687825,1.4708405728521146,False,False
fronto_d3.0,position+conf,cnn_large,clean,1006,0.01,0.0625,0.9375,96,-0.13584579527378082,0.001110007195844027,nan,0.0037941932678222656,1.4709942509182987,False,False
fronto_d3.0,position+conf,cnn_large,clean,1007,0.01,0.08333333333333333,0.9166666666666666,96,-0.34803029894828796,0.0005785144438059302,nan,0.0038722356160481772,1.4710050341581875,False,False
fronto_d3.0,position+conf,cnn_large,clean,1008,0.01,0.07291666666666667,0.9270833333333334,96,-0.27161818742752075,0.0012180371411899444,nan,0.0035746892293294272,1.471311727683278,False,False
fronto_d3.0,position+conf,cnn_large,clean,1009,0.01,0.08333333333333333,0.9166666666666666,96,-0.1847761571407318,0.0011136843474610137,nan,0.004549821217854817,1.4706987117611747,False,False
fronto_d3.0,position+conf,cnn_large,mixed,1000,0.01,0.3125,0.6875,96,-0.2851588726043701,0.001605327678272595,nan,0.0024456183115641275,1.4657454799989298,False,False
fronto_d3.0,position+conf,cnn_large,mixed,1001,0.01,0.2916666666666667,0.7083333333333334,96,-0.17565801739692688,0.0010809967873888146,nan,0.0011057853698730469,1.4660744821785023,False,False
fronto_d3.0,position+conf,cnn_large,mixed,1002,0.01,0.28125,0.71875,96,-0.23353450000286102,0.0008937273493616044,nan,0.0005894502003987631,1.4662982933748197,False,False
fronto_d3.0,position+conf,cnn_large,mixed,1003,0.01,0.2916666666666667,0.7083333333333334,96,-0.2789667844772339,0.0011561514216025836,nan,0.007467905680338542,1.4661366565266227,False,False
fronto_d3.0,position+conf,cnn_large,mixed,1004,0.01,0.3020833333333333,0.6979166666666666,96,-0.14018982648849487,0.001714196828463738,nan,0.0027844905853271484,1.4660268709248254,False,False
fronto_d3.0,position+conf,cnn_large,mixed,1005,0.01,0.2604166666666667,0.7395833333333334,96,-0.12645386159420013,0.002858731832181518,nan,0.002252499262491862,1.4654966811925683,False,False
fronto_d3.0,position+conf,cnn_large,mixed,1006,0.01,0.2708333333333333,0.7291666666666666,96,-0.14082664251327515,0.0009924651187916784,nan,0.0012250741322835286,1.4668010902251338,False,False
fronto_d3.0,position+conf,cnn_large,mixed,1007,0.01,0.3020833333333333,0.6979166666666666,96,-0.2008322775363922,0.0006508330143066017,nan,0.0024511019388834634,1.465008287823185,False,False
fronto_d3.0,position+conf,cnn_large,mixed,1008,0.01,0.3125,0.6875,96,-0.21872450411319733,0.002081536026408065,nan,0.0025202433268229165,1.4655896957742507,False,False
fronto_d3.0,position+conf,cnn_large,mixed,1009,0.01,0.3020833333333333,0.6979166666666666,96,-0.1719832569360733,0.00124234345127119,nan,0.0025718212127685547,1.466419132344233,False,False
fronto_d3.0,position+conf_noclip,free,clean,1000,0.05,0.0,1.0,96,-0.47354036569595337,4.5031402171534446e-07,nan,0.0005400975545247396,1.4739527449658492,False,False
fronto_d3.0,position+conf_noclip,free,clean,1001,0.05,0.0,1.0,96,-0.47270116209983826,4.5031402171534446e-07,nan,0.0005400975545247396,1.4716915999320843,False,False
fronto_d3.0,position+conf_noclip,free,clean,1002,0.05,0.0,1.0,96,-0.4730883538722992,4.5031402171534446e-07,nan,0.0005400975545247396,1.4724560689879558,False,False
fronto_d3.0,position+conf_noclip,free,clean,1003,0.05,0.0,1.0,96,-0.4742782711982727,4.5031402171534446e-07,nan,0.0005400975545247396,1.474136792114702,False,False
fronto_d3.0,position+conf_noclip,free,clean,1004,0.05,0.0,1.0,96,-0.47267046570777893,4.5031402171534446e-07,nan,0.00022236506144205728,1.4737679660397995,False,False
fronto_d3.0,position+conf_noclip,free,clean,1005,0.05,0.0,1.0,96,-0.47296056151390076,4.5031402171534446e-07,nan,0.0005400975545247396,1.4748662926859473,False,False
fronto_d3.0,position+conf_noclip,free,clean,1006,0.05,0.0,1.0,96,-0.47393545508384705,4.5031402171534446e-07,nan,0.00022236506144205728,1.4737680298803406,False,False
fronto_d3.0,position+conf_noclip,free,clean,1007,0.05,0.0,1.0,96,-0.47429656982421875,4.5031402171534446e-07,nan,0.0005400975545247396,1.4745029265353309,False,False
fronto_d3.0,position+conf_noclip,free,clean,1008,0.05,0.0,1.0,96,-0.47368931770324707,4.5031402171534446e-07,nan,0.00022236506144205728,1.4730223508170228,False,False
fronto_d3.0,position+conf_noclip,free,clean,1009,0.05,0.0,1.0,96,-0.47320297360420227,4.5031402171534446e-07,nan,0.0005400975545247396,1.473022307755775,False,False
fronto_d3.0,position+conf_noclip,free,mixed,1000,0.05,0.3020833333333333,0.6979166666666666,96,-0.4656873643398285,4.5031402171534446e-07,nan,0.00023667017618815103,1.46671412653425,False,False
fronto_d3.0,position+conf_noclip,free,mixed,1001,0.05,0.2916666666666667,0.7083333333333334,96,-0.4642932116985321,4.5031402171534446e-07,nan,0.0005145867665608724,1.4642161084461538,False,False
fronto_d3.0,position+conf_noclip,free,mixed,1002,0.05,0.2916666666666667,0.7083333333333334,96,-0.46536123752593994,4.5031402171534446e-07,nan,0.0005370775858561198,1.465155757196943,False,False
fronto_d3.0,position+conf_noclip,free,mixed,1003,0.05,0.2916666666666667,0.7083333333333334,96,-0.46570757031440735,4.5031402171534446e-07,nan,0.0006262461344401041,1.4667787812536464,False,False
fronto_d3.0,position+conf_noclip,free,mixed,1004,0.05,0.2916666666666667,0.7083333333333334,96,-0.4643336236476898,4.5031402171534446e-07,nan,0.0006442070007324219,1.4664165121926844,False,False
fronto_d3.0,position+conf_noclip,free,mixed,1005,0.05,0.3020833333333333,0.6979166666666666,96,-0.4644969701766968,4.5031402171534446e-07,nan,0.0006287097930908203,1.4675563534372287,False,False
fronto_d3.0,position+conf_noclip,free,mixed,1006,0.05,0.2916666666666667,0.7083333333333334,96,-0.4661674201488495,4.5031402171534446e-07,nan,0.00036843617757161457,1.4664486249772444,False,False
fronto_d3.0,position+conf_noclip,free,mixed,1007,0.05,0.2916666666666667,0.7083333333333334,96,-0.4663231372833252,4.5031402171534446e-07,nan,0.0004552205403645833,1.4673090219339804,False,False
fronto_d3.0,position+conf_noclip,free,mixed,1008,0.05,0.2916666666666667,0.7083333333333334,96,-0.4656931757926941,4.5031402171534446e-07,nan,0.0006034374237060547,1.4656178104955317,False,False
fronto_d3.0,position+conf_noclip,free,mixed,1009,0.05,0.2916666666666667,0.7083333333333334,96,-0.4650656282901764,4.5031402171534446e-07,nan,0.0006655851999918619,1.465617741254711,False,False
fronto_d3.0,position+conf_noclip,cnn_small,clean,1000,0.01,0.052083333333333336,0.9479166666666666,96,-0.21944811940193176,0.00045016544836997937,nan,0.001806020736694336,1.472148911980009,False,False
fronto_d3.0,position+conf_noclip,cnn_small,clean,1001,0.01,0.0625,0.9375,96,-0.23320168256759644,0.000359195362799314,nan,0.00246429443359375,1.471728105264134,False,False
fronto_d3.0,position+conf_noclip,cnn_small,clean,1002,0.01,0.07291666666666667,0.9270833333333334,96,-0.2300376147031784,0.0003015717706346896,nan,0.0018895467122395833,1.4713519567587017,False,False
fronto_d3.0,position+conf_noclip,cnn_small,clean,1003,0.01,0.10416666666666667,0.8958333333333334,96,-0.2284722775220871,0.00040265020698486843,nan,0.002064387003580729,1.4702519959324534,False,False
fronto_d3.0,position+conf_noclip,cnn_small,clean,1004,0.01,0.09375,0.90625,96,-0.22039034962654114,0.00012055328264018507,nan,0.003775914510091146,1.4706886482848232,False,False
fronto_d3.0,position+conf_noclip,cnn_small,clean,1005,0.01,0.052083333333333336,0.9479166666666666,96,-0.22107630968093872,0.0004036258074651072,nan,0.0027860005696614585,1.472205340189076,False,False
fronto_d3.0,position+conf_noclip,cnn_small,clean,1006,0.01,0.0,1.0,96,0.1626366525888443,1.8887524014909254,nan,5.992253621419271e-05,0.0,True,True
fronto_d3.0,position+conf_noclip,cnn_small,clean,1007,0.01,0.10416666666666667,0.8958333333333334,96,-0.2137574553489685,0.0004599503679010347,nan,0.006136735280354817,1.4702897684127785,False,False
fronto_d3.0,position+conf_noclip,cnn_small,clean,1008,0.01,0.13541666666666666,0.8645833333333334,96,-0.17722241580486298,0.00021900845420642928,nan,0.0027500788370768228,1.4691934121444388,False,False
fronto_d3.0,position+conf_noclip,cnn_small,clean,1009,0.01,0.052083333333333336,0.9479166666666666,96,-0.22644129395484924,0.00014955947543728206,nan,0.004909356435139974,1.4718429265910986,False,False
fronto_d3.0,position+conf_noclip,cnn_small,mixed,1000,0.01,0.2708333333333333,0.7291666666666666,96,-0.22705480456352234,0.0002794674900922752,nan,0.0029821395874023438,1.4664418480778019,False,False
fronto_d3.0,position+conf_noclip,cnn_small,mixed,1001,0.01,0.2708333333333333,0.7291666666666666,96,-0.245664581656456,8.511482938315615e-05,nan,0.0011328061421712239,1.4665944395800394,False,False
fronto_d3.0,position+conf_noclip,cnn_small,mixed,1002,0.01,0.28125,0.71875,96,-0.23570643365383148,0.00037534239268375647,nan,0.0018985271453857422,1.4666286848107883,False,False
fronto_d3.0,position+conf_noclip,cnn_small,mixed,1003,0.01,0.2916666666666667,0.7083333333333334,96,-0.2465335577726364,0.00019933111515457594,nan,0.0009856224060058594,1.466384252669573,False,False
fronto_d3.0,position+conf_noclip,cnn_small,mixed,1004,0.01,0.2708333333333333,0.7291666666666666,96,-0.2272695004940033,0.00024145315570099827,nan,0.0010635058085123699,1.4665689010746943,False,False
fronto_d3.0,position+conf_noclip,cnn_small,mixed,1005,0.01,0.28125,0.71875,96,-0.230320543050766,0.00044792899839964963,nan,0.001018524169921875,1.466481378431321,False,False
fronto_d3.0,position+conf_noclip,cnn_small,mixed,1006,0.01,0.0,1.0,96,0.16737385094165802,1.8887545029555972,nan,0.00019200642903645834,0.0,True,True
fronto_d3.0,position+conf_noclip,cnn_small,mixed,1007,0.01,0.28125,0.71875,96,-0.22422102093696594,0.0003109002246137413,nan,0.0039437611897786455,1.466565884452422,False,False
fronto_d3.0,position+conf_noclip,cnn_small,mixed,1008,0.01,0.2916666666666667,0.7083333333333334,96,-0.19298991560935974,8.846179097250416e-05,nan,0.002913872400919596,1.46401698736745,False,False
fronto_d3.0,position+conf_noclip,cnn_small,mixed,1009,0.01,0.28125,0.71875,96,-0.23648221790790558,7.73629495479063e-05,nan,0.0010927518208821614,1.4665154300543377,False,False
fronto_d3.0,position+conf_noclip,cnn_large,clean,1000,0.01,0.0625,0.9375,96,-0.1695442944765091,0.0011843997972710277,nan,0.0019475618998209636,1.4714367618435178,False,False
fronto_d3.0,position+conf_noclip,cnn_large,clean,1001,0.01,0.09375,0.90625,96,-0.09197680652141571,0.0009160376894261474,nan,0.0011259714762369792,1.470681221186626,False,False
fronto_d3.0,position+conf_noclip,cnn_large,clean,1002,0.01,0.03125,0.96875,96,-0.19056348502635956,0.0007344885497056228,nan,0.0031900405883789062,1.4725739615529516,False,False
fronto_d3.0,position+conf_noclip,cnn_large,clean,1003,0.01,0.08333333333333333,0.9166666666666666,96,-0.19212789833545685,0.0009177417802908644,nan,0.006914615631103516,1.4706996488395576,False,False
fronto_d3.0,position+conf_noclip,cnn_large,clean,1004,0.01,0.0,1.0,96,0.2611956298351288,1.8887536023274447,nan,7.963180541992188e-05,0.0,True,True
fronto_d3.0,position+conf_noclip,cnn_large,clean,1005,0.01,0.10416666666666667,0.8958333333333334,96,-0.06306315213441849,0.001255940432059805,nan,0.003786961237589518,1.4702196231049582,False,False
fronto_d3.0,position+conf_noclip,cnn_large,clean,1006,0.01,0.0625,0.9375,96,-0.029404742643237114,0.00081995133787645,nan,0.0020908514658610025,1.4717454141174293,False,False
fronto_d3.0,position+conf_noclip,cnn_large,clean,1007,0.01,0.10416666666666667,0.8958333333333334,96,-0.1784685105085373,0.0006323499972007967,nan,0.002509593963623047,1.4684725314278242,False,False
fronto_d3.0,position+conf_noclip,cnn_large,clean,1008,0.01,0.08333333333333333,0.9166666666666666,96,-0.18551616370677948,0.0006555074795288166,nan,0.0012755393981933594,1.47099695859038,False,False
fronto_d3.0,position+conf_noclip,cnn_large,clean,1009,0.01,0.041666666666666664,0.9583333333333334,96,-0.13298414647579193,0.0010204949827898003,nan,0.004724820454915364,1.4724870094769544,False,False
fronto_d3.0,position+conf_noclip,cnn_large,mixed,1000,0.01,0.3125,0.6875,96,-0.18949303030967712,0.000744823574651085,nan,0.0009744962056477865,1.4658662463096035,False,False
fronto_d3.0,position+conf_noclip,cnn_large,mixed,1001,0.01,0.3125,0.6875,96,-0.09324445575475693,0.0010636716828152737,nan,0.0025507609049479165,1.4663231035621052,False,False
fronto_d3.0,position+conf_noclip,cnn_large,mixed,1002,0.01,0.5625,0.4375,96,-0.0699201449751854,0.002626478779307654,nan,0.002033392588297526,1.4555451193535736,False,False
fronto_d3.0,position+conf_noclip,cnn_large,mixed,1003,0.01,0.2604166666666667,0.7395833333333334,96,-0.18499073386192322,0.0004949689090171884,nan,0.0027017593383789062,1.4673487360155377,False,False
fronto_d3.0,position+conf_noclip,cnn_large,mixed,1004,0.01,0.3020833333333333,0.6979166666666666,96,-0.05896793678402901,0.0017488899039627716,nan,0.0038814544677734375,1.4652860240538021,False,False
fronto_d3.0,position+conf_noclip,cnn_large,mixed,1005,0.01,0.2916666666666667,0.7083333333333334,96,-0.05886013060808182,0.000592474925639902,nan,0.0024019877115885415,1.4664198618355804,False,False
fronto_d3.0,position+conf_noclip,cnn_large,mixed,1006,0.01,0.28125,0.71875,96,-0.02337181195616722,0.0015657054117722805,nan,0.0012532869974772136,1.4660884067091775,False,False
fronto_d3.0,position+conf_noclip,cnn_large,mixed,1007,0.01,0.0,1.0,96,0.19557474553585052,1.531289308156726,nan,0.0010291735331217449,0.2732873551171659,False,True
fronto_d3.0,position+conf_noclip,cnn_large,mixed,1008,0.01,0.3125,0.6875,96,-0.1747307926416397,0.0006811439449003432,nan,0.003814538319905599,1.465934720114877,False,False
fronto_d3.0,position+conf_noclip,cnn_large,mixed,1009,0.01,0.2708333333333333,0.7291666666666666,96,-0.09943747520446777,0.0030141868165927898,nan,0.002457777659098307,1.4657764825192419,False,False
fronto_d3.0,position+grad,free,clean,1000,0.05,0.010416666666666666,0.9895833333333334,96,0.038716040551662445,3.650870434291903e-07,nan,0.002743244171142578,1.473685956931785,False,False
fronto_d3.0,position+grad,free,clean,1001,0.05,0.020833333333333332,0.9791666666666666,96,0.04430045932531357,3.740591951553859e-07,nan,0.0008837381998697916,1.470998480652458,False,False
fronto_d3.0,position+grad,free,clean,1002,0.05,0.020833333333333332,0.9791666666666666,96,0.037139952182769775,3.7544001174822975e-07,nan,0.00012405713399251303,1.472060372537696,False,False
fronto_d3.0,position+grad,free,clean,1003,0.05,0.041666666666666664,0.9583333333333334,96,0.03923223912715912,3.966271951407333e-07,nan,0.00015457471211751303,1.4730686365826442,False,False
fronto_d3.0,position+grad,free,clean,1004,0.05,0.052083333333333336,0.9479166666666666,96,0.044456444680690765,3.6589707326833626e-07,nan,0.0006842613220214844,1.4720039913715433,False,False
fronto_d3.0,position+grad,free,clean,1005,0.05,0.08333333333333333,0.9166666666666666,96,0.0444473922252655,3.6070286046850143e-07,nan,0.00014734268188476562,1.4725834659774648,False,False
fronto_d3.0,position+grad,free,clean,1006,0.05,0.0,1.0,96,0.03675927594304085,3.908406202886458e-07,nan,0.00029786427815755207,1.473579283487161,False,False
fronto_d3.0,position+grad,free,clean,1007,0.05,0.020833333333333332,0.9791666666666666,96,0.03641940653324127,3.803721563864124e-07,nan,0.0004608631134033203,1.4741073577005168,False,False
fronto_d3.0,position+grad,free,clean,1008,0.05,0.020833333333333332,0.9791666666666666,96,0.03855922445654869,3.841838522670449e-07,nan,0.0007925033569335938,1.4723336497407722,False,False
fronto_d3.0,position+grad,free,clean,1009,0.05,0.052083333333333336,0.9479166666666666,96,0.04010159894824028,3.6926585284952424e-07,nan,0.0002713203430175781,1.4713411920237023,False,False
fronto_d3.0,position+grad,free,mixed,1000,0.05,0.3020833333333333,0.6979166666666666,96,0.0322839617729187,3.8181105879756006e-07,nan,0.00020837783813476562,1.46573770905444,False,False
fronto_d3.0,position+grad,free,mixed,1001,0.05,0.3125,0.6875,96,0.03640834242105484,3.656507324103046e-07,nan,0.00033219655354817707,1.4631197868313546,False,False
fronto_d3.0,position+grad,free,mixed,1002,0.05,0.2916666666666667,0.7083333333333334,96,0.030549947172403336,3.740385473438305e-07,nan,0.0004124641418457031,1.4646934664240383,False,False
fronto_d3.0,position+grad,free,mixed,1003,0.05,0.3229166666666667,0.6770833333333334,96,0.032739825546741486,3.767474416086805e-07,nan,0.00013844172159830728,1.465599005134646,False,False
fronto_d3.0,position+grad,free,mixed,1004,0.05,0.3333333333333333,0.6666666666666666,96,0.03706355020403862,3.8409002629213085e-07,nan,0.00046380360921223957,1.4645039439723486,False,False
fronto_d3.0,position+grad,free,mixed,1005,0.05,0.34375,0.65625,96,0.03651580214500427,3.853681105569907e-07,nan,0.00032329559326171875,1.465936211886941,False,False
fronto_d3.0,position+grad,free,mixed,1006,0.05,0.3020833333333333,0.6979166666666666,96,0.030443154275417328,3.8129827068766706e-07,nan,0.00061798095703125,1.4656804683498137,False,False
fronto_d3.0,position+grad,free,mixed,1007,0.05,0.3020833333333333,0.6979166666666666,96,0.029884928837418556,3.771708685778075e-07,nan,0.0002593994140625,1.466573361632008,False,False
fronto_d3.0,position+grad,free,mixed,1008,0.05,0.3020833333333333,0.6979166666666666,96,0.03206309676170349,3.8288164414654197e-07,nan,0.00020360946655273438,1.4648460725406618,False,False
fronto_d3.0,position+grad,free,mixed,1009,0.05,0.3125,0.6875,96,0.033297620713710785,3.8306986505815473e-07,nan,0.00039585431416829425,1.464214285655314,False,False
fronto_d3.0,position+grad,cnn_small,clean,1000,0.01,0.03125,0.96875,96,0.0053574927151203156,0.00021317091861599593,nan,0.005967775980631511,1.4729924658886715,False,False
fronto_d3.0,position+grad,cnn_small,clean,1001,0.01,0.020833333333333332,0.9791666666666666,96,0.004609083756804466,7.719003019583387e-05,nan,0.005575497945149739,1.4731886006338195,False,False
fronto_d3.0,position+grad,cnn_small,clean,1002,0.01,0.041666666666666664,0.9583333333333334,96,0.00794365257024765,0.0001465881751646879,nan,0.004574298858642578,1.4728396296151123,False,False
fronto_d3.0,position+grad,cnn_small,clean,1003,0.01,0.020833333333333332,0.9791666666666666,96,0.006152750924229622,0.00016195272787914878,nan,0.0035392443339029946,1.4731177598564849,False,False
fronto_d3.0,position+grad,cnn_small,clean,1004,0.01,0.020833333333333332,0.9791666666666666,96,0.004577471874654293,0.00016017584654796002,nan,0.004092216491699219,1.4733021312951746,False,False
fronto_d3.0,position+grad,cnn_small,clean,1005,0.01,0.020833333333333332,0.9791666666666666,96,0.00395943270996213,0.00020564440781455589,nan,0.007058620452880859,1.4733881444178252,False,False
fronto_d3.0,position+grad,cnn_small,clean,1006,0.01,0.0625,0.9375,96,0.012996526435017586,0.00011238650005412492,nan,0.0018541812896728516,1.471865049028946,False,False
fronto_d3.0,position+grad,cnn_small,clean,1007,0.01,0.052083333333333336,0.9479166666666666,96,0.012308061122894287,0.00014181141110407335,nan,0.0012577374776204426,1.4720913036132013,False,False
fronto_d3.0,position+grad,cnn_small,clean,1008,0.01,0.020833333333333332,0.9791666666666666,96,0.006381749641150236,6.871737439540859e-06,nan,0.005935827891031901,1.473241633748189,False,False
fronto_d3.0,position+grad,cnn_small,clean,1009,0.01,0.041666666666666664,0.9583333333333334,96,0.010951452888548374,0.0001125129595975362,nan,0.0028835137685139975,1.4721135147582978,False,False
fronto_d3.0,position+grad,cnn_small,mixed,1000,0.01,0.2916666666666667,0.7083333333333334,96,0.0019122727680951357,9.427647379498005e-05,nan,0.0003555615743001302,1.466612359753544,False,False
fronto_d3.0,position+grad,cnn_small,mixed,1001,0.01,0.2916666666666667,0.7083333333333334,96,0.0017413082532584667,2.547340332184875e-05,nan,0.0008452733357747396,1.4666662153771732,False,False
fronto_d3.0,position+grad,cnn_small,mixed,1002,0.01,0.28125,0.71875,96,0.002058139070868492,5.910719018360741e-05,nan,0.0005038579305013021,1.4666051491792162,False,False
fronto_d3.0,position+grad,cnn_small,mixed,1003,0.01,0.28125,0.71875,96,0.0018019170965999365,0.0001115847021001699,nan,0.0005035797754923502,1.4665984274706,False,False
fronto_d3.0,position+grad,cnn_small,mixed,1004,0.01,0.2708333333333333,0.7291666666666666,96,0.0020081992261111736,0.00017098080942368635,nan,0.0004882017771402995,1.4665525680288736,False,False
fronto_d3.0,position+grad,cnn_small,mixed,1005,0.01,0.2916666666666667,0.7083333333333334,96,0.0019567213021218777,0.0002015740768817832,nan,0.0009026924769083658,1.4665636830388278,False,False
fronto_d3.0,position+grad,cnn_small,mixed,1006,0.01,0.0,1.0,96,1.2732619047164917,1.888751500864299,nan,0.0002285639444986979,0.0,True,True
fronto_d3.0,position+grad,cnn_small,mixed,1007,0.01,0.28125,0.71875,96,0.0021984248887747526,6.178851896872735e-05,nan,0.0006339550018310547,1.4666064608001284,False,False
fronto_d3.0,position+grad,cnn_small,mixed,1008,0.01,0.28125,0.71875,96,0.002421680139377713,1.1161650603734768e-05,nan,0.0005259513854980469,1.4664188256736799,False,False
fronto_d3.0,position+grad,cnn_small,mixed,1009,0.01,0.2916666666666667,0.7083333333333334,96,0.0018863736186176538,4.495305175880477e-05,nan,0.0003763834635416667,1.46655030923999,False,False
fronto_d3.0,position+grad,cnn_large,clean,1000,0.01,0.0,1.0,96,0.002970831235870719,0.0004654045989752902,nan,0.006325483322143555,1.4737139233551793,False,False
fronto_d3.0,position+grad,cnn_large,clean,1001,0.01,0.0,1.0,96,0.006612332537770271,0.0003838171572398822,nan,0.002872943878173828,1.4737215961535821,False,False
fronto_d3.0,position+grad,cnn_large,clean,1002,0.01,0.010416666666666666,0.9895833333333334,96,0.005923792719841003,0.000612020104925526,nan,0.0036293665568033853,1.4733253845201217,False,False
fronto_d3.0,position+grad,cnn_large,clean,1003,0.01,0.03125,0.96875,96,0.009055634960532188,0.00042070486600870885,nan,0.0032637914021809897,1.4727570516787813,False,False
fronto_d3.0,position+grad,cnn_large,clean,1004,0.01,0.020833333333333332,0.9791666666666666,96,0.009158974513411522,0.0016639495454424137,nan,0.010762373606363932,1.4731707083268462,False,False
fronto_d3.0,position+grad,cnn_large,clean,1005,0.01,0.03125,0.96875,96,0.008257006295025349,0.0009755007163733867,nan,0.0046389102935791016,1.4730032993556799,False,False
fronto_d3.0,position+grad,cnn_large,clean,1006,0.01,0.0,1.0,96,0.0038537238724529743,0.00038643968170624585,nan,0.0027321974436442056,1.473948663111446,False,False
fronto_d3.0,position+grad,cnn_large,clean,1007,0.01,0.010416666666666666,0.9895833333333334,96,0.006887074559926987,0.0007938765510885623,nan,0.005157947540283203,1.4735069431864405,False,False
fronto_d3.0,position+grad,cnn_large,clean,1008,0.01,0.0,1.0,96,0.0039459229446947575,0.0005032406540861152,nan,0.002583026885986328,1.4734307556892043,False,False
fronto_d3.0,position+grad,cnn_large,clean,1009,0.01,0.020833333333333332,0.9791666666666666,96,0.0070022474974393845,0.0002635370842930336,nan,0.0025787353515625,1.4732132143938923,False,False
fronto_d3.0,position+grad,cnn_large,mixed,1000,0.01,0.28125,0.71875,96,0.004842112772166729,0.0011889103104609849,nan,0.0008034706115722656,1.466242654996971,False,False
fronto_d3.0,position+grad,cnn_large,mixed,1001,0.01,0.3125,0.6875,96,0.005132801365107298,0.0007668340621274356,nan,0.0014739036560058594,1.4662841809205414,False,False
fronto_d3.0,position+grad,cnn_large,mixed,1002,0.01,0.2708333333333333,0.7291666666666666,96,0.0038488181307911873,0.0005471019704409712,nan,0.0010149478912353516,1.4667287478591344,False,False
fronto_d3.0,position+grad,cnn_large,mixed,1003,0.01,0.3020833333333333,0.6979166666666666,96,0.005285977851599455,0.0003143669769715414,nan,0.0013634363810221355,1.4663926563165046,False,False
fronto_d3.0,position+grad,cnn_large,mixed,1004,0.01,0.2708333333333333,0.7291666666666666,96,0.0042577278800308704,0.0012104088370190622,nan,0.00044604142506917316,1.4664212443680742,False,False
fronto_d3.0,position+grad,cnn_large,mixed,1005,0.01,0.2708333333333333,0.7291666666666666,96,0.004056992009282112,0.000783458970188098,nan,0.0005141894022623698,1.4662815714356143,False,False
fronto_d3.0,position+grad,cnn_large,mixed,1006,0.01,0.0,1.0,96,1.2732607126235962,1.8887539025367561,nan,0.0001037915547688802,0.0,True,True
fronto_d3.0,position+grad,cnn_large,mixed,1007,0.01,0.2708333333333333,0.7291666666666666,96,0.002925580833107233,0.00035742101808227105,nan,0.0005830128987630209,1.4664368287610894,False,False
fronto_d3.0,position+grad,cnn_large,mixed,1008,0.01,0.2708333333333333,0.7291666666666666,96,0.004613243043422699,0.000726304167312567,nan,0.0009008248647054037,1.466470102768505,False,False
fronto_d3.0,position+grad,cnn_large,mixed,1009,0.01,0.0,1.0,96,1.2687315940856934,1.8887530019090397,nan,0.0006120999654134115,0.0,True,True
fronto_d3.0,position+normal,free,clean,1000,0.05,0.0625,0.9375,96,0.0166408009827137,1.2108631172266148e-06,nan,0.0004940032958984375,1.4719498695269488,False,False
fronto_d3.0,position+normal,free,clean,1001,0.05,0.052083333333333336,0.9479166666666666,96,0.019348353147506714,1.2460926855223833e-06,nan,0.00023508071899414062,1.469615454914154,False,False
fronto_d3.0,position+normal,free,clean,1002,0.05,0.020833333333333332,0.9791666666666666,96,0.016198374330997467,1.2087841213570723e-06,nan,0.0015599727630615234,1.4716352584056285,False,False
fronto_d3.0,position+normal,free,clean,1003,0.05,0.07291666666666667,0.9270833333333334,96,0.01676459237933159,1.2225408169994794e-06,nan,0.001171112060546875,1.4721677688706793,False,False
fronto_d3.0,position+normal,free,clean,1004,0.05,0.08333333333333333,0.9166666666666666,96,0.01916712149977684,1.215592982252037e-06,nan,0.0003066062927246094,1.4704268797405393,False,False
fronto_d3.0,position+normal,free,clean,1005,0.05,0.10416666666666667,0.8958333333333334,96,0.019152522087097168,1.2145993096370909e-06,nan,0.0005892117818196615,1.4716460477462416,False,False
fronto_d3.0,position+normal,free,clean,1006,0.05,0.020833333333333332,0.9791666666666666,96,0.0157936979085207,1.258869452002079e-06,nan,0.0003170172373453776,1.4723314585692404,False,False
fronto_d3.0,position+normal,free,clean,1007,0.05,0.03125,0.96875,96,0.015666566789150238,1.2512881798892745e-06,nan,0.0011539459228515625,1.4731420936201025,False,False
fronto_d3.0,position+normal,free,clean,1008,0.05,0.020833333333333332,0.9791666666666666,96,0.0167556069791317,1.2217845998148354e-06,nan,0.0005203088124593099,1.4713236001210999,False,False
fronto_d3.0,position+normal,free,clean,1009,0.05,0.07291666666666667,0.9270833333333334,96,0.01718616858124733,1.1697740972954766e-06,nan,0.000301361083984375,1.4706379904821,False,False
fronto_d3.0,position+normal,free,mixed,1000,0.05,0.3020833333333333,0.6979166666666666,96,0.01320575550198555,1.2212893294177852e-06,nan,0.00063323974609375,1.4661652137657732,False,False
fronto_d3.0,position+normal,free,mixed,1001,0.05,0.2916666666666667,0.7083333333333334,96,0.015952935442328453,1.2371936275531674e-06,nan,0.0006546974182128906,1.4635052982273806,False,False
fronto_d3.0,position+normal,free,mixed,1002,0.05,0.2916666666666667,0.7083333333333334,96,0.012775789014995098,1.2274165573949093e-06,nan,0.0004819234212239583,1.4649167748858638,False,False
fronto_d3.0,position+normal,free,mixed,1003,0.05,0.28125,0.71875,96,0.013429731130599976,1.22795757717904e-06,nan,0.0008462270100911459,1.466202479849394,False,False
fronto_d3.0,position+normal,free,mixed,1004,0.05,0.3020833333333333,0.6979166666666666,96,0.01549142599105835,1.1952912747524845e-06,nan,0.00041993459065755207,1.4653360180380315,False,False
fronto_d3.0,position+normal,free,mixed,1005,0.05,0.3020833333333333,0.6979166666666666,96,0.015369461849331856,1.2182479707791411e-06,nan,0.0010145505269368489,1.466431894879395,False,False
fronto_d3.0,position+normal,free,mixed,1006,0.05,0.2916666666666667,0.7083333333333334,96,0.01236201822757721,1.2787879651336489e-06,nan,0.0004448095957438151,1.4660576751683114,False,False
fronto_d3.0,position+normal,free,mixed,1007,0.05,0.2916666666666667,0.7083333333333334,96,0.012163601815700531,1.2765513795856997e-06,nan,0.0010527769724527996,1.4668492367559518,False,False
fronto_d3.0,position+normal,free,mixed,1008,0.05,0.2916666666666667,0.7083333333333334,96,0.013406708836555481,1.2655573517027676e-06,nan,0.0004248619079589844,1.4653417282664094,False,False
fronto_d3.0,position+normal,free,mixed,1009,0.05,0.2916666666666667,0.7083333333333334,96,0.01376580074429512,1.296833614091683e-06,nan,0.0004019737243652344,1.4649564566034703,False,False
fronto_d3.0,position+normal,cnn_small,clean,1000,0.01,0.041666666666666664,0.9583333333333334,96,0.003171351505443454,0.0002689313166413369,nan,0.0012141863505045574,1.4724711895410958,False,False
fronto_d3.0,position+normal,cnn_small,clean,1001,0.01,0.041666666666666664,0.9583333333333334,96,0.003056874731555581,0.00014102626214187555,nan,0.0017159779866536458,1.4727442395509516,False,False
fronto_d3.0,position+normal,cnn_small,clean,1002,0.01,0.052083333333333336,0.9479166666666666,96,0.004931790288537741,0.00034238132165904185,nan,0.0014588038126627605,1.4717410237382842,False,False
fronto_d3.0,position+normal,cnn_small,clean,1003,0.01,0.07291666666666667,0.9270833333333334,96,0.005772840231657028,0.00010822133322837714,nan,0.0018712679545084636,1.4711841504063767,False,False
fronto_d3.0,position+normal,cnn_small,clean,1004,0.01,0.041666666666666664,0.9583333333333334,96,0.004174371249973774,0.0003413578588495185,nan,0.00522621472676595,1.4725680832543058,False,False
fronto_d3.0,position+normal,cnn_small,clean,1005,0.01,0.020833333333333332,0.9791666666666666,96,0.0019281611312180758,0.0006405780691447466,nan,0.0012833277384440105,1.4730804166495919,False,False
fronto_d3.0,position+normal,cnn_small,clean,1006,0.01,0.10416666666666667,0.8958333333333334,96,0.008553952910006046,0.00014518474385273795,nan,0.006757895151774089,1.4703601114126823,False,False
fronto_d3.0,position+normal,cnn_small,clean,1007,0.01,0.08333333333333333,0.9166666666666666,96,0.006003386806696653,0.0002924331356675116,nan,0.0009342829386393229,1.4711987428697888,False,False
fronto_d3.0,position+normal,cnn_small,clean,1008,0.01,0.041666666666666664,0.9583333333333334,96,0.005140533670783043,0.00026939502226250864,nan,0.005233605702718099,1.47164689802464,False,False
fronto_d3.0,position+normal,cnn_small,clean,1009,0.01,0.07291666666666667,0.9270833333333334,96,0.005633898079395294,0.0001380774393704113,nan,0.0010488828023274739,1.4714247852059403,False,False
fronto_d3.0,position+normal,cnn_small,mixed,1000,0.01,0.28125,0.71875,96,0.0010215898510068655,0.00030840180653643484,nan,0.0005619525909423828,1.4666156920465776,False,False
fronto_d3.0,position+normal,cnn_small,mixed,1001,0.01,0.28125,0.71875,96,0.0007745944312773645,0.00012228881055685974,nan,0.0010534922281901042,1.4666528854416532,False,False
fronto_d3.0,position+normal,cnn_small,mixed,1002,0.01,0.2708333333333333,0.7291666666666666,96,0.0009537388104945421,5.454156605264333e-05,nan,0.0006117820739746094,1.4664512693874259,False,False
fronto_d3.0,position+normal,cnn_small,mixed,1003,0.01,0.2708333333333333,0.7291666666666666,96,0.0010501419892534614,0.00012332544535614045,nan,0.0008765856424967448,1.4664046720639514,False,False
fronto_d3.0,position+normal,cnn_small,mixed,1004,0.01,0.2708333333333333,0.7291666666666666,96,0.0009843232110142708,0.0003378674992193967,nan,0.0009098052978515625,1.466458608004917,False,False
fronto_d3.0,position+normal,cnn_small,mixed,1005,0.01,0.28125,0.71875,96,0.0009458599961362779,0.0005117211193746504,nan,0.0017045338948567708,1.4664841499632664,False,False
fronto_d3.0,position+normal,cnn_small,mixed,1006,0.01,0.28125,0.71875,96,0.0015233565354719758,2.1583697473157354e-05,nan,0.0015134811401367188,1.466377789461661,False,False
fronto_d3.0,position+normal,cnn_small,mixed,1007,0.01,0.28125,0.71875,96,0.0009252671152353287,0.00029090123188287427,nan,0.0004829565684000651,1.4664842749578202,False,False
fronto_d3.0,position+normal,cnn_small,mixed,1008,0.01,0.2708333333333333,0.7291666666666666,96,0.0011702593183144927,2.3152040603358662e-05,nan,0.001071929931640625,1.466291184644577,False,False
fronto_d3.0,position+normal,cnn_small,mixed,1009,0.01,0.28125,0.71875,96,0.0008909872267395258,0.00010567208909798374,nan,0.0004264513651529948,1.466465667109991,False,False
fronto_d3.0,position+normal,cnn_large,clean,1000,0.01,0.03125,0.96875,96,0.003796638920903206,0.0010327818836095403,nan,0.003016312917073568,1.4722085789081678,False,False
fronto_d3.0,position+normal,cnn_large,clean,1001,0.01,0.041666666666666664,0.9583333333333334,96,0.004612986464053392,0.0030289537823602083,nan,0.0021343231201171875,1.4724567816497494,False,False
fronto_d3.0,position+normal,cnn_large,clean,1002,0.01,0.0625,0.9375,96,0.005609788000583649,0.001938300275837736,nan,0.002468109130859375,1.4718838238851881,False,False
fronto_d3.0,position+normal,cnn_large,clean,1003,0.01,0.0625,0.9375,96,0.0045763710513710976,0.001342983703012743,nan,0.002041975657145182,1.4721844356971356,False,False
fronto_d3.0,position+normal,cnn_large,clean,1004,0.01,0.020833333333333332,0.9791666666666666,96,0.0029565098229795694,0.001542275041809448,nan,0.0027825037638346353,1.472958322560331,False,False
fronto_d3.0,position+normal,cnn_large,clean,1005,0.01,0.08333333333333333,0.9166666666666666,96,0.007546836975961924,0.0037575868779941755,nan,0.0014642079671223958,1.4710905598128214,False,False
fronto_d3.0,position+normal,cnn_large,clean,1006,0.01,0.052083333333333336,0.9479166666666666,96,0.005820456892251968,0.0012726356402981787,nan,0.0031518936157226562,1.472000485201635,False,False
fronto_d3.0,position+normal,cnn_large,clean,1007,0.01,0.0625,0.9375,96,0.005437623243778944,0.0008477442559244024,nan,0.0019696553548177085,1.4715718633546866,False,False
fronto_d3.0,position+normal,cnn_large,clean,1008,0.01,0.041666666666666664,0.9583333333333334,96,0.0041937632486224174,0.0008624519267933518,nan,0.0016118685404459636,1.4721776883348103,False,False
fronto_d3.0,position+normal,cnn_large,clean,1009,0.01,0.0625,0.9375,96,0.005952331703156233,0.00176069554524059,nan,0.005341053009033203,1.4720146565264023,False,False
fronto_d3.0,position+normal,cnn_large,mixed,1000,0.01,0.3020833333333333,0.6979166666666666,96,0.0022612628526985645,0.00042706799535775216,nan,0.001056671142578125,1.4659024941324148,False,False
fronto_d3.0,position+normal,cnn_large,mixed,1001,0.01,0.2708333333333333,0.7291666666666666,96,0.0019004133064299822,0.0011095042334727536,nan,0.0013593037923177083,1.4665438756625222,False,False
fronto_d3.0,position+normal,cnn_large,mixed,1002,0.01,0.2708333333333333,0.7291666666666666,96,0.0021554692648351192,0.0014119238573500812,nan,0.0005154609680175781,1.4666446386833378,False,False
fronto_d3.0,position+normal,cnn_large,mixed,1003,0.01,0.2708333333333333,0.7291666666666666,96,0.0022792257368564606,0.001220047074901022,nan,0.0014884471893310547,1.4663595926560964,False,False
fronto_d3.0,position+normal,cnn_large,mixed,1004,0.01,0.2708333333333333,0.7291666666666666,96,0.0039734067395329475,0.0012025651459436613,nan,0.0020386377970377603,1.4663353013319667,False,False
fronto_d3.0,position+normal,cnn_large,mixed,1005,0.01,0.0,1.0,96,1.2388455867767334,1.888749699613008,nan,0.0007692972819010416,0.0,True,True
fronto_d3.0,position+normal,cnn_large,mixed,1006,0.01,0.28125,0.71875,96,0.002177039859816432,0.0018477653162323518,nan,0.0017375946044921875,1.4666566217361094,False,False
fronto_d3.0,position+normal,cnn_large,mixed,1007,0.01,0.28125,0.71875,96,0.002344341017305851,0.0012497260862818374,nan,0.0018124580383300781,1.4661748461147885,False,False
fronto_d3.0,position+normal,cnn_large,mixed,1008,0.01,0.2604166666666667,0.7395833333333334,96,0.0022206103894859552,0.0009168959161238003,nan,0.0009743372599283854,1.4664423850828088,False,False
fronto_d3.0,position+normal,cnn_large,mixed,1009,0.01,0.25,0.75,96,0.0035404828377068043,0.0013953697615953877,nan,0.0017493565877278645,1.466278758808203,False,False
fronto_d3.0,position_squared,free,clean,1000,0.05,0.2916666666666667,0.7083333333333334,96,0.021684374660253525,3.7047000274055743e-07,nan,0.0,1.4665345518502748,False,False
fronto_d3.0,position_squared,free,clean,1001,0.05,0.3541666666666667,0.6458333333333334,96,0.025078125298023224,3.7047000274055743e-07,nan,0.0,1.4645687886552459,False,False
fronto_d3.0,position_squared,free,clean,1002,0.05,0.3020833333333333,0.6979166666666666,96,0.022340627387166023,3.7047000274055743e-07,nan,0.0,1.4652613218404518,False,False
fronto_d3.0,position_squared,free,clean,1003,0.05,0.28125,0.71875,96,0.021656250581145287,3.7047000274055743e-07,nan,0.0,1.4666775185678684,False,False
fronto_d3.0,position_squared,free,clean,1004,0.05,0.3125,0.6875,96,0.024412501603364944,3.7047000274055743e-07,nan,0.0,1.4651941632424743,False,False
fronto_d3.0,position_squared,free,clean,1005,0.05,0.3333333333333333,0.6666666666666666,96,0.02448750101029873,3.7047000274055743e-07,nan,0.0,1.4659852550155346,False,False
fronto_d3.0,position_squared,free,clean,1006,0.05,0.22916666666666666,0.7708333333333334,96,0.02070000022649765,3.7047000274055743e-07,nan,0.0,1.466981272945712,False,False
fronto_d3.0,position_squared,free,clean,1007,0.05,0.23958333333333334,0.7604166666666666,96,0.020503126084804535,3.7047000274055743e-07,nan,0.0,1.4672993965292997,False,False
fronto_d3.0,position_squared,free,clean,1008,0.05,0.28125,0.71875,96,0.02185312658548355,3.7047000274055743e-07,nan,0.0,1.4663432853404124,False,False
fronto_d3.0,position_squared,free,clean,1009,0.05,0.2916666666666667,0.7083333333333334,96,0.02263125218451023,3.7047000274055743e-07,nan,0.0,1.4654717038342993,False,False
fronto_d3.0,position_squared,free,mixed,1000,0.05,0.3541666666666667,0.6458333333333334,96,0.008608592674136162,3.7047000274055743e-07,nan,0.0,1.4634973673023663,False,False
fronto_d3.0,position_squared,free,mixed,1001,0.05,0.3958333333333333,0.6041666666666666,96,0.011456458829343319,3.7047000274055743e-07,nan,0.0,1.4616073846871016,False,False
fronto_d3.0,position_squared,free,mixed,1002,0.05,0.3541666666666667,0.6458333333333334,96,0.009265448898077011,3.7047000274055743e-07,nan,0.0,1.4621989584603179,False,False
fronto_d3.0,position_squared,free,mixed,1003,0.05,0.3541666666666667,0.6458333333333334,96,0.008702157996594906,3.7047000274055743e-07,nan,0.0,1.463575543848419,False,False
fronto_d3.0,position_squared,free,mixed,1004,0.05,0.3854166666666667,0.6145833333333334,96,0.010563128627836704,3.7047000274055743e-07,nan,0.0,1.4623651698212679,False,False
fronto_d3.0,position_squared,free,mixed,1005,0.05,0.375,0.625,96,0.01055920496582985,3.7047000274055743e-07,nan,0.0,1.463146605655089,False,False
fronto_d3.0,position_squared,free,mixed,1006,0.05,0.3333333333333333,0.6666666666666666,96,0.00790785625576973,3.7047000274055743e-07,nan,0.0,1.4638464396672448,False,False
fronto_d3.0,position_squared,free,mixed,1007,0.05,0.34375,0.65625,96,0.0077832890674471855,3.7047000274055743e-07,nan,0.0,1.4641291248870378,False,False
fronto_d3.0,position_squared,free,mixed,1008,0.05,0.3541666666666667,0.6458333333333334,96,0.009060539305210114,3.7047000274055743e-07,nan,0.0,1.4631526748271078,False,False
fronto_d3.0,position_squared,free,mixed,1009,0.05,0.3541666666666667,0.6458333333333334,96,0.009259418584406376,3.7047000274055743e-07,nan,0.0,1.4625202979611822,False,False
fronto_d3.0,position_squared,cnn_small,clean,1000,0.01,0.041666666666666664,0.9583333333333334,96,0.0019356493139639497,0.0012260673690826294,nan,0.0007488727569580078,1.47292727423563,False,False
fronto_d3.0,position_squared,cnn_small,clean,1001,0.01,0.03125,0.96875,96,0.0018369791796430945,0.0003951123462840843,nan,0.0012032190958658855,1.4730302982059365,False,False
fronto_d3.0,position_squared,cnn_small,clean,1002,0.01,0.041666666666666664,0.9583333333333334,96,0.0025965694803744555,0.001031204437438517,nan,0.001033465067545573,1.472590567596031,False,False
fronto_d3.0,position_squared,cnn_small,clean,1003,0.01,0.0625,0.9375,96,0.0032449671998620033,0.0007505491213517215,nan,0.0006658236185709635,1.4727916409994704,False,False
fronto_d3.0,position_squared,cnn_small,clean,1004,0.01,0.010416666666666666,0.9895833333333334,96,0.0012300527887418866,0.00045803390266908997,nan,0.0031449000040690103,1.473478981919925,False,False
fronto_d3.0,position_squared,cnn_small,clean,1005,0.01,0.0625,0.9375,96,0.003146277042105794,0.0005848140426557461,nan,0.0005814234415690104,1.4728540385444653,False,False
fronto_d3.0,position_squared,cnn_small,clean,1006,0.01,0.041666666666666664,0.9583333333333334,96,0.0018217345932498574,0.00035038437859998375,nan,0.0009363492329915365,1.4732474388900367,False,False
fronto_d3.0,position_squared,cnn_small,clean,1007,0.01,0.07291666666666667,0.9270833333333334,96,0.0037760166451334953,0.00011301629919255108,nan,0.0010309219360351562,1.472549930563027,False,False
fronto_d3.0,position_squared,cnn_small,clean,1008,0.01,0.10416666666666667,0.8958333333333334,96,0.005359963048249483,0.000487316811288786,nan,0.0007112820943196615,1.4722487948953233,False,False
fronto_d3.0,position_squared,cnn_small,clean,1009,0.01,0.03125,0.96875,96,0.0017775316955521703,0.00012518076974890732,nan,0.0010196367899576824,1.4731932196516577,False,False
fronto_d3.0,position_squared,cnn_small,mixed,1000,0.01,0.28125,0.71875,96,8.934922516345978e-05,0.00037091379357227344,nan,5.8809916178385414e-05,1.4666204124637228,False,False
fronto_d3.0,position_squared,cnn_small,mixed,1001,0.01,0.28125,0.71875,96,9.17902507353574e-05,0.0003218155323720608,nan,5.9445699055989586e-05,1.4665827481032314,False,False
fronto_d3.0,position_squared,cnn_small,mixed,1002,0.01,0.2708333333333333,0.7291666666666666,96,8.202200115192682e-05,0.0002848410545606114,nan,4.879633585611979e-05,1.4665216857767116,False,False
fronto_d3.0,position_squared,cnn_small,mixed,1003,0.01,0.2708333333333333,0.7291666666666666,96,6.87398569425568e-05,0.0002657794258375621,nan,8.169809977213542e-05,1.4665466324921899,False,False
fronto_d3.0,position_squared,cnn_small,mixed,1004,0.01,0.2708333333333333,0.7291666666666666,96,8.463118865620345e-05,0.00021523914652740747,nan,4.0690104166666664e-05,1.4665712883884288,False,False
fronto_d3.0,position_squared,cnn_small,mixed,1005,0.01,0.28125,0.71875,96,9.048035281011835e-05,0.00029309385460491713,nan,3.894170125325521e-05,1.4665726507761594,False,False
fronto_d3.0,position_squared,cnn_small,mixed,1006,0.01,0.28125,0.71875,96,9.430424688616768e-05,0.00038363538590150575,nan,0.00012167294820149739,1.4665148491301239,False,False
fronto_d3.0,position_squared,cnn_small,mixed,1007,0.01,0.2916666666666667,0.7083333333333334,96,6.834457599325106e-05,0.0003846572452263144,nan,3.4968058268229164e-05,1.4666142730483471,False,False
fronto_d3.0,position_squared,cnn_small,mixed,1008,0.01,0.28125,0.71875,96,0.00011191613884875551,0.0005038651147183246,nan,7.692972819010417e-05,1.4665299504156781,False,False
fronto_d3.0,position_squared,cnn_small,mixed,1009,0.01,0.28125,0.71875,96,9.57004158408381e-05,0.0002816924472581171,nan,4.6094258626302086e-05,1.4665384095434422,False,False
fronto_d3.0,position_squared,cnn_large,clean,1000,0.01,0.020833333333333332,0.9791666666666666,96,0.0011905161663889885,0.0030773991608780637,nan,0.002529303232828776,1.4730428575711072,False,False
fronto_d3.0,position_squared,cnn_large,clean,1001,0.01,0.010416666666666666,0.9895833333333334,96,0.0008974461234174669,0.0035859248641213464,nan,0.0009199778238932291,1.473514110056227,False,False
fronto_d3.0,position_squared,cnn_large,clean,1002,0.01,0.0,1.0,96,0.0004903203225694597,0.0031129170657421593,nan,0.00045303503672281903,1.4738773640951262,False,False
fronto_d3.0,position_squared,cnn_large,clean,1003,0.01,0.041666666666666664,0.9583333333333334,96,0.0018586254445835948,0.004435132823968436,nan,0.0012671550114949544,1.4730380401231473,False,False
fronto_d3.0,position_squared,cnn_large,clean,1004,0.01,0.0625,0.9375,96,0.003621662501245737,0.006338575473189609,nan,0.001605987548828125,1.472534148913171,False,False
fronto_d3.0,position_squared,cnn_large,clean,1005,0.01,0.041666666666666664,0.9583333333333334,96,0.002272249897941947,0.0041364414650662505,nan,0.0017197926839192708,1.4733566736875434,False,False
fronto_d3.0,position_squared,cnn_large,clean,1006,0.01,0.0,1.0,96,0.0005744263180531561,0.002739141907413178,nan,0.0006507237752278646,1.4738376695373925,False,False
fronto_d3.0,position_squared,cnn_large,clean,1007,0.01,0.010416666666666666,0.9895833333333334,96,0.0007873377180658281,0.0037132291252276327,nan,0.001314083735148112,1.473533448936917,False,False
fronto_d3.0,position_squared,cnn_large,clean,1008,0.01,0.052083333333333336,0.9479166666666666,96,0.002345349406823516,0.004613875295806963,nan,0.0020580291748046875,1.4725821330585689,False,False
fronto_d3.0,position_squared,cnn_large,clean,1009,0.01,0.041666666666666664,0.9583333333333334,96,0.0023475633934140205,0.0028856425653604224,nan,0.0020067691802978516,1.4728930549032098,False,False
fronto_d3.0,position_squared,cnn_large,mixed,1000,0.01,0.2604166666666667,0.7395833333333334,96,0.0002562324807513505,0.0029394502749368803,nan,0.00038091341654459637,1.4665285587229437,False,False
fronto_d3.0,position_squared,cnn_large,mixed,1001,0.01,0.2708333333333333,0.7291666666666666,96,7.623140118084848e-05,0.0018646793600502077,nan,0.00040841102600097656,1.466556535609227,False,False
fronto_d3.0,position_squared,cnn_large,mixed,1002,0.01,0.25,0.75,96,0.00021794364147353917,0.0036743304424884404,nan,0.00025208791097005207,1.4665959896320697,False,False
fronto_d3.0,position_squared,cnn_large,mixed,1003,0.01,0.2708333333333333,0.7291666666666666,96,0.0001872400171123445,0.0037262344561471527,nan,0.0007502237955729166,1.4666552920041889,False,False
fronto_d3.0,position_squared,cnn_large,mixed,1004,0.01,0.28125,0.71875,96,0.000191401646588929,0.003151467477569298,nan,0.00028387705485026043,1.4665798442759919,False,False
fronto_d3.0,position_squared,cnn_large,mixed,1005,0.01,0.2708333333333333,0.7291666666666666,96,0.00015726836863905191,0.0029000349024887098,nan,0.0003077189127604167,1.4665466866318475,False,False
fronto_d3.0,position_squared,cnn_large,mixed,1006,0.01,0.2604166666666667,0.7395833333333334,96,0.00020918386871926486,0.002875249376287009,nan,0.00025260448455810547,1.4665650833904125,False,False
fronto_d3.0,position_squared,cnn_large,mixed,1007,0.01,0.0,1.0,96,2.151456356048584,1.4678975785720765,nan,2.86102294921875e-06,0.0,True,True
fronto_d3.0,position_squared,cnn_large,mixed,1008,0.01,0.2604166666666667,0.7395833333333334,96,0.00030934769893065095,0.0040398267426649944,nan,0.00025526682535807293,1.4663511813011587,False,False
fronto_d3.0,position_squared,cnn_large,mixed,1009,0.01,0.2604166666666667,0.7395833333333334,96,0.00020958414825145155,0.0021458643245756506,nan,0.0002969106038411458,1.466522520530819,False,False
k3_d2.0,position,free,clean,1000,0.05,0.0,1.0,192,0.007267043925821781,1.7994402028103884e-06,3.4332275390625e-05,0.0008951425552368164,0.9355838721110403,False,False
k3_d2.0,position,free,clean,1001,0.05,0.0,1.0,192,0.008608185686171055,1.7994402028103884e-06,4.982948303222656e-05,0.0009154081344604492,0.9353045138807995,False,False
k3_d2.0,position,free,clean,1002,0.05,0.0,1.0,192,0.007032663095742464,1.7994402028103884e-06,5.054473876953125e-05,0.0009154081344604492,0.9353563758261828,False,False
k3_d2.0,position,free,clean,1003,0.05,0.0,1.0,192,0.007306104060262442,1.7994402028103884e-06,5.2928924560546875e-05,0.0009154081344604492,0.935628942583977,False,False
k3_d2.0,position,free,clean,1004,0.05,0.0,1.0,192,0.008504017256200314,1.7994402028103884e-06,4.982948303222656e-05,0.0009154081344604492,0.9356892980633612,False,False
k3_d2.0,position,free,clean,1005,0.05,0.0,1.0,192,0.00833474937826395,1.7994402028103884e-06,4.982948303222656e-05,0.0009154081344604492,0.9358046098090878,False,False
k3_d2.0,position,free,clean,1006,0.05,0.0,1.0,192,0.006759228650480509,1.7994402028103884e-06,3.457069396972656e-05,0.0008559226989746094,0.9355383514275479,False,False
k3_d2.0,position,free,clean,1007,0.05,0.0,1.0,192,0.006681103724986315,1.7994402028103884e-06,5.054473876953125e-05,0.0008873939514160156,0.935565703685751,False,False
k3_d2.0,position,free,clean,1008,0.05,0.0,1.0,192,0.007241006009280682,1.7994402028103884e-06,4.982948303222656e-05,0.0009154081344604492,0.9355017806229651,False,False
k3_d2.0,position,free,clean,1009,0.05,0.0,1.0,192,0.007657664828002453,1.7994402028103884e-06,4.839897155761719e-05,0.0009154081344604492,0.9355017609591151,False,False
k3_d2.0,position,free,mixed,1000,0.05,0.3020833333333333,0.6979166666666666,192,0.007345140911638737,1.7994402028103884e-06,3.528594970703125e-05,0.0005414485931396484,0.9331886023774717,False,False
k3_d2.0,position,free,mixed,1001,0.05,0.3072916666666667,0.6927083333333334,192,0.00860205665230751,1.7994402028103884e-06,5.53131103515625e-05,0.000978708267211914,0.9325027261535462,False,False
k3_d2.0,position,free,mixed,1002,0.05,0.3020833333333333,0.6979166666666666,192,0.006989508867263794,1.7994402028103884e-06,5.364418029785156e-05,0.000809788703918457,0.9327439639377252,False,False
k3_d2.0,position,free,mixed,1003,0.05,0.3020833333333333,0.6979166666666666,192,0.007487754803150892,1.7994402028103884e-06,5.435943603515625e-05,0.0008664131164550781,0.9332048137069376,False,False
k3_d2.0,position,free,mixed,1004,0.05,0.296875,0.703125,192,0.008585174567997456,1.7994402028103884e-06,5.245208740234375e-05,0.000941157341003418,0.9331081974030212,False,False
k3_d2.0,position,free,mixed,1005,0.05,0.296875,0.703125,192,0.008502163924276829,1.7994402028103884e-06,5.435943603515625e-05,0.0009554624557495117,0.9334099671643648,False,False
k3_d2.0,position,free,mixed,1006,0.05,0.3020833333333333,0.6979166666666666,192,0.006892060395330191,1.7994402028103884e-06,2.4080276489257812e-05,0.0004690885543823242,0.9331218313794752,False,False
k3_d2.0,position,free,mixed,1007,0.05,0.2916666666666667,0.7083333333333334,192,0.006784637924283743,1.7994402028103884e-06,4.649162292480469e-05,0.000807642936706543,0.9333517076952296,False,False
k3_d2.0,position,free,mixed,1008,0.05,0.3072916666666667,0.6927083333333334,192,0.007360599935054779,1.7994402028103884e-06,4.100799560546875e-05,0.0007100105285644531,0.9328755603185521,False,False
k3_d2.0,position,free,mixed,1009,0.05,0.3072916666666667,0.6927083333333334,192,0.007652962580323219,1.7994402028103884e-06,5.4836273193359375e-05,0.0009535551071166992,0.932879226628507,False,False
k3_d2.0,position,cnn_small,clean,1000,0.01,0.140625,0.859375,192,0.004932207986712456,0.00010367922855051333,nan,0.0027875900268554688,0.9342000571237146,False,False
k3_d2.0,position,cnn_small,clean,1001,0.01,0.06770833333333333,0.9322916666666666,192,0.0031069405376911163,4.4880759698587164e-05,nan,0.00239717960357666,0.9347285538286707,False,False
k3_d2.0,position,cnn_small,clean,1002,0.01,0.15625,0.84375,192,0.005684969015419483,0.00013084389279288713,nan,0.0013157129287719727,0.9340786694982998,False,False
k3_d2.0,position,cnn_small,clean,1003,0.01,0.171875,0.828125,192,0.005793090909719467,7.049063940198174e-05,nan,0.0026549100875854492,0.9334903003761137,False,False
k3_d2.0,position,cnn_small,clean,1004,0.01,0.11979166666666667,0.8802083333333334,192,0.0047517577186226845,4.684933951288786e-05,nan,0.0012502670288085938,0.933844970702899,False,False
k3_d2.0,position,cnn_small,clean,1005,0.01,0.13541666666666666,0.8645833333333334,192,0.004731446038931608,0.00017063847501289455,nan,0.0010184049606323242,0.9339324148535424,False,False
k3_d2.0,position,cnn_small,clean,1006,0.01,0.3645833333333333,0.6354166666666666,192,0.013577932491898537,0.0003258013618343299,nan,0.0018157958984375,0.933914269562641,False,False
k3_d2.0,position,cnn_small,clean,1007,0.01,0.15104166666666666,0.8489583333333334,192,0.005709772929549217,6.775754165318274e-05,nan,0.00081634521484375,0.9339477143451763,False,False
k3_d2.0,position,cnn_small,clean,1008,0.01,0.18229166666666666,0.8177083333333334,192,0.006904026959091425,8.025519733368288e-05,nan,0.0009976625442504883,0.9344405571018453,False,False
k3_d2.0,position,cnn_small,clean,1009,0.01,0.13541666666666666,0.8645833333333334,192,0.005101753864437342,7.784332945039492e-05,nan,0.0011746883392333984,0.9340651546654362,False,False
k3_d2.0,position,cnn_small,mixed,1000,0.01,0.2864583333333333,0.7135416666666666,192,0.0013779867440462112,0.00015484303384877867,nan,0.0006808042526245117,0.9329493303247811,False,False
k3_d2.0,position,cnn_small,mixed,1001,0.01,0.28125,0.71875,192,0.000916835677344352,0.0001490406175663044,nan,0.0011005401611328125,0.933071724149589,False,False
k3_d2.0,position,cnn_small,mixed,1002,0.01,0.2760416666666667,0.7239583333333334,192,0.001151441945694387,0.00011208183790483017,nan,0.0005679130554199219,0.9329251829753435,False,False
k3_d2.0,position,cnn_small,mixed,1003,0.01,0.296875,0.703125,192,0.0012894305400550365,5.187411851725068e-05,nan,0.0025826692581176758,0.9328024912051608,False,False
k3_d2.0,position,cnn_small,mixed,1004,0.01,0.2864583333333333,0.7135416666666666,192,0.0007976415217854083,0.00019137718799509254,nan,0.0008134841918945312,0.932901306821975,False,False
k3_d2.0,position,cnn_small,mixed,1005,0.01,0.2708333333333333,0.7291666666666666,192,0.001036608824506402,0.0002494790346624158,nan,0.0009899139404296875,0.9329509443389067,False,False
k3_d2.0,position,cnn_small,mixed,1006,0.01,0.546875,0.453125,192,0.009203052148222923,0.00028833086173898805,nan,0.001963496208190918,0.9317312527609398,False,False
k3_d2.0,position,cnn_small,mixed,1007,0.01,0.296875,0.703125,192,0.0016160794766619802,0.00030398501939212045,nan,0.0033682584762573242,0.9331235295734643,False,False
k3_d2.0,position,cnn_small,mixed,1008,0.01,0.2760416666666667,0.7239583333333334,192,0.0012232171138748527,7.585745457746214e-05,nan,0.0014809370040893555,0.9330165220824942,False,False
k3_d2.0,position,cnn_small,mixed,1009,0.01,0.2916666666666667,0.7083333333333334,192,0.0010056659812107682,0.000317338643600432,nan,0.0010816454887390137,0.9329864943304073,False,False
k3_d2.0,position,cnn_large,clean,1000,0.01,0.11458333333333333,0.8854166666666666,192,0.005182788707315922,0.0012041235506357775,nan,0.002663731575012207,0.9338958840149406,False,False
k3_d2.0,position,cnn_large,clean,1001,0.01,0.06770833333333333,0.9322916666666666,192,0.0034618652425706387,0.0008125589254100054,nan,0.0013331174850463867,0.9349580634930512,False,False
k3_d2.0,position,cnn_large,clean,1002,0.01,0.09375,0.90625,192,0.004881143569946289,0.0013570537034101327,nan,0.003790616989135742,0.9343063104533639,False,False
k3_d2.0,position,cnn_large,clean,1003,0.01,0.09375,0.90625,192,0.004049248993396759,0.0009415197989334009,nan,0.0010707378387451172,0.9345594604531405,False,False
k3_d2.0,position,cnn_large,clean,1004,0.01,0.08333333333333333,0.9166666666666666,192,0.0034510588739067316,0.000702037326871763,nan,0.0012438297271728516,0.9346055226283191,False,False
k3_d2.0,position,cnn_large,clean,1005,0.01,0.036458333333333336,0.9635416666666666,192,0.003014247165992856,0.001614327901441145,nan,0.0036971569061279297,0.9347716243486837,False,False
k3_d2.0,position,cnn_large,clean,1006,0.01,0.0625,0.9375,192,0.0023992308415472507,0.0004239086770197329,nan,0.001520395278930664,0.9347686847011208,False,False
k3_d2.0,position,cnn_large,clean,1007,0.01,0.08333333333333333,0.9166666666666666,192,0.0032667838968336582,0.0007388265861657043,nan,0.0029250383377075195,0.9343798656923207,False,False
k3_d2.0,position,cnn_large,clean,1008,0.01,0.15625,0.84375,192,0.006424201652407646,0.0006092226398632495,nan,0.0015066862106323242,0.9345142262328031,False,False
k3_d2.0,position,cnn_large,clean,1009,0.01,0.5833333333333334,0.4166666666666667,192,0.020905038341879845,0.005414539828105241,nan,0.004073739051818848,0.9290828518407485,False,False
k3_d2.0,position,cnn_large,mixed,1000,0.01,0.2916666666666667,0.7083333333333334,192,0.002234328305348754,0.0006275059594301718,nan,0.0008091926574707031,0.9332912400843869,False,False
k3_d2.0,position,cnn_large,mixed,1001,0.01,0.3020833333333333,0.6979166666666666,192,0.0015516955172643065,0.00046052690767898455,nan,0.0012282133102416992,0.9329960228223501,False,False
k3_d2.0,position,cnn_large,mixed,1002,0.01,0.296875,0.703125,192,0.00143604283221066,0.00045280432599217017,nan,0.0009982585906982422,0.9330164440677413,False,False
k3_d2.0,position,cnn_large,mixed,1003,0.01,0.2916666666666667,0.7083333333333334,192,0.0022967581171542406,0.001470106500335835,nan,0.0009406805038452148,0.9332831944381799,False,False
k3_d2.0,position,cnn_large,mixed,1004,0.01,0.2708333333333333,0.7291666666666666,192,0.001531951013021171,0.0005703410607566187,nan,0.000998854637145996,0.9329068317880763,False,False
k3_d2.0,position,cnn_large,mixed,1005,0.01,0.28125,0.71875,192,0.0020655235275626183,0.0007412320594457882,nan,0.0008660554885864258,0.9329957757190073,False,False
k3_d2.0,position,cnn_large,mixed,1006,0.01,0.28125,0.71875,192,0.002245386829599738,0.0007124411436132374,nan,0.000555872917175293,0.9326236740914641,False,False
k3_d2.0,position,cnn_large,mixed,1007,0.01,0.2708333333333333,0.7291666666666666,192,0.0025687948800623417,0.0010012978260963516,nan,0.0008279085159301758,0.9326480327067582,False,False
k3_d2.0,position,cnn_large,mixed,1008,0.01,0.3072916666666667,0.6927083333333334,192,0.0035821704659610987,0.0005585808703296161,nan,0.0015085935592651367,0.9322494224028309,False,False
k3_d2.0,position,cnn_large,mixed,1009,0.01,0.2708333333333333,0.7291666666666666,192,0.002506368327885866,0.0006709884673311902,nan,0.0011548995971679688,0.9326687337091087,False,False
k3_d2.0,position+both,free,clean,1000,0.05,0.06770833333333333,0.9322916666666666,192,0.03163676708936691,3.9316392961980187e-07,nan,0.0002771615982055664,0.9347142568836042,False,False
k3_d2.0,position+both,free,clean,1001,0.05,0.08854166666666667,0.9114583333333334,192,0.036146290600299835,3.718798253821373e-07,nan,0.0010373592376708984,0.9345889386730997,False,False
k3_d2.0,position+both,free,clean,1002,0.05,0.020833333333333332,0.9791666666666666,192,0.0306975357234478,3.8571075671236627e-07,nan,0.0004038810729980469,0.9351219487559973,False,False
k3_d2.0,position+both,free,clean,1003,0.05,0.07291666666666667,0.9270833333333334,192,0.031646743416786194,3.7184079804090434e-07,nan,0.00043976306915283203,0.9348255156388576,False,False
k3_d2.0,position+both,free,clean,1004,0.05,0.08854166666666667,0.9114583333333334,192,0.03597881272435188,3.7981868660270007e-07,nan,0.000491023063659668,0.9344973881267455,False,False
k3_d2.0,position+both,free,clean,1005,0.05,0.109375,0.890625,192,0.03502882272005081,3.794440477788361e-07,nan,0.000780940055847168,0.9348121767063369,False,False
k3_d2.0,position+both,free,clean,1006,0.05,0.0625,0.9375,192,0.029910750687122345,3.6040899351877405e-07,nan,0.0010943412780761719,0.9349880191863739,False,False
k3_d2.0,position+both,free,clean,1007,0.05,0.041666666666666664,0.9583333333333334,192,0.029537709429860115,3.638714615082278e-07,nan,0.00033843517303466797,0.9351234254146188,False,False
k3_d2.0,position+both,free,clean,1008,0.05,0.036458333333333336,0.9635416666666666,192,0.03156062960624695,3.925802766632047e-07,nan,0.001432657241821289,0.93503957450618,False,False
k3_d2.0,position+both,free,clean,1009,0.05,0.109375,0.890625,192,0.032761599868535995,3.7289310254898585e-07,nan,0.0002282857894897461,0.9346044576503633,False,False
k3_d2.0,position+both,free,mixed,1000,0.05,0.3125,0.6875,192,0.022779840975999832,3.7055058981935383e-07,nan,0.0005992650985717773,0.932780974866529,False,False
k3_d2.0,position+both,free,mixed,1001,0.05,0.328125,0.671875,192,0.026195557788014412,3.701900938447569e-07,nan,0.00029087066650390625,0.9320740543127851,False,False
k3_d2.0,position+both,free,mixed,1002,0.05,0.3020833333333333,0.6979166666666666,192,0.021759498864412308,3.8120697876075603e-07,nan,0.0003815889358520508,0.9325702683303961,False,False
k3_d2.0,position+both,free,mixed,1003,0.05,0.3333333333333333,0.6666666666666666,192,0.023104436695575714,3.6593956236631873e-07,nan,0.0005171298980712891,0.9327430555710449,False,False
k3_d2.0,position+both,free,mixed,1004,0.05,0.3385416666666667,0.6614583333333334,192,0.026245618239045143,3.953504604829627e-07,nan,0.0005625486373901367,0.9323731874448532,False,False
k3_d2.0,position+both,free,mixed,1005,0.05,0.3541666666666667,0.6458333333333334,192,0.025934191420674324,3.8427075882888705e-07,nan,0.0005968809127807617,0.9327397238317148,False,False
k3_d2.0,position+both,free,mixed,1006,0.05,0.3072916666666667,0.6927083333333334,192,0.021476056426763535,3.7821815313534896e-07,nan,0.00047528743743896484,0.9328028409504989,False,False
k3_d2.0,position+both,free,mixed,1007,0.05,0.3020833333333333,0.6979166666666666,192,0.021103503182530403,3.7706525722286525e-07,nan,0.0007609128952026367,0.9330365419286778,False,False
k3_d2.0,position+both,free,mixed,1008,0.05,0.3125,0.6875,192,0.02279466576874256,3.55250062386151e-07,nan,0.0004374980926513672,0.932570335234724,False,False
k3_d2.0,position+both,free,mixed,1009,0.05,0.3333333333333333,0.6666666666666666,192,0.023542337119579315,3.7114542470770917e-07,nan,0.00036156177520751953,0.9323897228893856,False,False
k3_d2.0,position+both,cnn_small,clean,1000,0.01,0.078125,0.921875,192,0.011764882132411003,6.743369853744443e-05,nan,0.0008070468902587891,0.9345947880457143,False,False
k3_d2.0,position+both,cnn_small,clean,1001,0.01,0.06770833333333333,0.9322916666666666,192,0.011852428317070007,6.614605504656316e-05,nan,0.0005667209625244141,0.9347312607905015,False,False
k3_d2.0,position+both,cnn_small,clean,1002,0.01,0.0625,0.9375,192,0.010562952607870102,7.30215925143673e-05,nan,0.0010529756546020508,0.9345820516963567,False,False
k3_d2.0,position+both,cnn_small,clean,1003,0.01,0.09375,0.90625,192,0.014924583025276661,4.236351665190287e-05,nan,0.002961277961730957,0.9343437977806266,False,False
k3_d2.0,position+both,cnn_small,clean,1004,0.01,0.08333333333333333,0.9166666666666666,192,0.014125249348580837,4.3431323304882294e-05,nan,0.0010957717895507812,0.9344983137652748,False,False
k3_d2.0,position+both,cnn_small,clean,1005,0.01,0.078125,0.921875,192,0.012699597515165806,0.0001363022046724159,nan,0.002370476722717285,0.934515329774779,False,False
k3_d2.0,position+both,cnn_small,clean,1006,0.01,0.21875,0.78125,192,0.02635105699300766,9.687662703878052e-05,nan,0.0012602806091308594,0.9345244779897741,False,False
k3_d2.0,position+both,cnn_small,clean,1007,0.01,0.08333333333333333,0.9166666666666666,192,0.012984278611838818,9.330552373733577e-05,nan,0.0019477605819702148,0.9344687139570933,False,False
k3_d2.0,position+both,cnn_small,clean,1008,0.01,0.15104166666666666,0.8489583333333334,192,0.019702522084116936,2.567870058446802e-05,nan,0.00043445825576782227,0.9349060285837142,False,False
k3_d2.0,position+both,cnn_small,clean,1009,0.01,0.078125,0.921875,192,0.011663168668746948,3.547400750761335e-05,nan,0.0020760297775268555,0.9343699082626018,False,False
k3_d2.0,position+both,cnn_small,mixed,1000,0.01,0.28125,0.71875,192,0.0020383503288030624,0.000124729442726682,nan,0.0005353689193725586,0.9329726170044913,False,False
k3_d2.0,position+both,cnn_small,mixed,1001,0.01,0.2916666666666667,0.7083333333333334,192,0.0018989314557984471,1.9625463299284312e-05,nan,0.0006754398345947266,0.9330264545514971,False,False
k3_d2.0,position+both,cnn_small,mixed,1002,0.01,0.28125,0.71875,192,0.0019113040762022138,3.5408872204945845e-05,nan,0.000845789909362793,0.9330868169952236,False,False
k3_d2.0,position+both,cnn_small,mixed,1003,0.01,0.28125,0.71875,192,0.0017860032385215163,2.840604749958098e-05,nan,0.001623690128326416,0.9331056722225795,False,False
k3_d2.0,position+both,cnn_small,mixed,1004,0.01,0.2916666666666667,0.7083333333333334,192,0.002060213126242161,2.2563228327139826e-05,nan,0.0006737709045410156,0.9330156772256166,False,False
k3_d2.0,position+both,cnn_small,mixed,1005,0.01,0.2864583333333333,0.7135416666666666,192,0.0019567073322832584,1.1752205960697922e-05,nan,0.0006709098815917969,0.9330663192868595,False,False
k3_d2.0,position+both,cnn_small,mixed,1006,0.01,0.28125,0.71875,192,0.003386054653674364,0.00020193900873068208,nan,0.0019168853759765625,0.9331472961453227,False,False
k3_d2.0,position+both,cnn_small,mixed,1007,0.01,0.2864583333333333,0.7135416666666666,192,0.002043876564130187,4.319208939702453e-05,nan,0.0009090900421142578,0.9330547631792765,False,False
k3_d2.0,position+both,cnn_small,mixed,1008,0.01,0.2916666666666667,0.7083333333333334,192,0.0028454731218516827,1.7212834082753634e-05,nan,0.0002467036247253418,0.9330865608708795,False,False
k3_d2.0,position+both,cnn_small,mixed,1009,0.01,0.2864583333333333,0.7135416666666666,192,0.0021025920286774635,5.425544914829831e-05,nan,0.0009887218475341797,0.9330312023794254,False,False
k3_d2.0,position+both,cnn_large,clean,1000,0.01,0.036458333333333336,0.9635416666666666,192,0.008121958002448082,0.0003942951731117126,nan,0.0023256540298461914,0.9349452926801581,False,False
k3_d2.0,position+both,cnn_large,clean,1001,0.01,0.026041666666666668,0.9739583333333334,192,0.006655144039541483,0.0003609344003981041,nan,0.0018646717071533203,0.935134789506437,False,False
k3_d2.0,position+both,cnn_large,clean,1002,0.01,0.036458333333333336,0.9635416666666666,192,0.011322686448693275,0.00029950351613581135,nan,0.0016710758209228516,0.9336832738786365,False,False
k3_d2.0,position+both,cnn_large,clean,1003,0.01,0.020833333333333332,0.9791666666666666,192,0.005996077321469784,0.0002196017991800482,nan,0.0010135173797607422,0.9353197571912644,False,False
k3_d2.0,position+both,cnn_large,clean,1004,0.01,0.010416666666666666,0.9895833333333334,192,0.005247659515589476,0.0001549064457348746,nan,0.0015540122985839844,0.9354331779869429,False,False
k3_d2.0,position+both,cnn_large,clean,1005,0.01,0.057291666666666664,0.9427083333333334,192,0.009463954716920853,0.00020958208964927066,nan,0.001601099967956543,0.9349852995508485,False,False
k3_d2.0,position+both,cnn_large,clean,1006,0.01,0.036458333333333336,0.9635416666666666,192,0.0064269015565514565,0.0003645877565171509,nan,0.006303071975708008,0.9351752694512823,False,False
k3_d2.0,position+both,cnn_large,clean,1007,0.01,0.020833333333333332,0.9791666666666666,192,0.007230282761156559,0.0004474926840079903,nan,0.0012241601943969727,0.9350596667475684,False,False
k3_d2.0,position+both,cnn_large,clean,1008,0.01,0.06770833333333333,0.9322916666666666,192,0.012286036275327206,0.0002865674917345087,nan,0.0012316703796386719,0.9346365239430316,False,False
k3_d2.0,position+both,cnn_large,clean,1009,0.01,0.052083333333333336,0.9479166666666666,192,0.011071791872382164,0.0013996389274246153,nan,0.002460956573486328,0.9352520832292553,False,False
k3_d2.0,position+both,cnn_large,mixed,1000,0.01,0.296875,0.703125,192,0.0038972203619778156,0.000413514591598774,nan,0.001624464988708496,0.9329888528444742,False,False
k3_d2.0,position+both,cnn_large,mixed,1001,0.01,0.296875,0.703125,192,0.0023726290091872215,0.0003527115415579893,nan,0.0005496740341186523,0.9331681554498968,False,False
k3_d2.0,position+both,cnn_large,mixed,1002,0.01,0.3020833333333333,0.6979166666666666,192,0.003964581061154604,0.0007831792634860486,nan,0.0005260705947875977,0.9330945127265902,False,False
k3_d2.0,position+both,cnn_large,mixed,1003,0.01,0.2760416666666667,0.7239583333333334,192,0.004727535881102085,0.0006028929904988911,nan,0.002974271774291992,0.9329309672498104,False,False
k3_d2.0,position+both,cnn_large,mixed,1004,0.01,0.265625,0.734375,192,0.002108384855091572,0.00022883058251298722,nan,0.00048470497131347656,0.9330379515106616,False,False
k3_d2.0,position+both,cnn_large,mixed,1005,0.01,0.2760416666666667,0.7239583333333334,192,0.0032878790516406298,0.0003623318893417646,nan,0.000996708869934082,0.9328420375535619,False,False
k3_d2.0,position+both,cnn_large,mixed,1006,0.01,0.28125,0.71875,192,0.003455059602856636,0.0010427325681657193,nan,0.0006341934204101562,0.9330043930364972,False,False
k3_d2.0,position+both,cnn_large,mixed,1007,0.01,0.2760416666666667,0.7239583333333334,192,0.0028256759978830814,0.0003218264378182569,nan,0.0004949569702148438,0.933041962677669,False,False
k3_d2.0,position+both,cnn_large,mixed,1008,0.01,0.2708333333333333,0.7291666666666666,192,0.0049964855425059795,0.00021009274553394807,nan,0.0020325183868408203,0.9327326689534876,False,False
k3_d2.0,position+both,cnn_large,mixed,1009,0.01,0.28125,0.71875,192,0.003896357025951147,0.00039053530123719346,nan,0.001118779182434082,0.9329638770876542,False,False
k3_d2.0,position+conf,free,clean,1000,0.05,0.0,1.0,192,-1.0246912240982056,2.6003396249609143e-07,nan,0.0003560781478881836,0.935584458646054,False,False
k3_d2.0,position+conf,free,clean,1001,0.05,0.0,1.0,192,-1.0228369235992432,2.6003396249609143e-07,nan,0.0009605884552001953,0.9353050748840588,False,False
k3_d2.0,position+conf,free,clean,1002,0.05,0.0,1.0,192,-1.0236011743545532,2.6003396249609143e-07,nan,0.0009605884552001953,0.9353569278742516,False,False
k3_d2.0,position+conf,free,clean,1003,0.05,0.0,1.0,192,-1.0272902250289917,2.6003396249609143e-07,nan,0.0009605884552001953,0.9356294965745567,False,False
k3_d2.0,position+conf,free,clean,1004,0.05,0.0,1.0,192,-1.0221178531646729,2.6003396249609143e-07,nan,0.0009618997573852539,0.9356898326531965,False,False
k3_d2.0,position+conf,free,clean,1005,0.05,0.0,1.0,192,-1.0234006643295288,2.6003396249609143e-07,nan,0.0009605884552001953,0.9358051589037034,False,False
k3_d2.0,position+conf,free,clean,1006,0.05,0.0,1.0,192,-1.0258915424346924,2.6003396249609143e-07,nan,0.0003598928451538086,0.9355389399915063,False,False
k3_d2.0,position+conf,free,clean,1007,0.05,0.0,1.0,192,-1.0264970064163208,2.6003396249609143e-07,nan,0.0003598928451538086,0.9355662782537608,False,False
k3_d2.0,position+conf,free,clean,1008,0.05,0.0,1.0,192,-1.0250612497329712,2.6003396249609143e-07,nan,0.0009618997573852539,0.9355023783075296,False,False
k3_d2.0,position+conf,free,clean,1009,0.05,0.0,1.0,192,-1.0233296155929565,2.6003396249609143e-07,nan,0.0009605884552001953,0.9355023071393906,False,False
k3_d2.0,position+conf,free,mixed,1000,0.05,0.3020833333333333,0.6979166666666666,192,-0.9995227456092834,2.6003396249609143e-07,nan,0.00036346912384033203,0.9331891654946911,False,False
k3_d2.0,position+conf,free,mixed,1001,0.05,0.3072916666666667,0.6927083333333334,192,-0.9966862201690674,2.6003396249609143e-07,nan,0.0008128881454467773,0.9325032433796696,False,False
k3_d2.0,position+conf,free,mixed,1002,0.05,0.3020833333333333,0.6979166666666666,192,-0.9988048672676086,2.6003396249609143e-07,nan,0.0007185935974121094,0.9327444946641111,False,False
k3_d2.0,position+conf,free,mixed,1003,0.05,0.3020833333333333,0.6979166666666666,192,-1.0001658201217651,2.6003396249609143e-07,nan,0.0007776021957397461,0.9332053689548168,False,False
k3_d2.0,position+conf,free,mixed,1004,0.05,0.296875,0.703125,192,-0.9964917302131653,2.6003396249609143e-07,nan,0.00101470947265625,0.9331087699737481,False,False
k3_d2.0,position+conf,free,mixed,1005,0.05,0.296875,0.703125,192,-0.9971763491630554,2.6003396249609143e-07,nan,0.0010018348693847656,0.9334105286311178,False,False
k3_d2.0,position+conf,free,mixed,1006,0.05,0.3020833333333333,0.6979166666666666,192,-1.0008370876312256,2.6003396249609143e-07,nan,0.0009284019470214844,0.9331223855343066,False,False
k3_d2.0,position+conf,free,mixed,1007,0.05,0.2916666666666667,0.7083333333333334,192,-1.0012611150741577,2.6003396249609143e-07,nan,0.0007764101028442383,0.9333522692956409,False,False
k3_d2.0,position+conf,free,mixed,1008,0.05,0.3072916666666667,0.6927083333333334,192,-0.999514102935791,2.6003396249609143e-07,nan,0.0006885528564453125,0.9328760998359287,False,False
k3_d2.0,position+conf,free,mixed,1009,0.05,0.3072916666666667,0.6927083333333334,192,-0.9982346892356873,2.6003396249609143e-07,nan,0.0009450912475585938,0.9328797365436249,False,False
k3_d2.0,position+conf,cnn_small,clean,1000,0.01,0.2916666666666667,0.7083333333333334,192,-0.45334717631340027,0.00015924205894684147,nan,0.0016618967056274414,0.9307434389105435,False,False
k3_d2.0,position+conf,cnn_small,clean,1001,0.01,0.11458333333333333,0.8854166666666666,192,-0.4745248556137085,5.8474237287123086e-05,nan,0.0014938116073608398,0.9333005960992262,False,False
k3_d2.0,position+conf,cnn_small,clean,1002,0.01,0.1875,0.8125,192,-0.4445125460624695,0.0001493511414121218,nan,0.0035538673400878906,0.9327733250919668,False,False
k3_d2.0,position+conf,cnn_small,clean,1003,0.01,0.3125,0.6875,192,-0.43154481053352356,8.30197343538004e-05,nan,0.0030307769775390625,0.9298913348858702,False,False
k3_d2.0,position+conf,cnn_small,clean,1004,0.01,0.20833333333333334,0.7916666666666666,192,-0.44675132632255554,2.3680171867703815e-05,nan,0.002599954605102539,0.932061024607752,False,False
k3_d2.0,position+conf,cnn_small,clean,1005,0.01,0.25,0.75,192,-0.4332573115825653,0.00021921489895986455,nan,0.0027451515197753906,0.9338754501308782,False,False
k3_d2.0,position+conf,cnn_small,clean,1006,0.01,0.2708333333333333,0.7291666666666666,192,-0.34810584783554077,0.0001480887270053819,nan,0.0011830329895019531,0.9330759043599092,False,False
k3_d2.0,position+conf,cnn_small,clean,1007,0.01,0.2552083333333333,0.7447916666666666,192,-0.44694316387176514,6.976304418242477e-05,nan,0.0025577545166015625,0.9312538501868491,False,False
k3_d2.0,position+conf,cnn_small,clean,1008,0.01,0.21875,0.78125,192,-0.4609387218952179,9.692215978986852e-05,nan,0.0012210607528686523,0.9348057141539378,False,False
k3_d2.0,position+conf,cnn_small,clean,1009,0.01,0.18229166666666666,0.8177083333333334,192,-0.44153890013694763,7.159261312146082e-05,nan,0.0033714771270751953,0.9330539960105451,False,False
k3_d2.0,position+conf,cnn_small,mixed,1000,0.01,0.3125,0.6875,192,-0.4645342528820038,0.00010015120036924737,nan,0.0021038055419921875,0.9325132906443219,False,False
k3_d2.0,position+conf,cnn_small,mixed,1001,0.01,0.2760416666666667,0.7239583333333334,192,-0.48697683215141296,8.74192298154404e-05,nan,0.0019908547401428223,0.933081216937458,False,False
k3_d2.0,position+conf,cnn_small,mixed,1002,0.01,0.28125,0.71875,192,-0.48591914772987366,5.010520212834626e-05,nan,0.0027652978897094727,0.9329232437365176,False,False
k3_d2.0,position+conf,cnn_small,mixed,1003,0.01,0.3072916666666667,0.6927083333333334,192,-0.43388596177101135,7.305416692457778e-05,nan,0.0024987459182739258,0.9319228308739047,False,False
k3_d2.0,position+conf,cnn_small,mixed,1004,0.01,0.2760416666666667,0.7239583333333334,192,-0.4779510498046875,0.00017467429308990113,nan,0.0020641088485717773,0.932770549459643,False,False
k3_d2.0,position+conf,cnn_small,mixed,1005,0.01,0.2708333333333333,0.7291666666666666,192,-0.4454483091831207,0.00017744595944286113,nan,0.0013415813446044922,0.9330299574240309,False,False
k3_d2.0,position+conf,cnn_small,mixed,1006,0.01,0.578125,0.421875,192,-0.34295305609703064,0.00010838818952070176,nan,0.0016527175903320312,0.9323075099131786,False,False
k3_d2.0,position+conf,cnn_small,mixed,1007,0.01,0.28125,0.71875,192,-0.44861629605293274,0.00018538491265186673,nan,0.0012868642807006836,0.9330525125797272,False,False
k3_d2.0,position+conf,cnn_small,mixed,1008,0.01,0.28125,0.71875,192,-0.41767990589141846,0.00011376407642086722,nan,0.000827789306640625,0.9328671866203142,False,False
k3_d2.0,position+conf,cnn_small,mixed,1009,0.01,0.3333333333333333,0.6666666666666666,192,-0.4369165003299713,0.00016241066151496722,nan,0.0019488334655761719,0.9315761642679747,False,False
k3_d2.0,position+conf,cnn_large,clean,1000,0.01,0.1875,0.8125,192,-0.23140691220760345,0.0017032937703191553,nan,0.002774357795715332,0.9331015288800697,False,False
k3_d2.0,position+conf,cnn_large,clean,1001,0.01,0.296875,0.703125,192,-0.2613512873649597,0.0023676774291250826,nan,0.0035436153411865234,0.9310893683621544,False,False
k3_d2.0,position+conf,cnn_large,clean,1002,0.01,0.14583333333333334,0.8541666666666666,192,-0.339915931224823,0.0009610486386093532,nan,0.002686023712158203,0.9336673657605259,False,False
k3_d2.0,position+conf,cnn_large,clean,1003,0.01,0.2864583333333333,0.7135416666666666,192,-0.23762018978595734,0.0006792122376189045,nan,0.0032590627670288086,0.9323556861735923,False,False
k3_d2.0,position+conf,cnn_large,clean,1004,0.01,0.08854166666666667,0.9114583333333334,192,-0.42483511567115784,0.000352606727459436,nan,0.0018720626831054688,0.9342337246997792,False,False
k3_d2.0,position+conf,cnn_large,clean,1005,0.01,0.0,1.0,192,0.7938222289085388,0.9880825823495137,nan,6.091594696044922e-05,0.0,True,True
k3_d2.0,position+conf,cnn_large,clean,1006,0.01,0.08854166666666667,0.9114583333333334,192,-0.33731362223625183,0.00043137134072604937,nan,0.0025125741958618164,0.9342625488480424,False,False
k3_d2.0,position+conf,cnn_large,clean,1007,0.01,0.203125,0.796875,192,-0.46265897154808044,0.00043584625702185843,nan,0.002949953079223633,0.9322015372556818,False,False
k3_d2.0,position+conf,cnn_large,clean,1008,0.01,0.0,1.0,192,0.804041862487793,0.9880825425282025,nan,3.528594970703125e-05,0.0,True,True
k3_d2.0,position+conf,cnn_large,clean,1009,0.01,0.2916666666666667,0.7083333333333334,192,-0.23032379150390625,0.0009239957771431777,nan,0.002097487449645996,0.9316572517595753,False,False
k3_d2.0,position+conf,cnn_large,mixed,1000,0.01,0.46875,0.53125,192,-0.3488946259021759,0.0026688697058574597,nan,0.001695871353149414,0.9307393918381986,False,False
k3_d2.0,position+conf,cnn_large,mixed,1001,0.01,0.3020833333333333,0.6979166666666666,192,-0.2428802102804184,0.0013056304393099757,nan,0.0017466545104980469,0.9321363309603434,False,False
k3_d2.0,position+conf,cnn_large,mixed,1002,0.01,0.3385416666666667,0.6614583333333334,192,-0.3453821539878845,0.0005580457466066572,nan,0.0062667131423950195,0.9320300666696711,False,False
k3_d2.0,position+conf,cnn_large,mixed,1003,0.01,0.2864583333333333,0.7135416666666666,192,-0.21756301820278168,0.0014247498028701158,nan,0.004146218299865723,0.9328544069561823,False,False
k3_d2.0,position+conf,cnn_large,mixed,1004,0.01,0.2760416666666667,0.7239583333333334,192,-0.48057231307029724,0.00041369199874664896,nan,0.0009733438491821289,0.9325665418134481,False,False
k3_d2.0,position+conf,cnn_large,mixed,1005,0.01,0.0,1.0,192,0.8280335664749146,0.9880825624388295,nan,1.0371208190917969e-05,0.0,True,True
k3_d2.0,position+conf,cnn_large,mixed,1006,0.01,0.546875,0.453125,192,-0.29381439089775085,0.001817453055017087,nan,0.0012927055358886719,0.9288926330676434,False,False
k3_d2.0,position+conf,cnn_large,mixed,1007,0.01,0.296875,0.703125,192,-0.4133721888065338,0.0008635771321857024,nan,0.001352548599243164,0.9327703106867546,False,False
k3_d2.0,position+conf,cnn_large,mixed,1008,0.01,0.3072916666666667,0.6927083333333334,192,-0.4117608368396759,0.0009512184260091754,nan,0.0013456344604492188,0.9322051100691887,False,False
k3_d2.0,position+conf,cnn_large,mixed,1009,0.01,0.359375,0.640625,192,-0.24601909518241882,0.0015975021313144018,nan,0.0019876956939697266,0.9319254932920735,False,False
k3_d2.0,position+conf_noclip,free,clean,1000,0.05,0.0,1.0,192,-0.5069403052330017,2.384185791015625e-07,nan,0.0007976293563842773,0.9355844476175976,False,False
k3_d2.0,position+conf_noclip,free,clean,1001,0.05,0.0,1.0,192,-0.5053328275680542,2.384185791015625e-07,nan,0.0009838342666625977,0.9353050509420894,False,False
k3_d2.0,position+conf_noclip,free,clean,1002,0.05,0.0,1.0,192,-0.5060767531394958,2.384185791015625e-07,nan,0.0009838342666625977,0.9353569257553487,False,False
k3_d2.0,position+conf_noclip,free,clean,1003,0.05,0.0,1.0,192,-0.5079653859138489,2.384185791015625e-07,nan,0.0009838342666625977,0.9356294747932488,False,False
k3_d2.0,position+conf_noclip,free,clean,1004,0.05,0.0,1.0,192,-0.5051684975624084,2.384185791015625e-07,nan,0.0009838342666625977,0.9356898167127917,False,False
k3_d2.0,position+conf_noclip,free,clean,1005,0.05,0.0,1.0,192,-0.5057166814804077,2.384185791015625e-07,nan,0.0009838342666625977,0.935805119235337,False,False
k3_d2.0,position+conf_noclip,free,clean,1006,0.05,0.0,1.0,192,-0.5077101588249207,2.384185791015625e-07,nan,0.0003668069839477539,0.9355389336590797,False,False
k3_d2.0,position+conf_noclip,free,clean,1007,0.05,0.0,1.0,192,-0.507996141910553,2.384185791015625e-07,nan,0.000797271728515625,0.9355662696264754,False,False
k3_d2.0,position+conf_noclip,free,clean,1008,0.05,0.0,1.0,192,-0.5071321129798889,2.384185791015625e-07,nan,0.0009838342666625977,0.9355023608525426,False,False
k3_d2.0,position+conf_noclip,free,clean,1009,0.05,0.0,1.0,192,-0.5059653520584106,2.384185791015625e-07,nan,0.0009926557540893555,0.9355023041349131,False,False
k3_d2.0,position+conf_noclip,free,mixed,1000,0.05,0.3020833333333333,0.6979166666666666,192,-0.4957258701324463,2.384185791015625e-07,nan,0.0006256103515625,0.9331891532037324,False,False
k3_d2.0,position+conf_noclip,free,mixed,1001,0.05,0.3072916666666667,0.6927083333333334,192,-0.4931924045085907,2.384185791015625e-07,nan,0.0009616613388061523,0.9325032456913481,False,False
k3_d2.0,position+conf_noclip,free,mixed,1002,0.05,0.3020833333333333,0.6979166666666666,192,-0.4953756332397461,2.384185791015625e-07,nan,0.000699162483215332,0.9327445067335149,False,False
k3_d2.0,position+conf_noclip,free,mixed,1003,0.05,0.3020833333333333,0.6979166666666666,192,-0.4956408739089966,2.384185791015625e-07,nan,0.0009202957153320312,0.9332053698184152,False,False
k3_d2.0,position+conf_noclip,free,mixed,1004,0.05,0.296875,0.703125,192,-0.493368536233902,2.384185791015625e-07,nan,0.0010439157485961914,0.9331087497733506,False,False
k3_d2.0,position+conf_noclip,free,mixed,1005,0.05,0.296875,0.703125,192,-0.49348849058151245,2.384185791015625e-07,nan,0.0009665489196777344,0.9334105626225069,False,False
k3_d2.0,position+conf_noclip,free,mixed,1006,0.05,0.3020833333333333,0.6979166666666666,192,-0.4965752363204956,2.384185791015625e-07,nan,0.00047588348388671875,0.9331223890694921,False,False
k3_d2.0,position+conf_noclip,free,mixed,1007,0.05,0.2916666666666667,0.7083333333333334,192,-0.4968334138393402,2.384185791015625e-07,nan,0.0008068084716796875,0.9333522824436822,False,False
k3_d2.0,position+conf_noclip,free,mixed,1008,0.05,0.3072916666666667,0.6927083333333334,192,-0.4956880807876587,2.384185791015625e-07,nan,0.0007719993591308594,0.9328761059606439,False,False
k3_d2.0,position+conf_noclip,free,mixed,1009,0.05,0.3072916666666667,0.6927083333333334,192,-0.49476945400238037,2.384185791015625e-07,nan,0.0009620189666748047,0.9328797560901142,False,False
k3_d2.0,position+conf_noclip,cnn_small,clean,1000,0.01,0.19270833333333334,0.8072916666666666,192,-0.2513558864593506,8.626714010880157e-05,nan,0.003461003303527832,0.932284723849298,False,False
k3_d2.0,position+conf_noclip,cnn_small,clean,1001,0.01,0.06770833333333333,0.9322916666666666,192,-0.27235129475593567,0.00011394394892039399,nan,0.00325930118560791,0.9346022265103275,False,False
k3_d2.0,position+conf_noclip,cnn_small,clean,1002,0.01,0.17708333333333334,0.8229166666666666,192,-0.25737810134887695,0.00013455499380115812,nan,0.0017309188842773438,0.9334420606206603,False,False
k3_d2.0,position+conf_noclip,cnn_small,clean,1003,0.01,0.3333333333333333,0.6666666666666666,192,-0.23873281478881836,6.23520194697175e-05,nan,0.0012555122375488281,0.9287431341649709,False,False
k3_d2.0,position+conf_noclip,cnn_small,clean,1004,0.01,0.14583333333333334,0.8541666666666666,192,-0.2618296444416046,5.9009670577790646e-05,nan,0.0014634132385253906,0.9332614573346677,False,False
k3_d2.0,position+conf_noclip,cnn_small,clean,1005,0.01,0.25,0.75,192,-0.24245193600654602,0.00011140353053138968,nan,0.002587437629699707,0.931187002060987,False,False
k3_d2.0,position+conf_noclip,cnn_small,clean,1006,0.01,0.421875,0.578125,192,-0.2092551290988922,0.0003491544738395518,nan,0.001588582992553711,0.9329050696431033,False,False
k3_d2.0,position+conf_noclip,cnn_small,clean,1007,0.01,0.2604166666666667,0.7395833333333334,192,-0.24760198593139648,0.00025986755643041785,nan,0.0031845569610595703,0.9308550984617,False,False
k3_d2.0,position+conf_noclip,cnn_small,clean,1008,0.01,0.3020833333333333,0.6979166666666666,192,-0.23748072981834412,0.0003278554736550864,nan,0.0017278194427490234,0.9334722070909401,False,False
k3_d2.0,position+conf_noclip,cnn_small,clean,1009,0.01,0.17708333333333334,0.8229166666666666,192,-0.2596440613269806,3.356545798000827e-05,nan,0.001158595085144043,0.932777881678947,False,False
k3_d2.0,position+conf_noclip,cnn_small,mixed,1000,0.01,0.2864583333333333,0.7135416666666666,192,-0.26784974336624146,0.00020895130267990447,nan,0.0011540651321411133,0.9336454116326803,False,False
k3_d2.0,position+conf_noclip,cnn_small,mixed,1001,0.01,0.2760416666666667,0.7239583333333334,192,-0.2834962010383606,8.896186845712255e-05,nan,0.0007882118225097656,0.932988586253217,False,False
k3_d2.0,position+conf_noclip,cnn_small,mixed,1002,0.01,0.2760416666666667,0.7239583333333334,192,-0.27081918716430664,0.00016054578639699882,nan,0.0011440515518188477,0.9330831431632708,False,False
k3_d2.0,position+conf_noclip,cnn_small,mixed,1003,0.01,0.28125,0.71875,192,-0.2675197422504425,6.448261153640498e-05,nan,0.0006887912750244141,0.9328153706174934,False,False
k3_d2.0,position+conf_noclip,cnn_small,mixed,1004,0.01,0.2864583333333333,0.7135416666666666,192,-0.2768692076206207,0.00010441901341942317,nan,0.0017418861389160156,0.9329817357757009,False,False
k3_d2.0,position+conf_noclip,cnn_small,mixed,1005,0.01,0.2760416666666667,0.7239583333333334,192,-0.26087936758995056,0.00011429776196406193,nan,0.0006098747253417969,0.9329451718052569,False,False
k3_d2.0,position+conf_noclip,cnn_small,mixed,1006,0.01,0.3020833333333333,0.6979166666666666,192,-0.22555436193943024,0.00039654540261277937,nan,0.0011159181594848633,0.9326170192437923,False,False
k3_d2.0,position+conf_noclip,cnn_small,mixed,1007,0.01,0.2916666666666667,0.7083333333333334,192,-0.27042853832244873,0.00013470302770850643,nan,0.001675724983215332,0.9331071384534617,False,False
k3_d2.0,position+conf_noclip,cnn_small,mixed,1008,0.01,0.2760416666666667,0.7239583333333334,192,-0.2556549608707428,0.00010809053938225998,nan,0.0018328428268432617,0.9331287592373168,False,False
k3_d2.0,position+conf_noclip,cnn_small,mixed,1009,0.01,0.2864583333333333,0.7135416666666666,192,-0.26795217394828796,8.765771022272986e-05,nan,0.0008434057235717773,0.9328917182531016,False,False
k3_d2.0,position+conf_noclip,cnn_large,clean,1000,0.01,0.15625,0.84375,192,-0.20169977843761444,0.0008939132165458228,nan,0.006046295166015625,0.9339636513576708,False,False
k3_d2.0,position+conf_noclip,cnn_large,clean,1001,0.01,0.052083333333333336,0.9479166666666666,192,-0.18944230675697327,0.00019764466382971238,nan,0.004677414894104004,0.9350293726546107,False,False
k3_d2.0,position+conf_noclip,cnn_large,clean,1002,0.01,0.07291666666666667,0.9270833333333334,192,-0.19512036442756653,0.0015051548314989904,nan,0.004546165466308594,0.9344553728216703,False,False
k3_d2.0,position+conf_noclip,cnn_large,clean,1003,0.01,0.078125,0.921875,192,-0.16965138912200928,0.00048428483574247894,nan,0.0015246868133544922,0.9345176942530705,False,False
k3_d2.0,position+conf_noclip,cnn_large,clean,1004,0.01,0.07291666666666667,0.9270833333333334,192,-0.23528285324573517,0.0002873160110746898,nan,0.005357027053833008,0.9343341101227132,False,False
k3_d2.0,position+conf_noclip,cnn_large,clean,1005,0.01,0.140625,0.859375,192,-0.23171855509281158,0.0007097777967020725,nan,0.0027463436126708984,0.9327235909743976,False,False
k3_d2.0,position+conf_noclip,cnn_large,clean,1006,0.01,0.06770833333333333,0.9322916666666666,192,-0.19436687231063843,0.0002300243809215166,nan,0.0025948286056518555,0.9331910787707551,False,False
k3_d2.0,position+conf_noclip,cnn_large,clean,1007,0.01,0.18229166666666666,0.8177083333333334,192,-0.22801046073436737,0.00080148744626782,nan,0.0015516281127929688,0.9318030634683978,False,False
k3_d2.0,position+conf_noclip,cnn_large,clean,1008,0.01,0.06770833333333333,0.9322916666666666,192,-0.2527080774307251,0.0004439920954110032,nan,0.0024999380111694336,0.9341443968062252,False,False
k3_d2.0,position+conf_noclip,cnn_large,clean,1009,0.01,0.4114583333333333,0.5885416666666666,192,-0.14511211216449738,0.0007303082664103035,nan,0.002925276756286621,0.9322629140032498,False,False
k3_d2.0,position+conf_noclip,cnn_large,mixed,1000,0.01,0.3072916666666667,0.6927083333333334,192,-0.20761488378047943,0.0011141529063184031,nan,0.002343297004699707,0.9324955067452173,False,False
k3_d2.0,position+conf_noclip,cnn_large,mixed,1001,0.01,0.2708333333333333,0.7291666666666666,192,-0.17171765863895416,0.00032066592933582784,nan,0.0007959604263305664,0.9342030415943989,False,False
k3_d2.0,position+conf_noclip,cnn_large,mixed,1002,0.01,0.3333333333333333,0.6666666666666666,192,-0.20483553409576416,0.001331411104430903,nan,0.0012123584747314453,0.932372598434759,False,False
k3_d2.0,position+conf_noclip,cnn_large,mixed,1003,0.01,0.265625,0.734375,192,-0.14241577684879303,0.0010877412234693564,nan,0.0020426511764526367,0.9330471633336944,False,False
k3_d2.0,position+conf_noclip,cnn_large,mixed,1004,0.01,0.2864583333333333,0.7135416666666666,192,-0.2610171437263489,0.00041026490040928465,nan,0.0009398460388183594,0.9320195814056547,False,False
k3_d2.0,position+conf_noclip,cnn_large,mixed,1005,0.01,0.3072916666666667,0.6927083333333334,192,-0.22271424531936646,0.002003647218789541,nan,0.0023342370986938477,0.9331078139003416,False,False
k3_d2.0,position+conf_noclip,cnn_large,mixed,1006,0.01,0.2864583333333333,0.7135416666666666,192,-0.1977345198392868,0.0007361803838901227,nan,0.003611922264099121,0.9329370028036607,False,False
k3_d2.0,position+conf_noclip,cnn_large,mixed,1007,0.01,0.3177083333333333,0.6822916666666666,192,-0.23080012202262878,0.00028099626070056264,nan,0.0012491941452026367,0.9323566891305145,False,False
k3_d2.0,position+conf_noclip,cnn_large,mixed,1008,0.01,0.0,1.0,192,0.4384872019290924,0.9880825823495137,nan,0.0002956390380859375,0.0,True,True
k3_d2.0,position+conf_noclip,cnn_large,mixed,1009,0.01,0.2760416666666667,0.7239583333333334,192,-0.15904884040355682,0.0003925048611865871,nan,0.0009058713912963867,0.9326991682743818,False,False
k3_d2.0,position+grad,free,clean,1000,0.05,0.010416666666666666,0.9895833333333334,192,0.026422463357448578,3.6823258783123173e-07,nan,0.0010814666748046875,0.9354392760618241,False,False
k3_d2.0,position+grad,free,clean,1001,0.05,0.026041666666666668,0.9739583333333334,192,0.03022337518632412,3.757389161616703e-07,nan,0.0007404088973999023,0.9351019274063607,False,False
k3_d2.0,position+grad,free,clean,1002,0.05,0.020833333333333332,0.9791666666666666,192,0.025340113788843155,3.601834257060184e-07,nan,0.0005611181259155273,0.9352160238028658,False,False
k3_d2.0,position+grad,free,clean,1003,0.05,0.041666666666666664,0.9583333333333334,192,0.026624415069818497,3.8057448466224777e-07,nan,0.0005466938018798828,0.9352363167745239,False,False
k3_d2.0,position+grad,free,clean,1004,0.05,0.057291666666666664,0.9427083333333334,192,0.030345594510436058,3.8401385796449204e-07,nan,0.0010547637939453125,0.9349655124782275,False,False
k3_d2.0,position+grad,free,clean,1005,0.05,0.078125,0.921875,192,0.029622266069054604,3.869279158353923e-07,nan,0.0003440380096435547,0.9350883414148072,False,False
k3_d2.0,position+grad,free,clean,1006,0.05,0.005208333333333333,0.9947916666666666,192,0.024835137650370598,3.829163164331818e-07,nan,0.0008442401885986328,0.9354790001212308,False,False
k3_d2.0,position+grad,free,clean,1007,0.05,0.020833333333333332,0.9791666666666666,192,0.024524785578250885,3.6996264411043803e-07,nan,0.0009986162185668945,0.9355296642048895,False,False
k3_d2.0,position+grad,free,clean,1008,0.05,0.020833333333333332,0.9791666666666666,192,0.026126759126782417,3.775729651252004e-07,nan,0.00023233890533447266,0.9352794933572378,False,False
k3_d2.0,position+grad,free,clean,1009,0.05,0.057291666666666664,0.9427083333333334,192,0.027666527777910233,3.783179053406675e-07,nan,0.0004673004150390625,0.9349832913578394,False,False
k3_d2.0,position+grad,free,mixed,1000,0.05,0.3072916666666667,0.6927083333333334,192,0.021512368693947792,3.6781458520867754e-07,nan,0.00045228004455566406,0.9328482523811914,False,False
k3_d2.0,position+grad,free,mixed,1001,0.05,0.328125,0.671875,192,0.02426750212907791,3.6718273662496013e-07,nan,0.00039839744567871094,0.932141254138175,False,False
k3_d2.0,position+grad,free,mixed,1002,0.05,0.3020833333333333,0.6979166666666666,192,0.020353145897388458,3.6332064274977837e-07,nan,0.0003380775451660156,0.9326087974911401,False,False
k3_d2.0,position+grad,free,mixed,1003,0.05,0.328125,0.671875,192,0.02183259092271328,3.660109412220446e-07,nan,0.0007152557373046875,0.93279454033023,False,False
k3_d2.0,position+grad,free,mixed,1004,0.05,0.3385416666666667,0.6614583333333334,192,0.024729909375309944,3.7018225307688573e-07,nan,0.0003846883773803711,0.9324541080466563,False,False
k3_d2.0,position+grad,free,mixed,1005,0.05,0.3333333333333333,0.6666666666666666,192,0.02436734363436699,3.7575436563500844e-07,nan,0.0007066726684570312,0.9328628510971798,False,False
k3_d2.0,position+grad,free,mixed,1006,0.05,0.3072916666666667,0.6927083333333334,192,0.02029087394475937,3.7570801530910257e-07,nan,0.0004203319549560547,0.9328564279652319,False,False
k3_d2.0,position+grad,free,mixed,1007,0.05,0.3020833333333333,0.6979166666666666,192,0.019927378743886948,3.802845579864347e-07,nan,0.00029277801513671875,0.9331013438899352,False,False
k3_d2.0,position+grad,free,mixed,1008,0.05,0.3177083333333333,0.6822916666666666,192,0.021349746733903885,3.7641809313164935e-07,nan,0.0003236532211303711,0.9326306492177497,False,False
k3_d2.0,position+grad,free,mixed,1009,0.05,0.328125,0.671875,192,0.02218906208872795,3.8173959291071133e-07,nan,0.0003654956817626953,0.932419664515956,False,False
k3_d2.0,position+grad,cnn_small,clean,1000,0.01,0.057291666666666664,0.9427083333333334,192,0.008577242493629456,6.427377120073652e-05,nan,0.0031812191009521484,0.9347426322046282,False,False
k3_d2.0,position+grad,cnn_small,clean,1001,0.01,0.06770833333333333,0.9322916666666666,192,0.010259896516799927,8.561985214792131e-05,nan,0.0017023086547851562,0.9346766197727779,False,False
k3_d2.0,position+grad,cnn_small,clean,1002,0.01,0.06770833333333333,0.9322916666666666,192,0.009116007946431637,8.747654344742062e-05,nan,0.0019925832748413086,0.9345707449910637,False,False
k3_d2.0,position+grad,cnn_small,clean,1003,0.01,0.08854166666666667,0.9114583333333334,192,0.01226772740483284,3.4908312937929515e-05,nan,0.0010434389114379883,0.9344459222321679,False,False
k3_d2.0,position+grad,cnn_small,clean,1004,0.01,0.07291666666666667,0.9270833333333334,192,0.010938667692244053,9.091186579499896e-05,nan,0.0012918710708618164,0.9349774250839434,False,False
k3_d2.0,position+grad,cnn_small,clean,1005,0.01,0.08854166666666667,0.9114583333333334,192,0.011085252277553082,7.359054632083906e-05,nan,0.001792311668395996,0.9343938651267686,False,False
k3_d2.0,position+grad,cnn_small,clean,1006,0.01,0.296875,0.703125,192,0.03324321657419205,0.000330621061736373,nan,0.0007092952728271484,0.934613220967916,False,False
k3_d2.0,position+grad,cnn_small,clean,1007,0.01,0.11979166666666667,0.8802083333333334,192,0.015806376934051514,6.15793035611017e-05,nan,0.002070307731628418,0.9344624045643041,False,False
k3_d2.0,position+grad,cnn_small,clean,1008,0.01,0.16145833333333334,0.8385416666666666,192,0.019639847800135612,0.0001520458276485525,nan,0.0008044242858886719,0.9346361660565069,False,False
k3_d2.0,position+grad,cnn_small,clean,1009,0.01,0.13541666666666666,0.8645833333333334,192,0.016868362203240395,4.692937486780463e-05,nan,0.0011701583862304688,0.9344958708410204,False,False
k3_d2.0,position+grad,cnn_small,mixed,1000,0.01,0.28125,0.71875,192,0.0019392403773963451,7.8050106816151e-05,nan,0.0005103349685668945,0.9330296071307401,False,False
k3_d2.0,position+grad,cnn_small,mixed,1001,0.01,0.2916666666666667,0.7083333333333334,192,0.001459860010072589,3.0034729812966453e-05,nan,0.0005269646644592285,0.9331149759385649,False,False
k3_d2.0,position+grad,cnn_small,mixed,1002,0.01,0.28125,0.71875,192,0.0020502768456935883,5.8809590634097944e-05,nan,0.000616908073425293,0.9330429582252794,False,False
k3_d2.0,position+grad,cnn_small,mixed,1003,0.01,0.2864583333333333,0.7135416666666666,192,0.0020123596768826246,4.640473816682255e-05,nan,0.0005403757095336914,0.9330932466770961,False,False
k3_d2.0,position+grad,cnn_small,mixed,1004,0.01,0.28125,0.71875,192,0.0018521948950365186,2.5541074747536507e-05,nan,0.0006728172302246094,0.9330063186694959,False,False
k3_d2.0,position+grad,cnn_small,mixed,1005,0.01,0.28125,0.71875,192,0.002053351141512394,0.00014595842191058705,nan,0.0013157129287719727,0.932956664573556,False,False
k3_d2.0,position+grad,cnn_small,mixed,1006,0.01,0.2916666666666667,0.7083333333333334,192,0.0030508728232234716,0.00016534337399519845,nan,0.0002117156982421875,0.9330100739341745,False,False
k3_d2.0,position+grad,cnn_small,mixed,1007,0.01,0.2864583333333333,0.7135416666666666,192,0.0018371273763477802,2.957642874986158e-05,nan,0.0003133416175842285,0.933067645394932,False,False
k3_d2.0,position+grad,cnn_small,mixed,1008,0.01,0.28125,0.71875,192,0.0021571156103163958,4.033410433899779e-05,nan,0.0007348060607910156,0.9329854502474398,False,False
k3_d2.0,position+grad,cnn_small,mixed,1009,0.01,0.28125,0.71875,192,0.0020110493060201406,5.533426293547218e-05,nan,0.0018486976623535156,0.9330646151144351,False,False
k3_d2.0,position+grad,cnn_large,clean,1000,0.01,0.0,1.0,192,0.9153611063957214,0.9880825823495137,nan,2.9325485229492188e-05,0.0,True,True
k3_d2.0,position+grad,cnn_large,clean,1001,0.01,0.0,1.0,192,0.0022066053934395313,0.00041020119866658607,nan,0.0004949569702148438,0.9356377303060889,False,False
k3_d2.0,position+grad,cnn_large,clean,1002,0.01,0.03125,0.96875,192,0.005198424682021141,0.0004482353627994264,nan,0.005182147026062012,0.9351989818922398,False,False
k3_d2.0,position+grad,cnn_large,clean,1003,0.01,0.057291666666666664,0.9427083333333334,192,0.00824500061571598,0.0002438259979062766,nan,0.0026960372924804688,0.9348498838881273,False,False
k3_d2.0,position+grad,cnn_large,clean,1004,0.01,0.010416666666666666,0.9895833333333334,192,0.0034213545732200146,0.00022817886092964043,nan,0.0015715360641479492,0.9353353220200749,False,False
k3_d2.0,position+grad,cnn_large,clean,1005,0.01,0.036458333333333336,0.9635416666666666,192,0.0070365360006690025,0.00032277069996456304,nan,0.0012282133102416992,0.9349246256117648,False,False
k3_d2.0,position+grad,cnn_large,clean,1006,0.01,0.06770833333333333,0.9322916666666666,192,0.01139864232391119,0.0005260466000778546,nan,0.001043081283569336,0.9347862975748763,False,False
k3_d2.0,position+grad,cnn_large,clean,1007,0.01,0.09375,0.90625,192,0.01285390555858612,0.000296706801715213,nan,0.001183629035949707,0.9347028065778668,False,False
k3_d2.0,position+grad,cnn_large,clean,1008,0.01,0.036458333333333336,0.9635416666666666,192,0.006432073190808296,0.0002569298636160741,nan,0.003107786178588867,0.9352165033476386,False,False
k3_d2.0,position+grad,cnn_large,clean,1009,0.01,0.041666666666666664,0.9583333333333334,192,0.007881809957325459,0.0006555078022021831,nan,0.0013935565948486328,0.9347744759253254,False,False
k3_d2.0,position+grad,cnn_large,mixed,1000,0.01,0.0,1.0,192,0.9124189019203186,0.9880825624388295,nan,4.887580871582031e-05,0.0,True,True
k3_d2.0,position+grad,cnn_large,mixed,1001,0.01,0.2864583333333333,0.7135416666666666,192,0.003404928371310234,0.000408705456099826,nan,0.0017505884170532227,0.9331424540459334,False,False
k3_d2.0,position+grad,cnn_large,mixed,1002,0.01,0.2760416666666667,0.7239583333333334,192,0.0036029755137860775,0.0004288319002533565,nan,0.00043076276779174805,0.9328642881200985,False,False
k3_d2.0,position+grad,cnn_large,mixed,1003,0.01,0.296875,0.703125,192,0.003312435932457447,0.00124505148749915,nan,0.0014317035675048828,0.9333673207269811,False,False
k3_d2.0,position+grad,cnn_large,mixed,1004,0.01,0.2916666666666667,0.7083333333333334,192,0.002866234164685011,0.0003569948963990374,nan,0.00046634674072265625,0.9329758307582949,False,False
k3_d2.0,position+grad,cnn_large,mixed,1005,0.01,0.2864583333333333,0.7135416666666666,192,0.004787521902471781,0.0005134909066436134,nan,0.0009114742279052734,0.9329261890387245,False,False
k3_d2.0,position+grad,cnn_large,mixed,1006,0.01,0.3020833333333333,0.6979166666666666,192,0.002820094581693411,0.0004479799815879363,nan,0.0005415678024291992,0.9329864627695201,False,False
k3_d2.0,position+grad,cnn_large,mixed,1007,0.01,0.28125,0.71875,192,0.002886903937906027,0.0004597699198911171,nan,0.0005887746810913086,0.9331741116243859,False,False
k3_d2.0,position+grad,cnn_large,mixed,1008,0.01,0.2604166666666667,0.7395833333333334,192,0.004708419553935528,0.0004131504127220618,nan,0.000895380973815918,0.9335384178585843,False,False
k3_d2.0,position+grad,cnn_large,mixed,1009,0.01,0.2916666666666667,0.7083333333333334,192,0.0018384320428594947,0.00018926221067652757,nan,0.0004413127899169922,0.933082675468301,False,False
k3_d2.0,position+normal,free,clean,1000,0.05,0.10416666666666667,0.8958333333333334,192,0.01232234202325344,1.652063628575298e-06,nan,0.0006275177001953125,0.9344121369704446,False,False
k3_d2.0,position+normal,free,clean,1001,0.05,0.15625,0.84375,192,0.0142417186871171,1.658306468994984e-06,nan,0.0004169940948486328,0.9340592588287773,False,False
k3_d2.0,position+normal,free,clean,1002,0.05,0.0625,0.9375,192,0.012198973447084427,1.6994088679123244e-06,nan,0.001638650894165039,0.9346960479953211,False,False
k3_d2.0,position+normal,free,clean,1003,0.05,0.10416666666666667,0.8958333333333334,192,0.012310856953263283,1.6727605156091991e-06,nan,0.00039398670196533203,0.9345979943432118,False,False
k3_d2.0,position+normal,free,clean,1004,0.05,0.15104166666666666,0.8489583333333334,192,0.014064554125070572,1.7379428030371357e-06,nan,0.0004674196243286133,0.9340757065267775,False,False
k3_d2.0,position+normal,free,clean,1005,0.05,0.11458333333333333,0.8854166666666666,192,0.013734191656112671,1.702506016005092e-06,nan,0.0005078315734863281,0.9345701373441007,False,False
k3_d2.0,position+normal,free,clean,1006,0.05,0.08854166666666667,0.9114583333333334,192,0.011614406481385231,1.7096786201859174e-06,nan,0.00044155120849609375,0.9345402279331567,False,False
k3_d2.0,position+normal,free,clean,1007,0.05,0.08854166666666667,0.9114583333333334,192,0.01149366982281208,1.7134247643457313e-06,nan,0.0004107952117919922,0.9347587966425888,False,False
k3_d2.0,position+normal,free,clean,1008,0.05,0.09375,0.90625,192,0.012389764189720154,1.6778749540720925e-06,nan,0.0009002685546875,0.9344160146769989,False,False
k3_d2.0,position+normal,free,clean,1009,0.05,0.11458333333333333,0.8854166666666666,192,0.012774097733199596,1.7336855058855827e-06,nan,0.0017219781875610352,0.9344155404723694,False,False
k3_d2.0,position+normal,free,mixed,1000,0.05,0.3072916666666667,0.6927083333333334,192,0.008691217750310898,1.5947295962796053e-06,nan,0.0005928277969360352,0.9329955444061864,False,False
k3_d2.0,position+normal,free,mixed,1001,0.05,0.34375,0.65625,192,0.010542452335357666,1.6454055400236218e-06,nan,0.001508474349975586,0.9321323166755041,False,False
k3_d2.0,position+normal,free,mixed,1002,0.05,0.3125,0.6875,192,0.00842543039470911,1.6928924142832062e-06,nan,0.0006406307220458984,0.9326577201622621,False,False
k3_d2.0,position+normal,free,mixed,1003,0.05,0.3072916666666667,0.6927083333333334,192,0.008838115260004997,1.6555982844610112e-06,nan,0.0006575584411621094,0.93295817322618,False,False
k3_d2.0,position+normal,free,mixed,1004,0.05,0.3333333333333333,0.6666666666666666,192,0.01021050475537777,1.709884031135968e-06,nan,0.0012694597244262695,0.9326279116715299,False,False
k3_d2.0,position+normal,free,mixed,1005,0.05,0.3333333333333333,0.6666666666666666,192,0.010127466171979904,1.6466592873155524e-06,nan,0.0005370378494262695,0.9328171435243009,False,False
k3_d2.0,position+normal,free,mixed,1006,0.05,0.3020833333333333,0.6979166666666666,192,0.008143825456500053,1.666712885423422e-06,nan,0.0018765926361083984,0.933008089390395,False,False
k3_d2.0,position+normal,free,mixed,1007,0.05,0.3020833333333333,0.6979166666666666,192,0.008011143654584885,1.7067322467894277e-06,nan,0.001471400260925293,0.9331821800066012,False,False
k3_d2.0,position+normal,free,mixed,1008,0.05,0.3125,0.6875,192,0.008839943446218967,1.6334069645151667e-06,nan,0.0005985498428344727,0.9327444519285036,False,False
k3_d2.0,position+normal,free,mixed,1009,0.05,0.3177083333333333,0.6822916666666666,192,0.009069127961993217,1.69174156196622e-06,nan,0.0009409189224243164,0.9325586264783208,False,False
k3_d2.0,position+normal,cnn_small,clean,1000,0.01,0.125,0.875,192,0.006260588765144348,0.00016450114910369188,nan,0.0020617246627807617,0.9343039774889599,False,False
k3_d2.0,position+normal,cnn_small,clean,1001,0.01,0.09895833333333333,0.9010416666666666,192,0.005431819707155228,0.00016719205747034598,nan,0.0018358230590820312,0.9346186833816856,False,False
k3_d2.0,position+normal,cnn_small,clean,1002,0.01,0.09375,0.90625,192,0.0051627736538648605,0.00010352292712540483,nan,0.0025262832641601562,0.9342218772350326,False,False
k3_d2.0,position+normal,cnn_small,clean,1003,0.01,0.16666666666666666,0.8333333333333334,192,0.007339919917285442,5.4764702024577786e-05,nan,0.0011851787567138672,0.9334583886913246,False,False
k3_d2.0,position+normal,cnn_small,clean,1004,0.01,0.08854166666666667,0.9114583333333334,192,0.004785545635968447,0.00013214166033804762,nan,0.0017485618591308594,0.934422220179498,False,False
k3_d2.0,position+normal,cnn_small,clean,1005,0.01,0.15104166666666666,0.8489583333333334,192,0.0072505115531384945,0.00029871557419265795,nan,0.0007196664810180664,0.9347270211127956,False,False
k3_d2.0,position+normal,cnn_small,clean,1006,0.01,0.390625,0.609375,192,0.01652759127318859,0.0001670632417941005,nan,0.000970005989074707,0.9322066227819163,False,False
k3_d2.0,position+normal,cnn_small,clean,1007,0.01,0.140625,0.859375,192,0.007040322758257389,0.00010399755856806294,nan,0.0004172325134277344,0.9341904759140686,False,False
k3_d2.0,position+normal,cnn_small,clean,1008,0.01,0.19270833333333334,0.8072916666666666,192,0.008687098510563374,0.0001375759540169405,nan,0.0012521743774414062,0.9344087257045702,False,False
k3_d2.0,position+normal,cnn_small,clean,1009,0.01,0.125,0.875,192,0.006214777939021587,0.00019492570185154255,nan,0.0027573108673095703,0.9341235963243628,False,False
k3_d2.0,position+normal,cnn_small,mixed,1000,0.01,0.28125,0.71875,192,0.0013584638945758343,0.0001334886885345216,nan,0.0012581348419189453,0.932900684996562,False,False
k3_d2.0,position+normal,cnn_small,mixed,1001,0.01,0.2760416666666667,0.7239583333333334,192,0.0009792757919058204,3.5638556259979485e-05,nan,0.0009375810623168945,0.9329584399042469,False,False
k3_d2.0,position+normal,cnn_small,mixed,1002,0.01,0.2760416666666667,0.7239583333333334,192,0.00098417850676924,8.853817788011328e-05,nan,0.0014009475708007812,0.9329493890631557,False,False
k3_d2.0,position+normal,cnn_small,mixed,1003,0.01,0.2916666666666667,0.7083333333333334,192,0.0011504309950396419,0.00010911465575706764,nan,0.0014917850494384766,0.9328116600712297,False,False
k3_d2.0,position+normal,cnn_small,mixed,1004,0.01,0.28125,0.71875,192,0.001110734068788588,7.265226241949364e-05,nan,0.0012705326080322266,0.932918489987923,False,False
k3_d2.0,position+normal,cnn_small,mixed,1005,0.01,0.2864583333333333,0.7135416666666666,192,0.0011745401425287127,9.154180260262216e-05,nan,0.0010200738906860352,0.9329803159557933,False,False
k3_d2.0,position+normal,cnn_small,mixed,1006,0.01,0.4479166666666667,0.5520833333333334,192,0.008887879550457,0.00048652385862601034,nan,0.001409769058227539,0.9329063226014424,False,False
k3_d2.0,position+normal,cnn_small,mixed,1007,0.01,0.2864583333333333,0.7135416666666666,192,0.0009874658426269889,0.00019086976911329148,nan,0.001219034194946289,0.9330289326155407,False,False
k3_d2.0,position+normal,cnn_small,mixed,1008,0.01,0.28125,0.71875,192,0.0015387313906103373,0.00031571016580661103,nan,0.0015873908996582031,0.9330467988899466,False,False
k3_d2.0,position+normal,cnn_small,mixed,1009,0.01,0.2916666666666667,0.7083333333333334,192,0.001488426816649735,0.0002967269924878219,nan,0.0017980337142944336,0.9330504442872141,False,False
k3_d2.0,position+normal,cnn_large,clean,1000,0.01,0.10416666666666667,0.8958333333333334,192,0.006812229752540588,0.0022404790928104053,nan,0.0013631582260131836,0.9345590004665505,False,False
k3_d2.0,position+normal,cnn_large,clean,1001,0.01,0.07291666666666667,0.9270833333333334,192,0.0038174502551555634,0.0005166576816148646,nan,0.002512335777282715,0.9348107945763651,False,False
k3_d2.0,position+normal,cnn_large,clean,1002,0.01,0.057291666666666664,0.9427083333333334,192,0.0034006901551038027,0.0005027813069336626,nan,0.002344489097595215,0.9346267130968253,False,False
k3_d2.0,position+normal,cnn_large,clean,1003,0.01,0.078125,0.921875,192,0.004921107552945614,0.0007404698335269689,nan,0.0021131038665771484,0.9347796110537852,False,False
k3_d2.0,position+normal,cnn_large,clean,1004,0.01,0.046875,0.953125,192,0.003179769730195403,0.0002454752210078485,nan,0.0009473562240600586,0.9346762242411543,False,False
k3_d2.0,position+normal,cnn_large,clean,1005,0.01,0.06770833333333333,0.9322916666666666,192,0.004097037948668003,0.0007752338053700289,nan,0.0031598806381225586,0.9343273250478354,False,False
k3_d2.0,position+normal,cnn_large,clean,1006,0.01,0.19270833333333334,0.8072916666666666,192,0.010408326983451843,0.0018316871808088898,nan,0.004961490631103516,0.9333347375509258,False,False
k3_d2.0,position+normal,cnn_large,clean,1007,0.01,0.0625,0.9375,192,0.0044271983206272125,0.0015671507903227693,nan,0.0019942522048950195,0.9348714382731163,False,False
k3_d2.0,position+normal,cnn_large,clean,1008,0.01,0.09895833333333333,0.9010416666666666,192,0.00644424045458436,0.0011663235685674582,nan,0.003970503807067871,0.9345291275889859,False,False
k3_d2.0,position+normal,cnn_large,clean,1009,0.01,0.09895833333333333,0.9010416666666666,192,0.0050058020278811455,0.0009317488427757038,nan,0.0018225908279418945,0.9344205730231196,False,False
k3_d2.0,position+normal,cnn_large,mixed,1000,0.01,0.3125,0.6875,192,0.0029761686455458403,0.0013661720642518384,nan,0.0013123750686645508,0.93288897081009,False,False
k3_d2.0,position+normal,cnn_large,mixed,1001,0.01,0.2864583333333333,0.7135416666666666,192,0.0016436121659353375,0.0017028355858072516,nan,0.0009305477142333984,0.9330652127826771,False,False
k3_d2.0,position+normal,cnn_large,mixed,1002,0.01,0.3177083333333333,0.6822916666666666,192,0.002379615092650056,0.0006418008609035098,nan,0.002875208854675293,0.9329544494081579,False,False
k3_d2.0,position+normal,cnn_large,mixed,1003,0.01,0.3072916666666667,0.6927083333333334,192,0.0020261115860193968,0.000480400544973161,nan,0.0006979703903198242,0.9327775474877507,False,False
k3_d2.0,position+normal,cnn_large,mixed,1004,0.01,0.28125,0.71875,192,0.0015996709698811173,0.0006206801376168696,nan,0.00047719478607177734,0.9329645640849172,False,False
k3_d2.0,position+normal,cnn_large,mixed,1005,0.01,0.296875,0.703125,192,0.0024853930808603764,0.0009622772615525904,nan,0.00055694580078125,0.9328179299866335,False,False
k3_d2.0,position+normal,cnn_large,mixed,1006,0.01,0.2864583333333333,0.7135416666666666,192,0.002260222565382719,0.000863919566563139,nan,0.003651142120361328,0.9329698444916908,False,False
k3_d2.0,position+normal,cnn_large,mixed,1007,0.01,0.0,1.0,192,0.8876187205314636,0.9880825624388295,nan,1.8477439880371094e-05,0.0,True,True
k3_d2.0,position+normal,cnn_large,mixed,1008,0.01,0.265625,0.734375,192,0.0027379347011446953,0.0012821768830597244,nan,0.0005388259887695312,0.9326412580913384,False,False
k3_d2.0,position+normal,cnn_large,mixed,1009,0.01,0.3177083333333333,0.6822916666666666,192,0.003014072310179472,0.0006114232094302539,nan,0.0026186704635620117,0.9321914086314511,False,False
k3_d2.0,position_squared,free,clean,1000,0.05,0.2916666666666667,0.7083333333333334,192,0.0049062506295740604,0.0,nan,0.0,0.9331421270192948,False,False
k3_d2.0,position_squared,free,clean,1001,0.05,0.3489583333333333,0.6510416666666666,192,0.0056291669607162476,0.0,nan,0.0,0.9326427451040035,False,False
k3_d2.0,position_squared,free,clean,1002,0.05,0.3125,0.6875,192,0.005042708944529295,0.0,nan,0.0,0.9328472998133688,False,False
k3_d2.0,position_squared,free,clean,1003,0.05,0.2864583333333333,0.7135416666666666,192,0.00488229189068079,0.0,nan,0.0,0.9331939043396895,False,False
k3_d2.0,position_squared,free,clean,1004,0.05,0.3177083333333333,0.6822916666666666,192,0.0055197919718921185,0.0,nan,0.0,0.9327234556814636,False,False
k3_d2.0,position_squared,free,clean,1005,0.05,0.328125,0.671875,192,0.005451042205095291,0.0,nan,0.0,0.9329985503732303,False,False
k3_d2.0,position_squared,free,clean,1006,0.05,0.23958333333333334,0.7604166666666666,192,0.004633333999663591,0.0,nan,0.0,0.9333096928712037,False,False
k3_d2.0,position_squared,free,clean,1007,0.05,0.265625,0.734375,192,0.004594791680574417,0.0,nan,0.0,0.9333614544302351,False,False
k3_d2.0,position_squared,free,clean,1008,0.05,0.2916666666666667,0.7083333333333334,192,0.0049020834267139435,0.0,nan,0.0,0.9331778313804951,False,False
k3_d2.0,position_squared,free,clean,1009,0.05,0.3177083333333333,0.6822916666666666,192,0.005153125151991844,0.0,nan,0.0,0.9328308010488611,False,False
k3_d2.0,position_squared,free,mixed,1000,0.05,0.3541666666666667,0.6458333333333334,192,0.0019166378770023584,0.0,nan,0.0,0.932084390043012,False,False
k3_d2.0,position_squared,free,mixed,1001,0.05,0.3958333333333333,0.6041666666666666,192,0.002555555198341608,0.0,nan,0.0,0.9315088713589476,False,False
k3_d2.0,position_squared,free,mixed,1002,0.05,0.3645833333333333,0.6354166666666666,192,0.0020672716200351715,0.0,nan,0.0,0.931726326798752,False,False
k3_d2.0,position_squared,free,mixed,1003,0.05,0.3541666666666667,0.6458333333333334,192,0.0019406694918870926,0.0,nan,0.0,0.932104271869547,False,False
k3_d2.0,position_squared,free,mixed,1004,0.05,0.3854166666666667,0.6145833333333334,192,0.0023605581372976303,0.0,nan,0.0,0.9317368237897511,False,False
k3_d2.0,position_squared,free,mixed,1005,0.05,0.375,0.625,192,0.0023560028057545424,0.0,nan,0.0,0.9319349262818766,False,False
k3_d2.0,position_squared,free,mixed,1006,0.05,0.3333333333333333,0.6666666666666666,192,0.0017629259964451194,0.0,nan,0.0,0.9321967689178262,False,False
k3_d2.0,position_squared,free,mixed,1007,0.05,0.3385416666666667,0.6614583333333334,192,0.0017358176410198212,0.0,nan,0.0,0.9322755799420545,False,False
k3_d2.0,position_squared,free,mixed,1008,0.05,0.359375,0.640625,192,0.002014393685385585,0.0,nan,0.0,0.9319755686681885,False,False
k3_d2.0,position_squared,free,mixed,1009,0.05,0.3645833333333333,0.6354166666666666,192,0.0020668853539973497,0.0,nan,0.0,0.9318146122227485,False,False
k3_d2.0,position_squared,cnn_small,clean,1000,0.01,0.16145833333333334,0.8385416666666666,192,0.00156044599134475,0.0007252952361960897,nan,0.0005083084106445312,0.9346511910965376,False,False
k3_d2.0,position_squared,cnn_small,clean,1001,0.01,0.13541666666666666,0.8645833333333334,192,0.0014890285674482584,0.0007174802679551979,nan,0.0002897977828979492,0.934849628818768,False,False
k3_d2.0,position_squared,cnn_small,clean,1002,0.01,0.08333333333333333,0.9166666666666666,192,0.0009366252343170345,0.0010192766608866188,nan,0.0004849433898925781,0.9351580887733653,False,False
k3_d2.0,position_squared,cnn_small,clean,1003,0.01,0.171875,0.828125,192,0.001752953976392746,0.0007270371565220547,nan,0.00014221668243408203,0.9347927299269327,False,False
k3_d2.0,position_squared,cnn_small,clean,1004,0.01,0.109375,0.890625,192,0.001254191854968667,0.00023671998315929744,nan,0.0003458261489868164,0.934915200254106,False,False
k3_d2.0,position_squared,cnn_small,clean,1005,0.01,0.18229166666666666,0.8177083333333334,192,0.0017937863012775779,0.001124226010803193,nan,0.00037848949432373047,0.9346959608091798,False,False
k3_d2.0,position_squared,cnn_small,clean,1006,0.01,0.11458333333333333,0.8854166666666666,192,0.0012665597023442388,0.00034472116854695567,nan,0.00029969215393066406,0.9349985024834252,False,False
k3_d2.0,position_squared,cnn_small,clean,1007,0.01,0.18229166666666666,0.8177083333333334,192,0.0017985355807468295,0.0008217665873160025,nan,0.0003116130828857422,0.9345433348021467,False,False
k3_d2.0,position_squared,cnn_small,clean,1008,0.01,0.20833333333333334,0.7916666666666666,192,0.0020059896633028984,0.0008511071288703978,nan,0.0001678466796875,0.9346670723101308,False,False
k3_d2.0,position_squared,cnn_small,clean,1009,0.01,0.14583333333333334,0.8541666666666666,192,0.0014351789141073823,0.0005537658488987834,nan,0.0005819797515869141,0.9347637146820218,False,False
k3_d2.0,position_squared,cnn_small,mixed,1000,0.01,0.28125,0.71875,192,3.103828930761665e-05,0.0002448063513633927,nan,2.753734588623047e-05,0.9330917768808666,False,False
k3_d2.0,position_squared,cnn_small,mixed,1001,0.01,0.2916666666666667,0.7083333333333334,192,8.551257633371279e-05,0.0011292549651533083,nan,0.00017535686492919922,0.9330169420800629,False,False
k3_d2.0,position_squared,cnn_small,mixed,1002,0.01,0.28125,0.71875,192,1.5747460565762594e-05,0.0004264367878641192,nan,8.678436279296875e-05,0.9331276192683454,False,False
k3_d2.0,position_squared,cnn_small,mixed,1003,0.01,0.2916666666666667,0.7083333333333334,192,4.186431033303961e-05,0.0002964678188604147,nan,3.0159950256347656e-05,0.9331146000316257,False,False
k3_d2.0,position_squared,cnn_small,mixed,1004,0.01,0.2708333333333333,0.7291666666666666,192,2.2893778805155307e-05,0.00042871387949440217,nan,1.2278556823730469e-05,0.9331151744807217,False,False
k3_d2.0,position_squared,cnn_small,mixed,1005,0.01,0.3697916666666667,0.6302083333333334,192,0.00044780384632758796,0.002378033815055465,nan,0.00018405914306640625,0.9328048478898111,False,False
k3_d2.0,position_squared,cnn_small,mixed,1006,0.01,0.28125,0.71875,192,2.8033375201630406e-05,0.0004109751066694683,nan,1.9073486328125e-05,0.9330972371180004,False,False
k3_d2.0,position_squared,cnn_small,mixed,1007,0.01,0.3125,0.6875,192,0.00010536318586673588,0.0008296586101538648,nan,0.0001518726348876953,0.9330227602363549,False,False
k3_d2.0,position_squared,cnn_small,mixed,1008,0.01,0.2864583333333333,0.7135416666666666,192,6.547549128299579e-05,0.00042912063899438926,nan,0.00021517276763916016,0.9330049166018781,False,False
k3_d2.0,position_squared,cnn_small,mixed,1009,0.01,0.2864583333333333,0.7135416666666666,192,2.5707897293614224e-05,0.0006430835192053238,nan,6.127357482910156e-05,0.9331359773713696,False,False
k3_d2.0,position_squared,cnn_large,clean,1000,0.01,0.11979166666666667,0.8802083333333334,192,0.0014041768154129386,0.00757283017973622,nan,0.001957416534423828,0.9351618253169252,False,False
k3_d2.0,position_squared,cnn_large,clean,1001,0.01,0.109375,0.890625,192,0.0012490436201915145,0.0038878995586543656,nan,0.002239227294921875,0.9345337239744353,False,False
k3_d2.0,position_squared,cnn_large,clean,1002,0.01,0.13020833333333334,0.8697916666666666,192,0.0017141245771199465,0.0018339121534980904,nan,0.006763100624084473,0.9344564198007058,False,False
k3_d2.0,position_squared,cnn_large,clean,1003,0.01,0.078125,0.921875,192,0.0009117410518229008,0.0037453808303790806,nan,0.0013731718063354492,0.9350231389118883,False,False
k3_d2.0,position_squared,cnn_large,clean,1004,0.01,0.13541666666666666,0.8645833333333334,192,0.0013521002838388085,0.004956821409016047,nan,0.0008126497268676758,0.934898008397577,False,False
k3_d2.0,position_squared,cnn_large,clean,1005,0.01,0.21875,0.78125,192,0.0023926259018480778,0.00881601598271897,nan,0.0022954940795898438,0.9341882460274088,False,False
k3_d2.0,position_squared,cnn_large,clean,1006,0.01,0.078125,0.921875,192,0.0009358626557514071,0.004518141456237813,nan,0.0012558698654174805,0.9349709074115671,False,False
k3_d2.0,position_squared,cnn_large,clean,1007,0.01,0.08854166666666667,0.9114583333333334,192,0.0011637494899332523,0.002689855966121037,nan,0.0020682811737060547,0.9348789188387827,False,False
k3_d2.0,position_squared,cnn_large,clean,1008,0.01,0.2604166666666667,0.7395833333333334,192,0.0032328064553439617,0.00807357187349764,nan,0.0011752843856811523,0.9338420345494224,False,False
k3_d2.0,position_squared,cnn_large,clean,1009,0.01,0.08854166666666667,0.9114583333333334,192,0.000978819327428937,0.002634904612056074,nan,0.001717686653137207,0.9349884927981998,False,False
k3_d2.0,position_squared,cnn_large,mixed,1000,0.01,0.2864583333333333,0.7135416666666666,192,9.718352521304041e-05,0.0022465024421328217,nan,0.0003682374954223633,0.933090225775506,False,False
k3_d2.0,position_squared,cnn_large,mixed,1001,0.01,0.359375,0.640625,192,0.0006361473351716995,0.005242482063850006,nan,0.0012296438217163086,0.9325487753823897,False,False
k3_d2.0,position_squared,cnn_large,mixed,1002,0.01,0.0,1.0,192,0.8701815009117126,0.9847422166237149,nan,3.337860107421875e-06,0.0,True,True
k3_d2.0,position_squared,cnn_large,mixed,1003,0.01,0.2864583333333333,0.7135416666666666,192,0.00010201943950960413,0.003204248395347304,nan,0.0003178119659423828,0.9330010493874438,False,False
k3_d2.0,position_squared,cnn_large,mixed,1004,0.01,0.28125,0.71875,192,5.76734310016036e-05,0.0016600159277655002,nan,0.00018393993377685547,0.933066184822883,False,False
k3_d2.0,position_squared,cnn_large,mixed,1005,0.01,0.2864583333333333,0.7135416666666666,192,6.374792428687215e-05,0.0039521154981280275,nan,0.000484466552734375,0.933072005007615,False,False
k3_d2.0,position_squared,cnn_large,mixed,1006,0.01,0.2864583333333333,0.7135416666666666,192,4.480393181438558e-05,0.0015023294527088005,nan,0.00022983551025390625,0.9329512670134877,False,False
k3_d2.0,position_squared,cnn_large,mixed,1007,0.01,0.2864583333333333,0.7135416666666666,192,8.250561222666875e-05,0.001894975216695699,nan,0.00027126073837280273,0.9330142153198362,False,False
k3_d2.0,position_squared,cnn_large,mixed,1008,0.01,0.3072916666666667,0.6927083333333334,192,0.0002744563389569521,0.0029891913150778865,nan,0.0014270544052124023,0.9329537346670814,False,False
k3_d2.0,position_squared,cnn_large,mixed,1009,0.01,0.296875,0.703125,192,0.00013392590335570276,0.0027267525460598573,nan,0.0008842945098876953,0.9330735694591061,False,False
slanted_d1.0,position,free,clean,1000,0.05,0.0,1.0,96,0.0035424798261374235,1.2427598990961394e-06,5.555152893066406e-05,0.0017311573028564453,0.6184401698046184,False,False
slanted_d1.0,position,free,clean,1001,0.05,0.0,1.0,96,0.00421956367790699,1.2427598990961394e-06,6.556510925292969e-05,0.0020303726196289062,0.6175450856264434,False,False
slanted_d1.0,position,free,clean,1002,0.05,0.0,1.0,96,0.003438313491642475,1.2427598990961394e-06,4.935264587402344e-05,0.0019412040710449219,0.6178422370389849,False,False
slanted_d1.0,position,free,clean,1003,0.05,0.0,1.0,96,0.003581543918699026,1.2427598990961394e-06,5.2928924560546875e-05,0.0018813610076904297,0.6185197375814099,False,False
slanted_d1.0,position,free,clean,1004,0.05,0.0,1.0,96,0.004141442012041807,1.2427598990961394e-06,5.936622619628906e-05,0.0020208358764648438,0.6183726696825309,False,False
slanted_d1.0,position,free,clean,1005,0.05,0.0,1.0,96,0.004167485516518354,1.2427598990961394e-06,6.556510925292969e-05,0.0020303726196289062,0.6188114950698214,False,False
slanted_d1.0,position,free,clean,1006,0.05,0.0,1.0,96,0.0033341471571475267,1.2427598990961394e-06,2.6226043701171875e-05,0.0008270740509033203,0.6183727545058206,False,False
slanted_d1.0,position,free,clean,1007,0.05,0.0,1.0,96,0.0033081069122999907,1.2427598990961394e-06,4.935264587402344e-05,0.0019412040710449219,0.6186578150044921,False,False
slanted_d1.0,position,free,clean,1008,0.05,0.0,1.0,96,0.003581544617190957,1.2427598990961394e-06,6.556510925292969e-05,0.0020303726196289062,0.618076544455031,False,False
slanted_d1.0,position,free,clean,1009,0.05,0.0,1.0,96,0.0036987322382628918,1.2427598990961394e-06,6.508827209472656e-05,0.0020303726196289062,0.6180765036151339,False,False
slanted_d1.0,position,free,mixed,1000,0.05,0.3020833333333333,0.6979166666666666,96,0.0036732081789523363,0.0004883728248403135,1.3589859008789062e-05,0.0012700557708740234,0.6165936720670256,False,False
slanted_d1.0,position,free,mixed,1001,0.05,0.2916666666666667,0.7083333333333334,96,0.004302484914660454,0.0004883728248403135,4.0531158447265625e-05,0.0016448497772216797,0.6156065373768139,False,False
slanted_d1.0,position,free,mixed,1002,0.05,0.2916666666666667,0.7083333333333334,96,0.003495187731459737,0.0004883728248403135,4.5299530029296875e-05,0.0014271736145019531,0.615968631188836,False,False
slanted_d1.0,position,free,mixed,1003,0.05,0.2916666666666667,0.7083333333333334,96,0.003743809647858143,0.0004883728248403135,6.365776062011719e-05,0.0016391277313232422,0.6166188461975328,False,False
slanted_d1.0,position,free,mixed,1004,0.05,0.2916666666666667,0.7083333333333334,96,0.004293124191462994,0.0004883728248403135,5.984306335449219e-05,0.0017287731170654297,0.6164718800590483,False,False
slanted_d1.0,position,free,mixed,1005,0.05,0.3020833333333333,0.6979166666666666,96,0.0042512137442827225,0.0004883728248403135,5.269050598144531e-05,0.0017101764678955078,0.6169424232152091,False,False
slanted_d1.0,position,free,mixed,1006,0.05,0.2916666666666667,0.7083333333333334,96,0.003445548238232732,0.0004883728248403135,3.2901763916015625e-05,0.0005679130554199219,0.6164861384268873,False,False
slanted_d1.0,position,free,mixed,1007,0.05,0.2916666666666667,0.7083333333333334,96,0.0033932619262486696,0.0004883728248403135,3.552436828613281e-05,0.0012733936309814453,0.6168402645602893,False,False
slanted_d1.0,position,free,mixed,1008,0.05,0.2916666666666667,0.7083333333333334,96,0.003679313464090228,0.0004883728248403135,2.5033950805664062e-05,0.0013091564178466797,0.6161513515246381,False,False
slanted_d1.0,position,free,mixed,1009,0.05,0.2916666666666667,0.7083333333333334,96,0.003828238695859909,0.0004883728248403135,3.8623809814453125e-05,0.0016930103302001953,0.6161513038284208,False,False
slanted_d1.0,position,cnn_small,clean,1000,0.01,0.052083333333333336,0.9479166666666666,96,0.05388573557138443,0.06818606908519946,nan,0.002067089080810547,0.6130512816439839,False,False
slanted_d1.0,position,cnn_small,clean,1001,0.01,0.0,1.0,96,0.0529649443924427,0.06787126002484235,nan,0.016171693801879883,0.6128635885330527,False,False
slanted_d1.0,position,cnn_small,clean,1002,0.01,0.09375,0.90625,96,0.05482827499508858,0.06838653402718506,nan,0.0020051002502441406,0.6128948321451593,False,False
slanted_d1.0,position,cnn_small,clean,1003,0.01,0.052083333333333336,0.9479166666666666,96,0.05424470454454422,0.06838649512018954,nan,0.0019989013671875,0.6132210131083085,False,False
slanted_d1.0,position,cnn_small,clean,1004,0.01,0.03125,0.96875,96,0.05353621393442154,0.06812933587118405,nan,0.00254058837890625,0.6130462279272629,False,False
slanted_d1.0,position,cnn_small,clean,1005,0.01,0.052083333333333336,0.9479166666666666,96,0.05402078106999397,0.0682953401797103,nan,0.0057621002197265625,0.612884377021041,False,False
slanted_d1.0,position,cnn_small,clean,1006,0.01,0.0,1.0,96,0.5323439836502075,0.741001285208692,nan,0.0,0.0,True,True
slanted_d1.0,position,cnn_small,clean,1007,0.01,0.052083333333333336,0.9479166666666666,96,0.05430511012673378,0.06863422442868096,nan,0.0021805763244628906,0.6134009335005971,False,False
slanted_d1.0,position,cnn_small,clean,1008,0.01,0.16666666666666666,0.8333333333333334,96,0.05667934566736221,0.06907457372127584,nan,0.0005736351013183594,0.6132313870228118,False,False
slanted_d1.0,position,cnn_small,clean,1009,0.01,0.052083333333333336,0.9479166666666666,96,0.05435720458626747,0.06851975946319527,nan,0.0032596588134765625,0.6132528471045958,False,False
slanted_d1.0,position,cnn_small,mixed,1000,0.01,0.2916666666666667,0.7083333333333334,96,0.052907589823007584,0.06798365804827608,nan,0.0012738704681396484,0.6110240424103669,False,False
slanted_d1.0,position,cnn_small,mixed,1001,0.01,0.2916666666666667,0.7083333333333334,96,0.05317271128296852,0.06806573415392007,nan,0.0006403923034667969,0.6113947946710717,False,False
slanted_d1.0,position,cnn_small,mixed,1002,0.01,0.2916666666666667,0.7083333333333334,96,0.052723150700330734,0.06779493045054642,nan,0.002331972122192383,0.6109566903239588,False,False
slanted_d1.0,position,cnn_small,mixed,1003,0.01,0.2916666666666667,0.7083333333333334,96,0.05332121253013611,0.06829711883050184,nan,0.0040836334228515625,0.6116791687811157,False,False
slanted_d1.0,position,cnn_small,mixed,1004,0.01,0.2916666666666667,0.7083333333333334,96,0.05309215560555458,0.06810432771048912,nan,0.0017130374908447266,0.6113359695565285,False,False
slanted_d1.0,position,cnn_small,mixed,1005,0.01,0.2916666666666667,0.7083333333333334,96,0.05320259928703308,0.06826626252675926,nan,0.0006189346313476562,0.6113229632245443,False,False
slanted_d1.0,position,cnn_small,mixed,1006,0.01,0.2916666666666667,0.7083333333333334,96,0.055098630487918854,0.06899482193555527,nan,0.003615856170654297,0.6136149976772916,False,False
slanted_d1.0,position,cnn_small,mixed,1007,0.01,0.2916666666666667,0.7083333333333334,96,0.05300326645374298,0.068063481360109,nan,0.00171661376953125,0.6112076768285125,False,False
slanted_d1.0,position,cnn_small,mixed,1008,0.01,0.2916666666666667,0.7083333333333334,96,0.05415531247854233,0.0689553969000586,nan,0.0003719329833984375,0.6123666387888372,False,False
slanted_d1.0,position,cnn_small,mixed,1009,0.01,0.2916666666666667,0.7083333333333334,96,0.05343833938241005,0.06840939222726179,nan,0.0017390251159667969,0.6116374500395746,False,False
slanted_d1.0,position,cnn_large,clean,1000,0.01,0.0625,0.9375,96,0.018257789313793182,0.026838969559723026,nan,0.003682374954223633,0.6184789151081466,False,False
slanted_d1.0,position,cnn_large,clean,1001,0.01,0.020833333333333332,0.9791666666666666,96,0.018189916387200356,0.02745482436414901,nan,0.0013723373413085938,0.6186608463742012,False,False
slanted_d1.0,position,cnn_large,clean,1002,0.01,0.041666666666666664,0.9583333333333334,96,0.018347159028053284,0.027078076614117645,nan,0.02455592155456543,0.6185943611662948,False,False
slanted_d1.0,position,cnn_large,clean,1003,0.01,0.052083333333333336,0.9479166666666666,96,0.018603365868330002,0.027050504135097422,nan,0.0031774044036865234,0.617597728811804,False,False
slanted_d1.0,position,cnn_large,clean,1004,0.01,0.0625,0.9375,96,0.019145648926496506,0.02702133809417874,nan,0.0019652843475341797,0.6176242183004751,False,False
slanted_d1.0,position,cnn_large,clean,1005,0.01,0.08333333333333333,0.9166666666666666,96,0.023159509524703026,0.03152468921499479,nan,0.011202573776245117,0.617532961435269,False,False
slanted_d1.0,position,cnn_large,clean,1006,0.01,0.041666666666666664,0.9583333333333334,96,0.018251711502671242,0.026510363515395385,nan,0.003635883331298828,0.6170766238253235,False,False
slanted_d1.0,position,cnn_large,clean,1007,0.01,0.052083333333333336,0.9479166666666666,96,0.021970627829432487,0.0301617617421592,nan,0.004470348358154297,0.6186960133466824,False,False
slanted_d1.0,position,cnn_large,clean,1008,0.01,0.041666666666666664,0.9583333333333334,96,0.017586667090654373,0.026460227622395475,nan,0.004868268966674805,0.6178451092131052,False,False
slanted_d1.0,position,cnn_large,clean,1009,0.01,0.09375,0.90625,96,0.020808683708310127,0.028341524192010123,nan,0.0061299800872802734,0.6169569163940506,False,False
slanted_d1.0,position,cnn_large,mixed,1000,0.01,0.2916666666666667,0.7083333333333334,96,0.01710420660674572,0.0264136183679134,nan,0.0016026496887207031,0.6165427005692371,False,False
slanted_d1.0,position,cnn_large,mixed,1001,0.01,0.28125,0.71875,96,0.018460320308804512,0.027467125061500647,nan,0.0009942054748535156,0.6162192329825193,False,False
slanted_d1.0,position,cnn_large,mixed,1002,0.01,0.2916666666666667,0.7083333333333334,96,0.018886303529143333,0.027710112919918074,nan,0.0024261474609375,0.6166529492311756,False,False
slanted_d1.0,position,cnn_large,mixed,1003,0.01,0.0,1.0,96,0.5332523584365845,0.7404512459441165,nan,0.0,0.0,True,True
slanted_d1.0,position,cnn_large,mixed,1004,0.01,0.28125,0.71875,96,0.017676599323749542,0.02647915873229371,nan,0.0021200180053710938,0.615690290451893,False,False
slanted_d1.0,position,cnn_large,mixed,1005,0.01,0.2916666666666667,0.7083333333333334,96,0.01919131726026535,0.028090213736324705,nan,0.0018506050109863281,0.6165306250291931,False,False
slanted_d1.0,position,cnn_large,mixed,1006,0.01,0.28125,0.71875,96,0.018477339297533035,0.02693524036836353,nan,0.0011878013610839844,0.6162737451309834,False,False
slanted_d1.0,position,cnn_large,mixed,1007,0.01,0.28125,0.71875,96,0.017750829458236694,0.02697734420443734,nan,0.0031585693359375,0.6155525448646411,False,False
slanted_d1.0,position,cnn_large,mixed,1008,0.01,0.3229166666666667,0.6770833333333334,96,0.023292459547519684,0.03460011995774584,nan,0.0034241676330566406,0.6157316925100458,False,False
slanted_d1.0,position,cnn_large,mixed,1009,0.01,0.3020833333333333,0.6979166666666666,96,0.01813589222729206,0.02665391721359629,nan,0.0013780593872070312,0.6164762614442791,False,False
slanted_d1.0,position+both,free,clean,1000,0.05,0.07291666666666667,0.9270833333333334,96,0.015446322970092297,3.6540422547919465e-07,nan,0.00038552284240722656,0.6178253790434791,False,False
slanted_d1.0,position+both,free,clean,1001,0.05,0.08333333333333333,0.9166666666666666,96,0.017681438475847244,3.309479694984343e-07,nan,0.0005483627319335938,0.617063760400732,False,False
slanted_d1.0,position+both,free,clean,1002,0.05,0.020833333333333332,0.9791666666666666,96,0.01497618854045868,3.735150887291897e-07,nan,0.00074005126953125,0.6176404285335488,False,False
slanted_d1.0,position+both,free,clean,1003,0.05,0.08333333333333333,0.9166666666666666,96,0.015526905655860901,3.3970024930188604e-07,nan,0.0005710124969482422,0.6179527613634789,False,False
slanted_d1.0,position+both,free,clean,1004,0.05,0.09375,0.90625,96,0.017565922811627388,3.5374836149478147e-07,nan,0.00045800209045410156,0.6175028362459842,False,False
slanted_d1.0,position+both,free,clean,1005,0.05,0.10416666666666667,0.8958333333333334,96,0.017515862360596657,3.371747880871523e-07,nan,0.0014595985412597656,0.6180395866676154,False,False
slanted_d1.0,position+both,free,clean,1006,0.05,0.0625,0.9375,96,0.014747558161616325,3.5264043511603383e-07,nan,0.0004165172576904297,0.6179351279608887,False,False
slanted_d1.0,position+both,free,clean,1007,0.05,0.041666666666666664,0.9583333333333334,96,0.014614083804190159,3.533988652512169e-07,nan,0.0007178783416748047,0.6182305976514042,False,False
slanted_d1.0,position+both,free,clean,1008,0.05,0.041666666666666664,0.9583333333333334,96,0.015488817356526852,3.5831827058581266e-07,nan,0.0027000904083251953,0.6176800090979135,False,False
slanted_d1.0,position+both,free,clean,1009,0.05,0.09375,0.90625,96,0.01585145853459835,3.4036650700578736e-07,nan,0.00047707557678222656,0.617412246699467,False,False
slanted_d1.0,position+both,free,mixed,1000,0.05,0.3125,0.6875,96,0.01138643641024828,0.0004882876820096159,nan,0.0010023117065429688,0.6162803451412461,False,False
slanted_d1.0,position+both,free,mixed,1001,0.05,0.3333333333333333,0.6666666666666666,96,0.013086129911243916,0.000488276538024934,nan,0.0005285739898681641,0.6152712788848409,False,False
slanted_d1.0,position+both,free,mixed,1002,0.05,0.3020833333333333,0.6979166666666666,96,0.010876454412937164,0.00048827998832622993,nan,0.0007669925689697266,0.6158109849773951,False,False
slanted_d1.0,position+both,free,mixed,1003,0.05,0.3333333333333333,0.6666666666666666,96,0.011539418250322342,0.0004882808646060814,nan,0.0005857944488525391,0.6162855757659044,False,False
slanted_d1.0,position+both,free,mixed,1004,0.05,0.3333333333333333,0.6666666666666666,96,0.013099153526127338,0.00048827308841632,nan,0.0007770061492919922,0.6158759036239878,False,False
slanted_d1.0,position+both,free,mixed,1005,0.05,0.3645833333333333,0.6354166666666666,96,0.012942825444042683,0.0004882805043508585,nan,0.001211404800415039,0.6164041959158538,False,False
slanted_d1.0,position+both,free,mixed,1006,0.05,0.3020833333333333,0.6979166666666666,96,0.010731351561844349,0.0004882763625988171,nan,0.0005841255187988281,0.6162448003870452,False,False
slanted_d1.0,position+both,free,mixed,1007,0.05,0.3229166666666667,0.6770833333333334,96,0.010539434850215912,0.00048827929539970615,nan,0.0009915828704833984,0.6165919941983634,False,False
slanted_d1.0,position+both,free,mixed,1008,0.05,0.3229166666666667,0.6770833333333334,96,0.011402145959436893,0.0004882963171369064,nan,0.0013382434844970703,0.6159043980730289,False,False
slanted_d1.0,position+both,free,mixed,1009,0.05,0.3333333333333333,0.6666666666666666,96,0.01176529098302126,0.00048827982196996404,nan,0.0013260841369628906,0.6157413674297076,False,False
slanted_d1.0,position+both,cnn_small,clean,1000,0.01,0.010416666666666666,0.9895833333333334,96,0.06426980346441269,0.06820187798807134,nan,0.003270387649536133,0.6134989771234683,False,False
slanted_d1.0,position+both,cnn_small,clean,1001,0.01,0.0,1.0,96,0.06434281170368195,0.0681487024309736,nan,0.0005564689636230469,0.6137222854294018,False,False
slanted_d1.0,position+both,cnn_small,clean,1002,0.01,0.010416666666666666,0.9895833333333334,96,0.06495976448059082,0.06856282298370446,nan,0.010944604873657227,0.6139954129653651,False,False
slanted_d1.0,position+both,cnn_small,clean,1003,0.01,0.020833333333333332,0.9791666666666666,96,0.06494247913360596,0.0685495733469604,nan,0.0018486976623535156,0.6138711541382446,False,False
slanted_d1.0,position+both,cnn_small,clean,1004,0.01,0.010416666666666666,0.9895833333333334,96,0.06461590528488159,0.06832176115355194,nan,0.005134105682373047,0.61368069879753,False,False
slanted_d1.0,position+both,cnn_small,clean,1005,0.01,0.020833333333333332,0.9791666666666666,96,0.06526340544223785,0.06861999244158623,nan,0.009041786193847656,0.6139117945165465,False,False
slanted_d1.0,position+both,cnn_small,clean,1006,0.01,0.0,1.0,96,0.562904417514801,0.738877789368918,nan,0.0,0.0,True,True
slanted_d1.0,position+both,cnn_small,clean,1007,0.01,0.041666666666666664,0.9583333333333334,96,0.06662416458129883,0.06865230535482957,nan,0.006352901458740234,0.6138256560671975,False,False
slanted_d1.0,position+both,cnn_small,clean,1008,0.01,0.020833333333333332,0.9791666666666666,96,0.06918022036552429,0.06990137085283056,nan,0.002206087112426758,0.6097765874785912,False,False
slanted_d1.0,position+both,cnn_small,clean,1009,0.01,0.010416666666666666,0.9895833333333334,96,0.06500333547592163,0.06867102879551386,nan,0.008695602416992188,0.614044125250312,False,False
slanted_d1.0,position+both,cnn_small,mixed,1000,0.01,0.3020833333333333,0.6979166666666666,96,0.0631452277302742,0.06786708738415193,nan,0.0023131370544433594,0.611449543235848,False,False
slanted_d1.0,position+both,cnn_small,mixed,1001,0.01,0.2916666666666667,0.7083333333333334,96,0.06384657323360443,0.06828752616230954,nan,0.0014147758483886719,0.6121500691016695,False,False
slanted_d1.0,position+both,cnn_small,mixed,1002,0.01,0.2916666666666667,0.7083333333333334,96,0.06345317512750626,0.0680269536599515,nan,0.0014302730560302734,0.6116689890262752,False,False
slanted_d1.0,position+both,cnn_small,mixed,1003,0.01,0.2916666666666667,0.7083333333333334,96,0.06352058798074722,0.06813384585539342,nan,0.001308441162109375,0.6117888413070559,False,False
slanted_d1.0,position+both,cnn_small,mixed,1004,0.01,0.3020833333333333,0.6979166666666666,96,0.06346883624792099,0.06811168648898248,nan,0.0010929107666015625,0.6117677881518945,False,False
slanted_d1.0,position+both,cnn_small,mixed,1005,0.01,0.2916666666666667,0.7083333333333334,96,0.06383813917636871,0.06852706293739465,nan,0.0009214878082275391,0.612095369876797,False,False
slanted_d1.0,position+both,cnn_small,mixed,1006,0.01,0.0,1.0,96,0.5608939528465271,0.738669810351843,nan,0.0,0.0,True,True
slanted_d1.0,position+both,cnn_small,mixed,1007,0.01,0.2916666666666667,0.7083333333333334,96,0.06369522958993912,0.06833710906594231,nan,0.0011408329010009766,0.6119477511819903,False,False
slanted_d1.0,position+both,cnn_small,mixed,1008,0.01,0.2916666666666667,0.7083333333333334,96,0.06454973667860031,0.06886178798050104,nan,0.00104522705078125,0.6126162294962803,False,False
slanted_d1.0,position+both,cnn_small,mixed,1009,0.01,0.3020833333333333,0.6979166666666666,96,0.06397327035665512,0.06852393732250986,nan,0.0014290809631347656,0.6122685268639864,False,False
slanted_d1.0,position+both,cnn_large,clean,1000,0.01,0.020833333333333332,0.9791666666666666,96,0.02552173100411892,0.027988626978176254,nan,0.002797365188598633,0.616233444545375,False,False
slanted_d1.0,position+both,cnn_large,clean,1001,0.01,0.010416666666666666,0.9895833333333334,96,0.025702713057398796,0.028032235156316147,nan,0.005517482757568359,0.6166634561688051,False,False
slanted_d1.0,position+both,cnn_large,clean,1002,0.01,0.0,1.0,96,0.026621880009770393,0.02842768142052242,nan,0.008342266082763672,0.6145428576638123,False,False
slanted_d1.0,position+both,cnn_large,clean,1003,0.01,0.041666666666666664,0.9583333333333334,96,0.026709411293268204,0.027282221817592718,nan,0.0007479190826416016,0.6158811691772106,False,False
slanted_d1.0,position+both,cnn_large,clean,1004,0.01,0.0,1.0,96,0.024561822414398193,0.028146440691204345,nan,0.001699209213256836,0.617029392450815,False,False
slanted_d1.0,position+both,cnn_large,clean,1005,0.01,0.052083333333333336,0.9479166666666666,96,0.029717493802309036,0.02862911115412313,nan,0.002550840377807617,0.6164521032287227,False,False
slanted_d1.0,position+both,cnn_large,clean,1006,0.01,0.010416666666666666,0.9895833333333334,96,0.0234543364495039,0.026333388038302312,nan,0.004809141159057617,0.6181756916385901,False,False
slanted_d1.0,position+both,cnn_large,clean,1007,0.01,0.010416666666666666,0.9895833333333334,96,0.023160096257925034,0.026814505434879753,nan,0.022275924682617188,0.6161924994675904,False,False
slanted_d1.0,position+both,cnn_large,clean,1008,0.01,0.020833333333333332,0.9791666666666666,96,0.026405487209558487,0.028796691987876915,nan,0.013010025024414062,0.6165990567726173,False,False
slanted_d1.0,position+both,cnn_large,clean,1009,0.01,0.010416666666666666,0.9895833333333334,96,0.024190975353121758,0.02764946091719294,nan,0.005718708038330078,0.6164705608738555,False,False
slanted_d1.0,position+both,cnn_large,mixed,1000,0.01,0.0,1.0,96,0.5606995820999146,0.740322794935275,nan,5.0067901611328125e-06,0.0,True,True
slanted_d1.0,position+both,cnn_large,mixed,1001,0.01,0.28125,0.71875,96,0.022084971889853477,0.02697584856775211,nan,0.0007796287536621094,0.6142451266254133,False,False
slanted_d1.0,position+both,cnn_large,mixed,1002,0.01,0.2916666666666667,0.7083333333333334,96,0.024907488375902176,0.028088447595237445,nan,0.001430511474609375,0.6153409308863884,False,False
slanted_d1.0,position+both,cnn_large,mixed,1003,0.01,0.2916666666666667,0.7083333333333334,96,0.023365149274468422,0.027720996667283164,nan,0.0003616809844970703,0.6147244022920009,False,False
slanted_d1.0,position+both,cnn_large,mixed,1004,0.01,0.2916666666666667,0.7083333333333334,96,0.02374941296875477,0.027700600553365356,nan,0.001176595687866211,0.6149041768018113,False,False
slanted_d1.0,position+both,cnn_large,mixed,1005,0.01,0.0,1.0,96,0.5613726377487183,0.7376341939699773,nan,4.744529724121094e-05,0.0,True,True
slanted_d1.0,position+both,cnn_large,mixed,1006,0.01,0.28125,0.71875,96,0.023411044850945473,0.02693910415103518,nan,0.0034193992614746094,0.6148414024463963,False,False
slanted_d1.0,position+both,cnn_large,mixed,1007,0.01,0.28125,0.71875,96,0.02348792739212513,0.027580938068991246,nan,0.0009722709655761719,0.6146453284780596,False,False
slanted_d1.0,position+both,cnn_large,mixed,1008,0.01,0.2916666666666667,0.7083333333333334,96,0.02362898550927639,0.02808844328487301,nan,0.0006396770477294922,0.6147288209924237,False,False
slanted_d1.0,position+both,cnn_large,mixed,1009,0.01,0.28125,0.71875,96,0.025911496952176094,0.02886303864168998,nan,0.0043408870697021484,0.6147673939529998,False,False
slanted_d1.0,position+conf,free,clean,1000,0.05,0.0,1.0,96,-1.09480881690979,8.332053444379976e-07,nan,0.001277923583984375,0.618440275587243,False,False
slanted_d1.0,position+conf,free,clean,1001,0.05,0.0,1.0,96,-1.0938574075698853,8.332053444379976e-07,nan,0.0013132095336914062,0.6175451941142182,False,False
slanted_d1.0,position+conf,free,clean,1002,0.05,0.0,1.0,96,-1.0943814516067505,8.332053444379976e-07,nan,0.0014538764953613281,0.6178423423295252,False,False
slanted_d1.0,position+conf,free,clean,1003,0.05,0.0,1.0,96,-1.0961666107177734,8.332053444379976e-07,nan,0.0019652843475341797,0.6185198227400265,False,False
slanted_d1.0,position+conf,free,clean,1004,0.05,0.0,1.0,96,-1.0936930179595947,8.332053444379976e-07,nan,0.0019259452819824219,0.6183727711745963,False,False
slanted_d1.0,position+conf,free,clean,1005,0.05,0.0,1.0,96,-1.0941648483276367,8.332053444379976e-07,nan,0.0019259452819824219,0.618811610629965,False,False
slanted_d1.0,position+conf,free,clean,1006,0.05,0.0,1.0,96,-1.0953110456466675,8.332053444379976e-07,nan,0.0010824203491210938,0.6183728511716643,False,False
slanted_d1.0,position+conf,free,clean,1007,0.05,0.0,1.0,96,-1.0959651470184326,8.332053444379976e-07,nan,0.0015990734100341797,0.6186579031046922,False,False
slanted_d1.0,position+conf,free,clean,1008,0.05,0.0,1.0,96,-1.0950932502746582,8.332053444379976e-07,nan,0.001821279525756836,0.6180766474756796,False,False
slanted_d1.0,position+conf,free,clean,1009,0.05,0.0,1.0,96,-1.094464898109436,8.332053444379976e-07,nan,0.001821279525756836,0.6180766058622287,False,False
slanted_d1.0,position+conf,free,mixed,1000,0.05,0.3020833333333333,0.6979166666666666,96,-1.085960865020752,0.0004884247117790465,nan,0.0010824203491210938,0.6165938128406185,False,False
slanted_d1.0,position+conf,free,mixed,1001,0.05,0.2916666666666667,0.7083333333333334,96,-1.0844873189926147,0.0004884247117790465,nan,0.001623392105102539,0.6156066969548579,False,False
slanted_d1.0,position+conf,free,mixed,1002,0.05,0.2916666666666667,0.7083333333333334,96,-1.0855058431625366,0.0004884247117790465,nan,0.0015316009521484375,0.6159687769848949,False,False
slanted_d1.0,position+conf,free,mixed,1003,0.05,0.2916666666666667,0.7083333333333334,96,-1.0863008499145508,0.0004884247117790465,nan,0.0014889240264892578,0.6166190082045054,False,False
slanted_d1.0,position+conf,free,mixed,1004,0.05,0.2916666666666667,0.7083333333333334,96,-1.0843695402145386,0.0004884247117790465,nan,0.001847982406616211,0.6164720378334343,False,False
slanted_d1.0,position+conf,free,mixed,1005,0.05,0.3020833333333333,0.6979166666666666,96,-1.084741234779358,0.0004884247117790465,nan,0.0018265247344970703,0.6169425732919148,False,False
slanted_d1.0,position+conf,free,mixed,1006,0.05,0.2916666666666667,0.7083333333333334,96,-1.086542010307312,0.0004884247117790465,nan,0.001119375228881836,0.6164863062462393,False,False
slanted_d1.0,position+conf,free,mixed,1007,0.05,0.2916666666666667,0.7083333333333334,96,-1.0867421627044678,0.0004884247117790465,nan,0.001558542251586914,0.6168404066349704,False,False
slanted_d1.0,position+conf,free,mixed,1008,0.05,0.2916666666666667,0.7083333333333334,96,-1.0859631299972534,0.0004884247117790465,nan,0.0015375614166259766,0.6161515068319819,False,False
slanted_d1.0,position+conf,free,mixed,1009,0.05,0.2916666666666667,0.7083333333333334,96,-1.0852067470550537,0.0004884247117790465,nan,0.002051830291748047,0.6161514578378157,False,False
slanted_d1.0,position+conf,cnn_small,clean,1000,0.01,0.0625,0.9375,96,-0.13090157508850098,0.06848262741352651,nan,0.0019268989562988281,0.6089854497056995,False,False
slanted_d1.0,position+conf,cnn_small,clean,1001,0.01,0.0,1.0,96,-0.1343766748905182,0.06856570227427486,nan,0.02754807472229004,0.60954947112168,False,False
slanted_d1.0,position+conf,cnn_small,clean,1002,0.01,0.041666666666666664,0.9583333333333334,96,-0.12748637795448303,0.06862236313475054,nan,0.005624055862426758,0.6135179818563214,False,False
slanted_d1.0,position+conf,cnn_small,clean,1003,0.01,0.0625,0.9375,96,-0.12548691034317017,0.06902339802689111,nan,0.00405430793762207,0.60985270198534,False,False
slanted_d1.0,position+conf,cnn_small,clean,1004,0.01,0.0625,0.9375,96,-0.1309298425912857,0.06853939054515391,nan,0.0016360282897949219,0.6091269116122021,False,False
slanted_d1.0,position+conf,cnn_small,clean,1005,0.01,0.0625,0.9375,96,-0.12798796594142914,0.06843098704109322,nan,0.0037233829498291016,0.6128855383347521,False,False
slanted_d1.0,position+conf,cnn_small,clean,1006,0.01,0.0,1.0,96,0.47371068596839905,0.7540069878077461,nan,0.0002574920654296875,0.0,True,True
slanted_d1.0,position+conf,cnn_small,clean,1007,0.01,0.052083333333333336,0.9479166666666666,96,-0.12557214498519897,0.06869585060117242,nan,0.014319419860839844,0.6133938058782792,False,False
slanted_d1.0,position+conf,cnn_small,clean,1008,0.01,0.08333333333333333,0.9166666666666666,96,-0.10858765244483948,0.06979948810262832,nan,0.004498004913330078,0.6099869468835665,False,False
slanted_d1.0,position+conf,cnn_small,clean,1009,0.01,0.052083333333333336,0.9479166666666666,96,-0.12643040716648102,0.06917211452479682,nan,0.007210254669189453,0.6100093232363776,False,False
slanted_d1.0,position+conf,cnn_small,mixed,1000,0.01,0.2916666666666667,0.7083333333333334,96,-0.13841553032398224,0.06838763028653858,nan,0.002642393112182617,0.6076209419380206,False,False
slanted_d1.0,position+conf,cnn_small,mixed,1001,0.01,0.2916666666666667,0.7083333333333334,96,-0.1345081329345703,0.06874891702116592,nan,0.0009579658508300781,0.6080393095775168,False,False
slanted_d1.0,position+conf,cnn_small,mixed,1002,0.01,0.2916666666666667,0.7083333333333334,96,-0.1325274556875229,0.06913305662029048,nan,0.0018210411071777344,0.608313158742557,False,False
slanted_d1.0,position+conf,cnn_small,mixed,1003,0.01,0.2916666666666667,0.7083333333333334,96,-0.13294295966625214,0.06861993506645983,nan,0.0013117790222167969,0.6120461929210563,False,False
slanted_d1.0,position+conf,cnn_small,mixed,1004,0.01,0.2916666666666667,0.7083333333333334,96,-0.1366318017244339,0.06866061085280667,nan,0.002185821533203125,0.6078362239476175,False,False
slanted_d1.0,position+conf,cnn_small,mixed,1005,0.01,0.2916666666666667,0.7083333333333334,96,-0.13366636633872986,0.06876539360572008,nan,0.005041360855102539,0.6080880688240028,False,False
slanted_d1.0,position+conf,cnn_small,mixed,1006,0.01,0.2916666666666667,0.7083333333333334,96,-0.13337014615535736,0.0694430557325477,nan,0.004709720611572266,0.6049897103552071,False,False
slanted_d1.0,position+conf,cnn_small,mixed,1007,0.01,0.2916666666666667,0.7083333333333334,96,-0.1396184265613556,0.068076633318466,nan,0.0018270015716552734,0.6112005402764137,False,False
slanted_d1.0,position+conf,cnn_small,mixed,1008,0.01,0.2916666666666667,0.7083333333333334,96,-0.12847363948822021,0.06957838029911585,nan,0.003246784210205078,0.6054463108765032,False,False
slanted_d1.0,position+conf,cnn_small,mixed,1009,0.01,0.2916666666666667,0.7083333333333334,96,-0.1329563707113266,0.06917341897234003,nan,0.0012493133544921875,0.6084025251414271,False,False
slanted_d1.0,position+conf,cnn_large,clean,1000,0.01,0.07291666666666667,0.9270833333333334,96,-0.3649948239326477,0.02899661049572002,nan,0.0038764476776123047,0.614959209689059,False,False
slanted_d1.0,position+conf,cnn_large,clean,1001,0.01,0.020833333333333332,0.9791666666666666,96,-0.17571136355400085,0.027238523399771807,nan,0.014696598052978516,0.6179991841585386,False,False
slanted_d1.0,position+conf,cnn_large,clean,1002,0.01,0.0625,0.9375,96,-0.30203554034233093,0.027518484460165294,nan,0.007581472396850586,0.6148973755823623,False,False
slanted_d1.0,position+conf,cnn_large,clean,1003,0.01,0.10416666666666667,0.8958333333333334,96,-0.3384503722190857,0.028613818881952722,nan,0.004094600677490234,0.6132293618806791,False,False
slanted_d1.0,position+conf,cnn_large,clean,1004,0.01,0.09375,0.90625,96,-0.30622151494026184,0.029593486592367546,nan,0.0067157745361328125,0.6137387765417444,False,False
slanted_d1.0,position+conf,cnn_large,clean,1005,0.01,0.17708333333333334,0.8229166666666666,96,-0.3058792054653168,0.029568926655112338,nan,0.014334917068481445,0.6116351582126012,False,False
slanted_d1.0,position+conf,cnn_large,clean,1006,0.01,0.010416666666666666,0.9895833333333334,96,-0.41942641139030457,0.02644131743693482,nan,0.0027675628662109375,0.6146857254949674,False,False
slanted_d1.0,position+conf,cnn_large,clean,1007,0.01,0.13541666666666666,0.8645833333333334,96,-0.37097597122192383,0.02677191037814871,nan,0.009480476379394531,0.6147147725992874,False,False
slanted_d1.0,position+conf,cnn_large,clean,1008,0.01,0.0625,0.9375,96,-0.3444330394268036,0.026930896423488216,nan,0.004116535186767578,0.6160487250567579,False,False
slanted_d1.0,position+conf,cnn_large,clean,1009,0.01,0.0625,0.9375,96,-0.18583524227142334,0.029556697543905216,nan,0.007832050323486328,0.6151627042799053,False,False
slanted_d1.0,position+conf,cnn_large,mixed,1000,0.01,0.2708333333333333,0.7291666666666666,96,-0.335688978433609,0.029192385709807128,nan,0.003567218780517578,0.613711889602066,False,False
slanted_d1.0,position+conf,cnn_large,mixed,1001,0.01,0.2916666666666667,0.7083333333333334,96,-0.18676811456680298,0.02734512663476132,nan,0.0015802383422851562,0.6139968959614142,False,False
slanted_d1.0,position+conf,cnn_large,mixed,1002,0.01,0.0,1.0,96,0.5338709354400635,0.7537336005445352,nan,0.0002970695495605469,0.0,True,True
slanted_d1.0,position+conf,cnn_large,mixed,1003,0.01,0.2916666666666667,0.7083333333333334,96,-0.3134363293647766,0.028292276874416072,nan,0.0030333995819091797,0.6118851598718793,False,False
slanted_d1.0,position+conf,cnn_large,mixed,1004,0.01,0.3020833333333333,0.6979166666666666,96,-0.3633023202419281,0.026960819349345258,nan,0.002093791961669922,0.61380359562677,False,False
slanted_d1.0,position+conf,cnn_large,mixed,1005,0.01,0.0,1.0,96,0.47820019721984863,0.7537355836834793,nan,7.605552673339844e-05,0.0,True,True
slanted_d1.0,position+conf,cnn_large,mixed,1006,0.01,0.3229166666666667,0.6770833333333334,96,-0.4128880500793457,0.02662625931613398,nan,0.0017800331115722656,0.6133530350891593,False,False
slanted_d1.0,position+conf,cnn_large,mixed,1007,0.01,0.34375,0.65625,96,-0.36252593994140625,0.02892146873457412,nan,0.0027382373809814453,0.6122561613346024,False,False
slanted_d1.0,position+conf,cnn_large,mixed,1008,0.01,0.3229166666666667,0.6770833333333334,96,-0.31083181500434875,0.03070378938685505,nan,0.03375864028930664,0.6136461744333469,False,False
slanted_d1.0,position+conf,cnn_large,mixed,1009,0.01,0.28125,0.71875,96,-0.21928612887859344,0.02668265688970507,nan,0.002408742904663086,0.6150532690061005,False,False
slanted_d1.0,position+conf_noclip,free,clean,1000,0.05,0.0,1.0,96,-0.5390934348106384,1.942018864162991e-06,nan,0.001768350601196289,0.6184401647990918,False,False
slanted_d1.0,position+conf_noclip,free,clean,1001,0.05,0.0,1.0,96,-0.53825443983078,1.942018864162991e-06,nan,0.0019958019256591797,0.6175450904434335,False,False
slanted_d1.0,position+conf_noclip,free,clean,1002,0.05,0.0,1.0,96,-0.538682758808136,1.942018864162991e-06,nan,0.0013048648834228516,0.6178422521526574,False,False
slanted_d1.0,position+conf_noclip,free,clean,1003,0.05,0.0,1.0,96,-0.5396058559417725,1.942018864162991e-06,nan,0.0020699501037597656,0.6185197319124722,False,False
slanted_d1.0,position+conf_noclip,free,clean,1004,0.05,0.0,1.0,96,-0.538264811038971,1.942018864162991e-06,nan,0.0020699501037597656,0.6183726714378791,False,False
slanted_d1.0,position+conf_noclip,free,clean,1005,0.05,0.0,1.0,96,-0.5384654402732849,1.942018864162991e-06,nan,0.0020699501037597656,0.6188115025971507,False,False
slanted_d1.0,position+conf_noclip,free,clean,1006,0.05,0.0,1.0,96,-0.5394402742385864,1.942018864162991e-06,nan,0.0007214546203613281,0.61837275377292,False,False
slanted_d1.0,position+conf_noclip,free,clean,1007,0.05,0.0,1.0,96,-0.5397117137908936,1.942018864162991e-06,nan,0.0018842220306396484,0.6186578130047379,False,False
slanted_d1.0,position+conf_noclip,free,clean,1008,0.05,0.0,1.0,96,-0.5391972064971924,1.942018864162991e-06,nan,0.0020699501037597656,0.6180765428366364,False,False
slanted_d1.0,position+conf_noclip,free,clean,1009,0.05,0.0,1.0,96,-0.5387561917304993,1.942018864162991e-06,nan,0.0020699501037597656,0.6180765071990838,False,False
slanted_d1.0,position+conf_noclip,free,mixed,1000,0.05,0.3020833333333333,0.6979166666666666,96,-0.532800018787384,0.0004884234919472845,nan,0.0006635189056396484,0.6165938414454734,False,False
slanted_d1.0,position+conf_noclip,free,mixed,1001,0.05,0.2916666666666667,0.7083333333333334,96,-0.5314780473709106,0.0004884234919472845,nan,0.00182342529296875,0.6156067294260691,False,False
slanted_d1.0,position+conf_noclip,free,mixed,1002,0.05,0.2916666666666667,0.7083333333333334,96,-0.5325598120689392,0.0004884234919472845,nan,0.0015494823455810547,0.6159687916746827,False,False
slanted_d1.0,position+conf_noclip,free,mixed,1003,0.05,0.2916666666666667,0.7083333333333334,96,-0.5327591300010681,0.0004884234919472845,nan,0.0019483566284179688,0.6166190057422413,False,False
slanted_d1.0,position+conf_noclip,free,mixed,1004,0.05,0.2916666666666667,0.7083333333333334,96,-0.5315637588500977,0.0004884234919472845,nan,0.0019001960754394531,0.6164720278422086,False,False
slanted_d1.0,position+conf_noclip,free,mixed,1005,0.05,0.3020833333333333,0.6979166666666666,96,-0.5316722989082336,0.0004884234919472845,nan,0.0019237995147705078,0.6169425888686944,False,False
slanted_d1.0,position+conf_noclip,free,mixed,1006,0.05,0.2916666666666667,0.7083333333333334,96,-0.5332314968109131,0.0004884234919472845,nan,0.0008335113525390625,0.6164863194649032,False,False
slanted_d1.0,position+conf_noclip,free,mixed,1007,0.05,0.2916666666666667,0.7083333333333334,96,-0.5333624482154846,0.0004884234919472845,nan,0.0015139579772949219,0.6168404230513687,False,False
slanted_d1.0,position+conf_noclip,free,mixed,1008,0.05,0.2916666666666667,0.7083333333333334,96,-0.5327985286712646,0.0004884234919472845,nan,0.001165151596069336,0.6161515147169881,False,False
slanted_d1.0,position+conf_noclip,free,mixed,1009,0.05,0.2916666666666667,0.7083333333333334,96,-0.5322573184967041,0.0004884234919472845,nan,0.0019805431365966797,0.6161514553180385,False,False
slanted_d1.0,position+conf_noclip,cnn_small,clean,1000,0.01,0.010416666666666666,0.9895833333333334,96,-0.0923391655087471,0.06773038003872521,nan,0.011581182479858398,0.6125673024747512,False,False
slanted_d1.0,position+conf_noclip,cnn_small,clean,1001,0.01,0.0,1.0,96,-0.09271110594272614,0.06793351535201197,nan,0.015503168106079102,0.612916859247148,False,False
slanted_d1.0,position+conf_noclip,cnn_small,clean,1002,0.01,0.03125,0.96875,96,-0.08621319383382797,0.06833149078669541,nan,0.00442957878112793,0.6132018576539994,False,False
slanted_d1.0,position+conf_noclip,cnn_small,clean,1003,0.01,0.041666666666666664,0.9583333333333334,96,-0.08749537169933319,0.06827438502977468,nan,0.003920793533325195,0.613182702009081,False,False
slanted_d1.0,position+conf_noclip,cnn_small,clean,1004,0.01,0.010416666666666666,0.9895833333333334,96,-0.09423566609621048,0.06786966479517341,nan,0.006320476531982422,0.612758782531295,False,False
slanted_d1.0,position+conf_noclip,cnn_small,clean,1005,0.01,0.0625,0.9375,96,-0.08581911027431488,0.06840521477190953,nan,0.0014908313751220703,0.613105970865163,False,False
slanted_d1.0,position+conf_noclip,cnn_small,clean,1006,0.01,0.0,1.0,96,0.21371251344680786,0.7904038358335981,nan,0.00015878677368164062,0.0,True,True
slanted_d1.0,position+conf_noclip,cnn_small,clean,1007,0.01,0.041666666666666664,0.9583333333333334,96,-0.08745281398296356,0.06816957970479497,nan,0.0029599666595458984,0.6129262958786976,False,False
slanted_d1.0,position+conf_noclip,cnn_small,clean,1008,0.01,0.041666666666666664,0.9583333333333334,96,-0.07427289336919785,0.0694642833450372,nan,0.0037779808044433594,0.6098435414256014,False,False
slanted_d1.0,position+conf_noclip,cnn_small,clean,1009,0.01,0.03125,0.96875,96,-0.08946820348501205,0.06849627880385162,nan,0.0043735504150390625,0.6133660063775944,False,False
slanted_d1.0,position+conf_noclip,cnn_small,mixed,1000,0.01,0.2916666666666667,0.7083333333333334,96,-0.0924558937549591,0.06789478551745297,nan,0.0037071704864501953,0.6109823871902608,False,False
slanted_d1.0,position+conf_noclip,cnn_small,mixed,1001,0.01,0.2916666666666667,0.7083333333333334,96,-0.09348687529563904,0.06798260268051735,nan,0.0011439323425292969,0.6112561369202735,False,False
slanted_d1.0,position+conf_noclip,cnn_small,mixed,1002,0.01,0.2916666666666667,0.7083333333333334,96,-0.08788452297449112,0.06843732521711889,nan,0.002077817916870117,0.6116909274204427,False,False
slanted_d1.0,position+conf_noclip,cnn_small,mixed,1003,0.01,0.2916666666666667,0.7083333333333334,96,-0.09338105469942093,0.06786274978084572,nan,0.0008678436279296875,0.6110088130250104,False,False
slanted_d1.0,position+conf_noclip,cnn_small,mixed,1004,0.01,0.2916666666666667,0.7083333333333334,96,-0.094350166618824,0.06811742405630483,nan,0.0017642974853515625,0.6112832867117266,False,False
slanted_d1.0,position+conf_noclip,cnn_small,mixed,1005,0.01,0.2916666666666667,0.7083333333333334,96,-0.09258206188678741,0.06800962099122838,nan,0.0019452571868896484,0.6110807668976425,False,False
slanted_d1.0,position+conf_noclip,cnn_small,mixed,1006,0.01,0.2916666666666667,0.7083333333333334,96,-0.08629775047302246,0.06936240153584379,nan,0.0014503002166748047,0.6086371925454209,False,False
slanted_d1.0,position+conf_noclip,cnn_small,mixed,1007,0.01,0.2916666666666667,0.7083333333333334,96,-0.09139160066843033,0.06784533266276027,nan,0.0008702278137207031,0.6109384216354318,False,False
slanted_d1.0,position+conf_noclip,cnn_small,mixed,1008,0.01,0.2916666666666667,0.7083333333333334,96,-0.08666631579399109,0.06859331391453317,nan,0.0014116764068603516,0.6118873896621887,False,False
slanted_d1.0,position+conf_noclip,cnn_small,mixed,1009,0.01,0.2916666666666667,0.7083333333333334,96,-0.09320034086704254,0.06829538933473589,nan,0.0018448829650878906,0.6115230623439013,False,False
slanted_d1.0,position+conf_noclip,cnn_large,clean,1000,0.01,0.0625,0.9375,96,-0.20656326413154602,0.02705667975567002,nan,0.012410402297973633,0.6162354818081859,False,False
slanted_d1.0,position+conf_noclip,cnn_large,clean,1001,0.01,0.010416666666666666,0.9895833333333334,96,-0.0926951915025711,0.027982019049222852,nan,0.005410671234130859,0.6179651782451195,False,False
slanted_d1.0,position+conf_noclip,cnn_large,clean,1002,0.01,0.020833333333333332,0.9791666666666666,96,-0.19385381042957306,0.026465617598462093,nan,0.002912282943725586,0.6185807133337725,False,False
slanted_d1.0,position+conf_noclip,cnn_large,clean,1003,0.01,0.13541666666666666,0.8645833333333334,96,-0.1838914304971695,0.027820023931975236,nan,0.16721677780151367,0.6149267681294275,False,False
slanted_d1.0,position+conf_noclip,cnn_large,clean,1004,0.01,0.0,1.0,96,0.2259024679660797,0.7763656760564314,nan,6.67572021484375e-06,0.0,True,True
slanted_d1.0,position+conf_noclip,cnn_large,clean,1005,0.01,0.10416666666666667,0.8958333333333334,96,-0.20262889564037323,0.026458176641756564,nan,0.015497922897338867,0.6181442359184705,False,False
slanted_d1.0,position+conf_noclip,cnn_large,clean,1006,0.01,0.07291666666666667,0.9270833333333334,96,-0.21113768219947815,0.031225566593604256,nan,0.012093544006347656,0.6156905211702302,False,False
slanted_d1.0,position+conf_noclip,cnn_large,clean,1007,0.01,0.08333333333333333,0.9166666666666666,96,-0.19627264142036438,0.028047002712906877,nan,0.006640434265136719,0.6168793470055608,False,False
slanted_d1.0,position+conf_noclip,cnn_large,clean,1008,0.01,0.10416666666666667,0.8958333333333334,96,-0.17196199297904968,0.027641914764488625,nan,0.0064220428466796875,0.6158963082484817,False,False
slanted_d1.0,position+conf_noclip,cnn_large,clean,1009,0.01,0.07291666666666667,0.9270833333333334,96,-0.12255623191595078,0.026894656687286488,nan,0.01556539535522461,0.6186399598921998,False,False
slanted_d1.0,position+conf_noclip,cnn_large,mixed,1000,0.01,0.2916666666666667,0.7083333333333334,96,-0.20415617525577545,0.026864940471584126,nan,0.001932382583618164,0.6162011730295722,False,False
slanted_d1.0,position+conf_noclip,cnn_large,mixed,1001,0.01,0.2708333333333333,0.7291666666666666,96,-0.09522675722837448,0.027326268079433565,nan,0.001718759536743164,0.6167934393092702,False,False
slanted_d1.0,position+conf_noclip,cnn_large,mixed,1002,0.01,0.0,1.0,96,0.2230524718761444,0.7853809291813965,nan,2.288818359375e-05,0.0,True,True
slanted_d1.0,position+conf_noclip,cnn_large,mixed,1003,0.01,0.3333333333333333,0.6666666666666666,96,-0.20664966106414795,0.027096450153711364,nan,0.0061147212982177734,0.6147526423485148,False,False
slanted_d1.0,position+conf_noclip,cnn_large,mixed,1004,0.01,0.28125,0.71875,96,-0.22898821532726288,0.02614981606382044,nan,0.0009484291076660156,0.6166172612647628,False,False
slanted_d1.0,position+conf_noclip,cnn_large,mixed,1005,0.01,0.0,1.0,96,0.21738389134407043,0.7900992763986966,nan,0.00022554397583007812,0.0,True,True
slanted_d1.0,position+conf_noclip,cnn_large,mixed,1006,0.01,0.28125,0.71875,96,-0.23667936027050018,0.025739058908215838,nan,0.0012001991271972656,0.6166302141423259,False,False
slanted_d1.0,position+conf_noclip,cnn_large,mixed,1007,0.01,0.28125,0.71875,96,-0.22413739562034607,0.02600874139065856,nan,0.002421855926513672,0.6164587075779648,False,False
slanted_d1.0,position+conf_noclip,cnn_large,mixed,1008,0.01,0.3125,0.6875,96,-0.17564243078231812,0.027529939352212075,nan,0.002343893051147461,0.614587435330443,False,False
slanted_d1.0,position+conf_noclip,cnn_large,mixed,1009,0.01,0.28125,0.71875,96,-0.12542583048343658,0.02768998344888229,nan,0.0011446475982666016,0.6151681757637434,False,False
slanted_d1.0,position+grad,free,clean,1000,0.05,0.010416666666666666,0.9895833333333334,96,0.012904664501547813,3.432286789370361e-07,nan,0.002068042755126953,0.6183789868461297,False,False
slanted_d1.0,position+grad,free,clean,1001,0.05,0.020833333333333332,0.9791666666666666,96,0.01476610079407692,3.59809596869861e-07,nan,0.002026796340942383,0.6173239052722598,False,False
slanted_d1.0,position+grad,free,clean,1002,0.05,0.020833333333333332,0.9791666666666666,96,0.012379473075270653,3.503259005428275e-07,nan,0.0010819435119628906,0.6177451858051841,False,False
slanted_d1.0,position+grad,free,clean,1003,0.05,0.041666666666666664,0.9583333333333334,96,0.01307668536901474,3.39972967087546e-07,nan,0.0011532306671142578,0.6182463346537955,False,False
slanted_d1.0,position+grad,free,clean,1004,0.05,0.052083333333333336,0.9479166666666666,96,0.014817938208580017,3.533697249613095e-07,nan,0.0006468296051025391,0.6178579032721123,False,False
slanted_d1.0,position+grad,free,clean,1005,0.05,0.08333333333333333,0.9166666666666666,96,0.014814958907663822,3.5026710623167374e-07,nan,0.0005178451538085938,0.6181775792245323,False,False
slanted_d1.0,position+grad,free,clean,1006,0.05,0.0,1.0,96,0.012252497486770153,3.51294586016464e-07,nan,0.00150299072265625,0.6183173603893299,False,False
slanted_d1.0,position+grad,free,clean,1007,0.05,0.020833333333333332,0.9791666666666666,96,0.0121392123401165,3.571956898012272e-07,nan,0.0005259513854980469,0.6185773220139525,False,False
slanted_d1.0,position+grad,free,clean,1008,0.05,0.020833333333333332,0.9791666666666666,96,0.012852484360337257,3.463646162854509e-07,nan,0.0011255741119384766,0.61786886358141,False,False
slanted_d1.0,position+grad,free,clean,1009,0.05,0.052083333333333336,0.9479166666666666,96,0.01336649153381586,3.71358421289067e-07,nan,0.0012998580932617188,0.6175822288953055,False,False
slanted_d1.0,position+grad,free,mixed,1000,0.05,0.3125,0.6875,96,0.0107587780803442,0.000488283536944116,nan,0.0005834102630615234,0.6163381067416731,False,False
slanted_d1.0,position+grad,free,mixed,1001,0.05,0.3125,0.6875,96,0.0121335219591856,0.0004882882867915254,nan,0.0005354881286621094,0.6153014697968293,False,False
slanted_d1.0,position+grad,free,mixed,1002,0.05,0.3020833333333333,0.6979166666666666,96,0.010180908255279064,0.00048826902069146324,nan,0.0006899833679199219,0.6158411424649265,False,False
slanted_d1.0,position+grad,free,mixed,1003,0.05,0.3333333333333333,0.6666666666666666,96,0.010910713113844395,0.00048827852682291356,nan,0.0009365081787109375,0.6163277525646036,False,False
slanted_d1.0,position+grad,free,mixed,1004,0.05,0.3333333333333333,0.6666666666666666,96,0.012351918034255505,0.00048826858427050907,nan,0.0009329319000244141,0.6159469277037924,False,False
slanted_d1.0,position+grad,free,mixed,1005,0.05,0.34375,0.65625,96,0.012169329449534416,0.00048827731466119983,nan,0.0006215572357177734,0.6165137486267827,False,False
slanted_d1.0,position+grad,free,mixed,1006,0.05,0.3020833333333333,0.6979166666666666,96,0.010145249776542187,0.0004882881150813701,nan,0.0008230209350585938,0.6162798609373942,False,False
slanted_d1.0,position+grad,free,mixed,1007,0.05,0.3229166666666667,0.6770833333333334,96,0.009959154762327671,0.00048827498993683717,nan,0.0007500648498535156,0.6166455409523043,False,False
slanted_d1.0,position+grad,free,mixed,1008,0.05,0.3125,0.6875,96,0.010685158893465996,0.0004882779156597727,nan,0.00045418739318847656,0.6159364314456878,False,False
slanted_d1.0,position+grad,free,mixed,1009,0.05,0.3333333333333333,0.6666666666666666,96,0.011096693575382233,0.0004882854406172571,nan,0.0005006790161132812,0.615766008947898,False,False
slanted_d1.0,position+grad,cnn_small,clean,1000,0.01,0.03125,0.96875,96,0.0657544881105423,0.06836947276334253,nan,0.003589153289794922,0.6136340122828547,False,False
slanted_d1.0,position+grad,cnn_small,clean,1001,0.01,0.0,1.0,96,0.06422534584999084,0.06855622948739856,nan,0.0006375312805175781,0.6140381009378727,False,False
slanted_d1.0,position+grad,cnn_small,clean,1002,0.01,0.010416666666666666,0.9895833333333334,96,0.06451182067394257,0.06829431684364728,nan,0.001699686050415039,0.6136416826278817,False,False
slanted_d1.0,position+grad,cnn_small,clean,1003,0.01,0.020833333333333332,0.9791666666666666,96,0.06516411900520325,0.06898210790254557,nan,0.0016107559204101562,0.614321565203704,False,False
slanted_d1.0,position+grad,cnn_small,clean,1004,0.01,0.0,1.0,96,0.06417766213417053,0.06834677573864587,nan,0.008788824081420898,0.6136599689634497,False,False
slanted_d1.0,position+grad,cnn_small,clean,1005,0.01,0.010416666666666666,0.9895833333333334,96,0.0639566034078598,0.0681101715255961,nan,0.006278038024902344,0.6134683401002543,False,False
slanted_d1.0,position+grad,cnn_small,clean,1006,0.01,0.0,1.0,96,0.5576415061950684,0.7397038852221347,nan,0.0,0.0,True,True
slanted_d1.0,position+grad,cnn_small,clean,1007,0.01,0.020833333333333332,0.9791666666666666,96,0.06480640918016434,0.06853233751912062,nan,0.005732059478759766,0.6137200958184039,False,False
slanted_d1.0,position+grad,cnn_small,clean,1008,0.01,0.020833333333333332,0.9791666666666666,96,0.06832708418369293,0.06925692723934695,nan,0.00138092041015625,0.6140537865091401,False,False
slanted_d1.0,position+grad,cnn_small,clean,1009,0.01,0.020833333333333332,0.9791666666666666,96,0.0648273304104805,0.06865013335262356,nan,0.006549358367919922,0.6139776629167297,False,False
slanted_d1.0,position+grad,cnn_small,mixed,1000,0.01,0.2916666666666667,0.7083333333333334,96,0.06341792643070221,0.06814561408757268,nan,0.001416921615600586,0.6118769048393089,False,False
slanted_d1.0,position+grad,cnn_small,mixed,1001,0.01,0.2916666666666667,0.7083333333333334,96,0.06329354643821716,0.06799657874117929,nan,0.0007717609405517578,0.6116633101112147,False,False
slanted_d1.0,position+grad,cnn_small,mixed,1002,0.01,0.2916666666666667,0.7083333333333334,96,0.0641961395740509,0.06872513049258923,nan,0.0006673336029052734,0.612449619824797,False,False
slanted_d1.0,position+grad,cnn_small,mixed,1003,0.01,0.2916666666666667,0.7083333333333334,96,0.06362345069646835,0.06842814451848993,nan,0.0007441043853759766,0.6121079114885241,False,False
slanted_d1.0,position+grad,cnn_small,mixed,1004,0.01,0.2916666666666667,0.7083333333333334,96,0.06317203491926193,0.06790824720476382,nan,0.001064300537109375,0.6115007930356263,False,False
slanted_d1.0,position+grad,cnn_small,mixed,1005,0.01,0.2916666666666667,0.7083333333333334,96,0.06393150985240936,0.06866973161922772,nan,0.0005753040313720703,0.6122925238235452,False,False
slanted_d1.0,position+grad,cnn_small,mixed,1006,0.01,0.3020833333333333,0.6979166666666666,96,0.06412047892808914,0.06868896082802715,nan,0.0014319419860839844,0.6124005188315843,False,False
slanted_d1.0,position+grad,cnn_small,mixed,1007,0.01,0.2916666666666667,0.7083333333333334,96,0.06390820443630219,0.06868504624698689,nan,0.0011210441589355469,0.6122846082831989,False,False
slanted_d1.0,position+grad,cnn_small,mixed,1008,0.01,0.2916666666666667,0.7083333333333334,96,0.06476153433322906,0.06889680410243378,nan,0.0005481243133544922,0.6113637871127091,False,False
slanted_d1.0,position+grad,cnn_small,mixed,1009,0.01,0.3020833333333333,0.6979166666666666,96,0.06389254331588745,0.06856140985267237,nan,0.0005624294281005859,0.6123063183611492,False,False
slanted_d1.0,position+grad,cnn_large,clean,1000,0.01,0.010416666666666666,0.9895833333333334,96,0.024574268609285355,0.027243960791377822,nan,0.0041234493255615234,0.6158524018963987,False,False
slanted_d1.0,position+grad,cnn_large,clean,1001,0.01,0.0,1.0,96,0.023767132312059402,0.027226796874810066,nan,0.005644559860229492,0.6163876476687083,False,False
slanted_d1.0,position+grad,cnn_large,clean,1002,0.01,0.010416666666666666,0.9895833333333334,96,0.024725157767534256,0.028688608194147053,nan,0.017052173614501953,0.616893526092699,False,False
slanted_d1.0,position+grad,cnn_large,clean,1003,0.01,0.010416666666666666,0.9895833333333334,96,0.02433004416525364,0.027419380763906636,nan,0.0032265186309814453,0.6162290889066772,False,False
slanted_d1.0,position+grad,cnn_large,clean,1004,0.01,0.041666666666666664,0.9583333333333334,96,0.025893209502100945,0.027304678868064976,nan,0.001993417739868164,0.6160978967703779,False,False
slanted_d1.0,position+grad,cnn_large,clean,1005,0.01,0.010416666666666666,0.9895833333333334,96,0.024375950917601585,0.027713890219779092,nan,0.003261566162109375,0.6163865793685667,False,False
slanted_d1.0,position+grad,cnn_large,clean,1006,0.01,0.0,1.0,96,0.022620972245931625,0.027037097646268278,nan,0.017589092254638672,0.6160024946509555,False,False
slanted_d1.0,position+grad,cnn_large,clean,1007,0.01,0.010416666666666666,0.9895833333333334,96,0.022169282659888268,0.026292622188312773,nan,0.006281137466430664,0.6178780264322864,False,False
slanted_d1.0,position+grad,cnn_large,clean,1008,0.01,0.020833333333333332,0.9791666666666666,96,0.023780539631843567,0.027407556777093146,nan,0.004600048065185547,0.615765000535866,False,False
slanted_d1.0,position+grad,cnn_large,clean,1009,0.01,0.0625,0.9375,96,0.02968585304915905,0.028969647396808976,nan,0.010570764541625977,0.6163262219587706,False,False
slanted_d1.0,position+grad,cnn_large,mixed,1000,0.01,0.2916666666666667,0.7083333333333334,96,0.024925973266363144,0.028442750267178452,nan,0.00081634521484375,0.6151988279199603,False,False
slanted_d1.0,position+grad,cnn_large,mixed,1001,0.01,0.2916666666666667,0.7083333333333334,96,0.02310851588845253,0.02728098663347027,nan,0.000980377197265625,0.614237812008374,False,False
slanted_d1.0,position+grad,cnn_large,mixed,1002,0.01,0.28125,0.71875,96,0.02456676959991455,0.02787216941003525,nan,0.0011827945709228516,0.6142128563001482,False,False
slanted_d1.0,position+grad,cnn_large,mixed,1003,0.01,0.28125,0.71875,96,0.02422150783240795,0.027954027829818207,nan,0.0018095970153808594,0.6148486390018709,False,False
slanted_d1.0,position+grad,cnn_large,mixed,1004,0.01,0.28125,0.71875,96,0.024202246218919754,0.026721401006685415,nan,0.00173187255859375,0.6164801511145628,False,False
slanted_d1.0,position+grad,cnn_large,mixed,1005,0.01,0.28125,0.71875,96,0.024893153458833694,0.02881825771902897,nan,0.001188039779663086,0.6155112047688056,False,False
slanted_d1.0,position+grad,cnn_large,mixed,1006,0.01,0.2916666666666667,0.7083333333333334,96,0.02127579227089882,0.026009059730679088,nan,0.0010673999786376953,0.6160353893551631,False,False
slanted_d1.0,position+grad,cnn_large,mixed,1007,0.01,0.2916666666666667,0.7083333333333334,96,0.022658618167042732,0.027065403654809615,nan,0.0009510517120361328,0.613935601234289,False,False
slanted_d1.0,position+grad,cnn_large,mixed,1008,0.01,0.2916666666666667,0.7083333333333334,96,0.024170290678739548,0.027687877227703488,nan,0.0008862018585205078,0.6148394346500324,False,False
slanted_d1.0,position+grad,cnn_large,mixed,1009,0.01,0.3229166666666667,0.6770833333333334,96,0.02989339642226696,0.031140689377011595,nan,0.002296924591064453,0.6138994236334708,False,False
slanted_d1.0,position+normal,free,clean,1000,0.05,0.125,0.875,96,0.0060059851966798306,1.0385982161790464e-06,nan,0.0012302398681640625,0.617519975969375,False,False
slanted_d1.0,position+normal,free,clean,1001,0.05,0.14583333333333334,0.8541666666666666,96,0.006985870655626059,1.0688447719161766e-06,nan,0.0009865760803222656,0.6167987462226615,False,False
slanted_d1.0,position+normal,free,clean,1002,0.05,0.0625,0.9375,96,0.005951793864369392,1.0181201189177517e-06,nan,0.0010766983032226562,0.6172988074399727,False,False
slanted_d1.0,position+normal,free,clean,1003,0.05,0.10416666666666667,0.8958333333333334,96,0.006025692448019981,1.0326021515354825e-06,nan,0.000949859619140625,0.6177416654884066,False,False
slanted_d1.0,position+normal,free,clean,1004,0.05,0.13541666666666666,0.8645833333333334,96,0.006868284195661545,9.9944960544742e-07,nan,0.003237485885620117,0.6171801217863402,False,False
slanted_d1.0,position+normal,free,clean,1005,0.05,0.13541666666666666,0.8645833333333334,96,0.006850214209407568,1.1000855191165623e-06,nan,0.0007750988006591797,0.6177490098405319,False,False
slanted_d1.0,position+normal,free,clean,1006,0.05,0.10416666666666667,0.8958333333333334,96,0.005734521895647049,1.0499778065632778e-06,nan,0.0006897449493408203,0.6176223938481901,False,False
slanted_d1.0,position+normal,free,clean,1007,0.05,0.11458333333333333,0.8854166666666666,96,0.005686415359377861,1.1228862503332695e-06,nan,0.0006897449493408203,0.6179361619527362,False,False
slanted_d1.0,position+normal,free,clean,1008,0.05,0.08333333333333333,0.9166666666666666,96,0.0060937656089663506,1.065950521350627e-06,nan,0.0015368461608886719,0.6172937732020235,False,False
slanted_d1.0,position+normal,free,clean,1009,0.05,0.10416666666666667,0.8958333333333334,96,0.006186424754559994,1.094567508059512e-06,nan,0.0017371177673339844,0.6173167959650092,False,False
slanted_d1.0,position+normal,free,mixed,1000,0.05,0.3125,0.6875,96,0.004339861683547497,0.0004883510104413642,nan,0.0008084774017333984,0.6164478895749665,False,False
slanted_d1.0,position+normal,free,mixed,1001,0.05,0.3333333333333333,0.6666666666666666,96,0.0052641830407083035,0.0004883378268463369,nan,0.0036077499389648438,0.6153751743757231,False,False
slanted_d1.0,position+normal,free,mixed,1002,0.05,0.3020833333333333,0.6979166666666666,96,0.004207816440612078,0.0004883186638605306,nan,0.0022487640380859375,0.6158949099952146,False,False
slanted_d1.0,position+normal,free,mixed,1003,0.05,0.3125,0.6875,96,0.004411549773067236,0.0004883036485534139,nan,0.0009531974792480469,0.616444005966152,False,False
slanted_d1.0,position+normal,free,mixed,1004,0.05,0.3229166666666667,0.6770833333333334,96,0.0050949519500136375,0.0004883538396172468,nan,0.0017352104187011719,0.6160739792888453,False,False
slanted_d1.0,position+normal,free,mixed,1005,0.05,0.34375,0.65625,96,0.005052609369158745,0.0004883250399163284,nan,0.0012125968933105469,0.6164210896814372,False,False
slanted_d1.0,position+normal,free,mixed,1006,0.05,0.3020833333333333,0.6979166666666666,96,0.004064613953232765,0.000488304213268032,nan,0.002864360809326172,0.6164051302469903,False,False
slanted_d1.0,position+normal,free,mixed,1007,0.05,0.3020833333333333,0.6979166666666666,96,0.003998263739049435,0.0004883622580313161,nan,0.0012087821960449219,0.616696476142697,False,False
slanted_d1.0,position+normal,free,mixed,1008,0.05,0.3020833333333333,0.6979166666666666,96,0.004414860624819994,0.00048834327172266,nan,0.001009225845336914,0.6160534139377307,False,False
slanted_d1.0,position+normal,free,mixed,1009,0.05,0.3125,0.6875,96,0.004529417958110571,0.0004882466778332511,nan,0.0016493797302246094,0.6158894797108474,False,False
slanted_d1.0,position+normal,cnn_small,clean,1000,0.01,0.052083333333333336,0.9479166666666666,96,0.054483793675899506,0.06825660301069884,nan,0.0006501674652099609,0.6130277401948253,False,False
slanted_d1.0,position+normal,cnn_small,clean,1001,0.01,0.020833333333333332,0.9791666666666666,96,0.05384473875164986,0.06815868398821613,nan,0.009336709976196289,0.6130677061881602,False,False
slanted_d1.0,position+normal,cnn_small,clean,1002,0.01,0.052083333333333336,0.9479166666666666,96,0.05463997647166252,0.0681071410138437,nan,0.0010030269622802734,0.613155926678134,False,False
slanted_d1.0,position+normal,cnn_small,clean,1003,0.01,0.041666666666666664,0.9583333333333334,96,0.05450005456805229,0.06843539526536928,nan,0.0013992786407470703,0.6133904773924482,False,False
slanted_d1.0,position+normal,cnn_small,clean,1004,0.01,0.03125,0.96875,96,0.053831785917282104,0.06802008865088927,nan,0.002942323684692383,0.6128785125570153,False,False
slanted_d1.0,position+normal,cnn_small,clean,1005,0.01,0.041666666666666664,0.9583333333333334,96,0.053928934037685394,0.06809112487179904,nan,0.0040361881256103516,0.612775144448163,False,False
slanted_d1.0,position+normal,cnn_small,clean,1006,0.01,0.041666666666666664,0.9583333333333334,96,0.054428089410066605,0.06846726804372609,nan,0.0020415782928466797,0.6131010797802738,False,False
slanted_d1.0,position+normal,cnn_small,clean,1007,0.01,0.0625,0.9375,96,0.055124588310718536,0.06875289197531678,nan,0.0011942386627197266,0.6135424873728375,False,False
slanted_d1.0,position+normal,cnn_small,clean,1008,0.01,0.0625,0.9375,96,0.05685978755354881,0.0691857197767889,nan,0.0021257400512695312,0.6156174436487258,False,False
slanted_d1.0,position+normal,cnn_small,clean,1009,0.01,0.041666666666666664,0.9583333333333334,96,0.054768577218055725,0.06856440593781925,nan,0.003704547882080078,0.613393508966337,False,False
slanted_d1.0,position+normal,cnn_small,mixed,1000,0.01,0.2916666666666667,0.7083333333333334,96,0.052830398082733154,0.06779345076342684,nan,0.0020072460174560547,0.6110214137826451,False,False
slanted_d1.0,position+normal,cnn_small,mixed,1001,0.01,0.2916666666666667,0.7083333333333334,96,0.05313016474246979,0.06790259045222367,nan,0.0013513565063476562,0.6111122848158557,False,False
slanted_d1.0,position+normal,cnn_small,mixed,1002,0.01,0.2916666666666667,0.7083333333333334,96,0.05294052138924599,0.0678067336843817,nan,0.0018377304077148438,0.6109733277632756,False,False
slanted_d1.0,position+normal,cnn_small,mixed,1003,0.01,0.2916666666666667,0.7083333333333334,96,0.053360797464847565,0.06824041413650783,nan,0.001107931137084961,0.6114011604463626,False,False
slanted_d1.0,position+normal,cnn_small,mixed,1004,0.01,0.2916666666666667,0.7083333333333334,96,0.05338960513472557,0.06825610546395584,nan,0.00047206878662109375,0.6114523984215802,False,False
slanted_d1.0,position+normal,cnn_small,mixed,1005,0.01,0.2916666666666667,0.7083333333333334,96,0.05327381193637848,0.0681799472059675,nan,0.000637054443359375,0.6113079108455848,False,False
slanted_d1.0,position+normal,cnn_small,mixed,1006,0.01,0.2916666666666667,0.7083333333333334,96,0.05377823859453201,0.06853910468936013,nan,0.0004601478576660156,0.611781717864384,False,False
slanted_d1.0,position+normal,cnn_small,mixed,1007,0.01,0.2916666666666667,0.7083333333333334,96,0.053546927869319916,0.06843725548042666,nan,0.000995635986328125,0.6117006743482846,False,False
slanted_d1.0,position+normal,cnn_small,mixed,1008,0.01,0.2916666666666667,0.7083333333333334,96,0.05401363968849182,0.06863575272331608,nan,0.001087188720703125,0.61208768851133,False,False
slanted_d1.0,position+normal,cnn_small,mixed,1009,0.01,0.2916666666666667,0.7083333333333334,96,0.053647231310606,0.0684333184301903,nan,0.0007853507995605469,0.6117056374802412,False,False
slanted_d1.0,position+normal,cnn_large,clean,1000,0.01,0.010416666666666666,0.9895833333333334,96,0.019444331526756287,0.028458791291987227,nan,0.003836393356323242,0.6173195820272489,False,False
slanted_d1.0,position+normal,cnn_large,clean,1001,0.01,0.020833333333333332,0.9791666666666666,96,0.019692953675985336,0.027524080095248742,nan,0.004848003387451172,0.6169250493994328,False,False
slanted_d1.0,position+normal,cnn_large,clean,1002,0.01,0.0,1.0,96,0.5355961918830872,0.7399394263122641,nan,5.793571472167969e-05,0.0,True,True
slanted_d1.0,position+normal,cnn_large,clean,1003,0.01,0.041666666666666664,0.9583333333333334,96,0.017377778887748718,0.02612073333521593,nan,0.0046634674072265625,0.6179022384876933,False,False
slanted_d1.0,position+normal,cnn_large,clean,1004,0.01,0.08333333333333333,0.9166666666666666,96,0.019465183839201927,0.02686104607738202,nan,0.0026433467864990234,0.6175137587885593,False,False
slanted_d1.0,position+normal,cnn_large,clean,1005,0.01,0.052083333333333336,0.9479166666666666,96,0.017245709896087646,0.025929458131633786,nan,0.009800195693969727,0.6173522120965734,False,False
slanted_d1.0,position+normal,cnn_large,clean,1006,0.01,0.020833333333333332,0.9791666666666666,96,0.017725106328725815,0.026531745555919143,nan,0.0054531097412109375,0.6173286025225312,False,False
slanted_d1.0,position+normal,cnn_large,clean,1007,0.01,0.041666666666666664,0.9583333333333334,96,0.019001154229044914,0.026977315869681606,nan,0.009544849395751953,0.6186828022009784,False,False
slanted_d1.0,position+normal,cnn_large,clean,1008,0.01,0.041666666666666664,0.9583333333333334,96,0.017923444509506226,0.02654843952406482,nan,0.004095554351806641,0.6174918407358077,False,False
slanted_d1.0,position+normal,cnn_large,clean,1009,0.01,0.052083333333333336,0.9479166666666666,96,0.0201228279620409,0.027819888866170796,nan,0.004712820053100586,0.6187842780012092,False,False
slanted_d1.0,position+normal,cnn_large,mixed,1000,0.01,0.28125,0.71875,96,0.01853056252002716,0.026852337893410825,nan,0.0013747215270996094,0.617162865341521,False,False
slanted_d1.0,position+normal,cnn_large,mixed,1001,0.01,0.28125,0.71875,96,0.017937278375029564,0.027419759978777495,nan,0.002026081085205078,0.6172925752227334,False,False
slanted_d1.0,position+normal,cnn_large,mixed,1002,0.01,0.28125,0.71875,96,0.01775769144296646,0.026632060868804337,nan,0.0022547245025634766,0.6158972072619101,False,False
slanted_d1.0,position+normal,cnn_large,mixed,1003,0.01,0.2916666666666667,0.7083333333333334,96,0.017866086214780807,0.027155469783099028,nan,0.004781961441040039,0.6165415783297844,False,False
slanted_d1.0,position+normal,cnn_large,mixed,1004,0.01,0.28125,0.71875,96,0.018928783014416695,0.027739678656966138,nan,0.000934600830078125,0.6167665324363653,False,False
slanted_d1.0,position+normal,cnn_large,mixed,1005,0.01,0.2604166666666667,0.7395833333333334,96,0.019762473180890083,0.027627007925133736,nan,0.0006430149078369141,0.6154600675619917,False,False
slanted_d1.0,position+normal,cnn_large,mixed,1006,0.01,0.28125,0.71875,96,0.02182583138346672,0.031985652826059696,nan,0.002760648727416992,0.6165439679831555,False,False
slanted_d1.0,position+normal,cnn_large,mixed,1007,0.01,0.2916666666666667,0.7083333333333334,96,0.017111241817474365,0.026517073369733014,nan,0.002103567123413086,0.6161616803750026,False,False
slanted_d1.0,position+normal,cnn_large,mixed,1008,0.01,0.2916666666666667,0.7083333333333334,96,0.018446169793605804,0.026734751332326296,nan,0.0029289722442626953,0.6165227207111754,False,False
slanted_d1.0,position+normal,cnn_large,mixed,1009,0.01,0.2916666666666667,0.7083333333333334,96,0.018198391422629356,0.02692954691950061,nan,0.0010514259338378906,0.6162925203465879,False,False
slanted_d1.0,position_squared,free,clean,1000,0.05,0.2916666666666667,0.7083333333333334,96,0.00240937527269125,7.03058033728109e-08,nan,0.0,0.6164636584961879,False,False
slanted_d1.0,position_squared,free,clean,1001,0.05,0.3645833333333333,0.6354166666666666,96,0.002786458469927311,7.03058033728109e-08,nan,0.0,0.6158346762219147,False,False
slanted_d1.0,position_squared,free,clean,1002,0.05,0.3020833333333333,0.6979166666666666,96,0.0024822920095175505,7.03058033728109e-08,nan,0.0,0.6159861478235558,False,False
slanted_d1.0,position_squared,free,clean,1003,0.05,0.3020833333333333,0.6979166666666666,96,0.002406249986961484,7.03058033728109e-08,nan,0.0,0.616520093979834,False,False
slanted_d1.0,position_squared,free,clean,1004,0.05,0.3125,0.6875,96,0.002712500048801303,7.03058033728109e-08,nan,0.0,0.6160540203784846,False,False
slanted_d1.0,position_squared,free,clean,1005,0.05,0.3333333333333333,0.6666666666666666,96,0.002720833523198962,7.03058033728109e-08,nan,0.0,0.6163688957927687,False,False
slanted_d1.0,position_squared,free,clean,1006,0.05,0.22916666666666666,0.7708333333333334,96,0.0023000002838671207,7.03058033728109e-08,nan,0.0,0.616598161345042,False,False
slanted_d1.0,position_squared,free,clean,1007,0.05,0.28125,0.71875,96,0.0022781253792345524,7.03058033728109e-08,nan,0.0,0.6167154160010924,False,False
slanted_d1.0,position_squared,free,clean,1008,0.05,0.2916666666666667,0.7083333333333334,96,0.002428125124424696,7.03058033728109e-08,nan,0.0,0.6163962695593619,False,False
slanted_d1.0,position_squared,free,clean,1009,0.05,0.34375,0.65625,96,0.0025145835243165493,7.03058033728109e-08,nan,0.0,0.616083281773023,False,False
slanted_d1.0,position_squared,free,mixed,1000,0.05,0.375,0.625,96,0.000956510251853615,0.0004882522313533589,nan,0.0,0.6157178154956944,False,False
slanted_d1.0,position_squared,free,mixed,1001,0.05,0.3958333333333333,0.6041666666666666,96,0.001272939727641642,0.0004882522313533589,nan,0.0,0.6151013531170851,False,False
slanted_d1.0,position_squared,free,mixed,1002,0.05,0.375,0.625,96,0.0010294942185282707,0.0004882522313533589,nan,0.0,0.6152328497039158,False,False
slanted_d1.0,position_squared,free,mixed,1003,0.05,0.3645833333333333,0.6354166666666666,96,0.0009669064893387258,0.0004882522313533589,nan,0.0,0.6157561702336826,False,False
slanted_d1.0,position_squared,free,mixed,1004,0.05,0.3958333333333333,0.6041666666666666,96,0.0011736808810383081,0.0004882522313533589,nan,0.0,0.6153617497731685,False,False
slanted_d1.0,position_squared,free,mixed,1005,0.05,0.3854166666666667,0.6145833333333334,96,0.0011732449056580663,0.0004882522313533589,nan,0.0,0.6156740899193702,False,False
slanted_d1.0,position_squared,free,mixed,1006,0.05,0.3541666666666667,0.6458333333333334,96,0.0008786506950855255,0.0004882522313533589,nan,0.0,0.6158253845538428,False,False
slanted_d1.0,position_squared,free,mixed,1007,0.05,0.3541666666666667,0.6458333333333334,96,0.0008648099610581994,0.0004882522313533589,nan,0.0,0.6159352719037254,False,False
slanted_d1.0,position_squared,free,mixed,1008,0.05,0.375,0.625,96,0.0010067266412079334,0.0004882522313533589,nan,0.0,0.6156004984719429,False,False
slanted_d1.0,position_squared,free,mixed,1009,0.05,0.375,0.625,96,0.0010288244811818004,0.0004882522313533589,nan,0.0,0.6153601652654843,False,False
slanted_d1.0,position_squared,cnn_small,clean,1000,0.01,0.07291666666666667,0.9270833333333334,96,0.004727640189230442,0.06885483052699755,nan,0.0007035732269287109,0.6144545235934763,False,False
slanted_d1.0,position_squared,cnn_small,clean,1001,0.01,0.03125,0.96875,96,0.004435917362570763,0.06844226287628541,nan,0.0009696483612060547,0.6147273848218464,False,False
slanted_d1.0,position_squared,cnn_small,clean,1002,0.01,0.03125,0.96875,96,0.004519186913967133,0.06892651379265655,nan,0.0011467933654785156,0.6146961132236988,False,False
slanted_d1.0,position_squared,cnn_small,clean,1003,0.01,0.03125,0.96875,96,0.0044036502949893475,0.0684475750782987,nan,0.0004487037658691406,0.6147837622895184,False,False
slanted_d1.0,position_squared,cnn_small,clean,1004,0.01,0.0625,0.9375,96,0.004701937083154917,0.06895253606907975,nan,0.00055694580078125,0.614586191049861,False,False
slanted_d1.0,position_squared,cnn_small,clean,1005,0.01,0.07291666666666667,0.9270833333333334,96,0.004705476574599743,0.06881071988462784,nan,0.0004172325134277344,0.6145968575221917,False,False
slanted_d1.0,position_squared,cnn_small,clean,1006,0.01,0.0625,0.9375,96,0.004635512363165617,0.06861967718385073,nan,0.001234292984008789,0.6145220020072675,False,False
slanted_d1.0,position_squared,cnn_small,clean,1007,0.01,0.07291666666666667,0.9270833333333334,96,0.004695245996117592,0.0691586277380794,nan,0.0007350444793701172,0.614530257871917,False,False
slanted_d1.0,position_squared,cnn_small,clean,1008,0.01,0.125,0.875,96,0.004985084757208824,0.06914451755310173,nan,0.0005538463592529297,0.614330434717658,False,False
slanted_d1.0,position_squared,cnn_small,clean,1009,0.01,0.041666666666666664,0.9583333333333334,96,0.004516035318374634,0.06876125772215304,nan,0.000614166259765625,0.6146499710221348,False,False
slanted_d1.0,position_squared,cnn_small,mixed,1000,0.01,0.2916666666666667,0.7083333333333334,96,0.004373844712972641,0.06915533409309065,nan,0.0002722740173339844,0.6129306452937197,False,False
slanted_d1.0,position_squared,cnn_small,mixed,1001,0.01,0.2916666666666667,0.7083333333333334,96,0.0041799102909862995,0.06787913540888191,nan,0.00036644935607910156,0.6131536662223008,False,False
slanted_d1.0,position_squared,cnn_small,mixed,1002,0.01,0.2916666666666667,0.7083333333333334,96,0.004196772817522287,0.06796036008693054,nan,0.0003390312194824219,0.6131187718975585,False,False
slanted_d1.0,position_squared,cnn_small,mixed,1003,0.01,0.2916666666666667,0.7083333333333334,96,0.004271474201232195,0.0687008700361967,nan,0.00020241737365722656,0.6130418678331958,False,False
slanted_d1.0,position_squared,cnn_small,mixed,1004,0.01,0.2916666666666667,0.7083333333333334,96,0.004309426061809063,0.06883742194296823,nan,0.0003261566162109375,0.6130270555397968,False,False
slanted_d1.0,position_squared,cnn_small,mixed,1005,0.01,0.2916666666666667,0.7083333333333334,96,0.004265175200998783,0.06869282398322074,nan,0.00038623809814453125,0.6130306812824492,False,False
slanted_d1.0,position_squared,cnn_small,mixed,1006,0.01,0.3020833333333333,0.6979166666666666,96,0.0042235893197357655,0.0683016118263568,nan,0.00024056434631347656,0.6130561135552297,False,False
slanted_d1.0,position_squared,cnn_small,mixed,1007,0.01,0.2916666666666667,0.7083333333333334,96,0.004368630703538656,0.06922719206928268,nan,0.0005242824554443359,0.6128830130334854,False,False
slanted_d1.0,position_squared,cnn_small,mixed,1008,0.01,0.2916666666666667,0.7083333333333334,96,0.004344650078564882,0.06909392662784843,nan,0.00020360946655273438,0.6129615174297354,False,False
slanted_d1.0,position_squared,cnn_small,mixed,1009,0.01,0.2916666666666667,0.7083333333333334,96,0.004200489725917578,0.06795428136527867,nan,0.00029540061950683594,0.6130972358249942,False,False
slanted_d1.0,position_squared,cnn_large,clean,1000,0.01,0.010416666666666666,0.9895833333333334,96,0.0007896750466898084,0.028037579564287277,nan,0.004288196563720703,0.6177386626536122,False,False
slanted_d1.0,position_squared,cnn_large,clean,1001,0.01,0.052083333333333336,0.9479166666666666,96,0.0013676745584234595,0.03377123966136374,nan,0.0020401477813720703,0.6173734597063153,False,False
slanted_d1.0,position_squared,cnn_large,clean,1002,0.01,0.0625,0.9375,96,0.0013037637108936906,0.030970977508877805,nan,0.001972675323486328,0.6173252602361058,False,False
slanted_d1.0,position_squared,cnn_large,clean,1003,0.01,0.03125,0.96875,96,0.0008712036651559174,0.027619166249469407,nan,0.0008139610290527344,0.6174310392533453,False,False
slanted_d1.0,position_squared,cnn_large,clean,1004,0.01,0.125,0.875,96,0.0019568908028304577,0.037304703701543,nan,0.0013954639434814453,0.6167238179368414,False,False
slanted_d1.0,position_squared,cnn_large,clean,1005,0.01,0.052083333333333336,0.9479166666666666,96,0.0010654334910213947,0.029064021076340953,nan,0.0019567012786865234,0.6175017245977839,False,False
slanted_d1.0,position_squared,cnn_large,clean,1006,0.01,0.020833333333333332,0.9791666666666666,96,0.0009336388320662081,0.029276306393671868,nan,0.0026695728302001953,0.6175838019355399,False,False
slanted_d1.0,position_squared,cnn_large,clean,1007,0.01,0.0625,0.9375,96,0.0012749481247738004,0.032351322937746126,nan,0.0016505718231201172,0.6172333983774067,False,False
slanted_d1.0,position_squared,cnn_large,clean,1008,0.01,0.0625,0.9375,96,0.0013693891232833266,0.031542367826839675,nan,0.0016307830810546875,0.6173514060784558,False,False
slanted_d1.0,position_squared,cnn_large,clean,1009,0.01,0.052083333333333336,0.9479166666666666,96,0.0010893980506807566,0.03033176770120437,nan,0.0006654262542724609,0.6175333163557979,False,False
slanted_d1.0,position_squared,cnn_large,mixed,1000,0.01,0.2916666666666667,0.7083333333333334,96,0.0007829446694813669,0.02897957789430223,nan,0.00041866302490234375,0.6158140203994974,False,False
slanted_d1.0,position_squared,cnn_large,mixed,1001,0.01,0.2708333333333333,0.7291666666666666,96,0.000741331372410059,0.028049187572878987,nan,0.00039839744567871094,0.6159280536866311,False,False
slanted_d1.0,position_squared,cnn_large,mixed,1002,0.01,0.2916666666666667,0.7083333333333334,96,0.001030354993417859,0.03183394609766235,nan,0.0010921955108642578,0.6156198022468264,False,False
slanted_d1.0,position_squared,cnn_large,mixed,1003,0.01,0.2916666666666667,0.7083333333333334,96,0.0007596763898618519,0.028639478072465415,nan,0.0003981590270996094,0.6158447671465318,False,False
slanted_d1.0,position_squared,cnn_large,mixed,1004,0.01,0.2916666666666667,0.7083333333333334,96,0.0008901122491806746,0.030381407271123793,nan,0.0010898113250732422,0.6156995500341204,False,False
slanted_d1.0,position_squared,cnn_large,mixed,1005,0.01,0.2708333333333333,0.7291666666666666,96,0.0007860450423322618,0.028998028101053314,nan,0.0003254413604736328,0.6158094918370293,False,False
slanted_d1.0,position_squared,cnn_large,mixed,1006,0.01,0.2916666666666667,0.7083333333333334,96,0.0006777357193641365,0.027104346216808278,nan,0.0007975101470947266,0.6158581649725839,False,False
slanted_d1.0,position_squared,cnn_large,mixed,1007,0.01,0.2708333333333333,0.7291666666666666,96,0.0007937291520647705,0.02910969078770747,nan,0.0006074905395507812,0.61588690412801,False,False
slanted_d1.0,position_squared,cnn_large,mixed,1008,0.01,0.3125,0.6875,96,0.0010426363442093134,0.03250390804664217,nan,0.0007994174957275391,0.6156376923976925,False,False
slanted_d1.0,position_squared,cnn_large,mixed,1009,0.01,0.2708333333333333,0.7291666666666666,96,0.0009031918016262352,0.030796604390205075,nan,0.0005159378051757812,0.6158120656724486,False,False
