scene,objective,predictor,target,seed,lr,final_loss,rmse_interior,optimizer_gap,settle_frac,pred_std,collapsed,failed
fronto_d0.2,position,cnn_small,clean,900,0.01,0.00015374881331808865,9.256427201666233e-07,nan,0.0009751319885253906,0.09817352464790795,False,False
fronto_d0.2,position,cnn_small,clean,900,0.003,0.00011797808110713959,2.3947041816699415e-05,nan,0.002878904342651367,0.09820727709855553,False,False
fronto_d0.2,position,cnn_small,clean,900,0.001,0.0002773564192466438,5.7646547594360674e-05,nan,0.0019812583923339844,0.09811784057196463,False,False
fronto_d0.2,position,cnn_small,clean,900,0.0003,0.00046483747428283095,3.363251881411135e-05,nan,0.0006091594696044922,0.09802989115654605,False,False
fronto_d0.2,position,cnn_small,clean,901,0.01,0.00046274077612906694,1.5466304041293716e-05,nan,0.001302957534790039,0.09803753407926162,False,False
fronto_d0.2,position,cnn_small,clean,901,0.003,0.00023397858603857458,1.4295037176396641e-05,nan,0.0012636184692382812,0.09811991659805598,False,False
fronto_d0.2,position,cnn_small,clean,901,0.001,0.00037493676063604653,3.350923477266807e-05,nan,0.0007736682891845703,0.09805249514340766,False,False
fronto_d0.2,position,cnn_small,clean,901,0.0003,0.0005157263367436826,3.123806199967969e-05,nan,0.0008308887481689453,0.0979675913336659,False,False
fronto_d0.2,position,cnn_small,mixed,900,0.01,3.740585088962689e-05,2.109291275238158e-07,nan,0.001665353775024414,0.09777388761977335,False,False
fronto_d0.2,position,cnn_small,mixed,900,0.003,5.871024040970951e-05,3.226615637099427e-05,nan,0.00034689903259277344,0.09777544466922022,False,False
fronto_d0.2,position,cnn_small,mixed,900,0.001,8.267490920843557e-05,6.591284248597432e-05,nan,0.0005626678466796875,0.09776792942547138,False,False
fronto_d0.2,position,cnn_small,mixed,900,0.0003,0.00011148901103297248,8.313418282004522e-05,nan,0.00029087066650390625,0.09774684518386917,False,False
fronto_d0.2,position,cnn_small,mixed,901,0.01,4.822598202736117e-05,4.623926154333256e-06,nan,0.0007367134094238281,0.09776986034777672,False,False
fronto_d0.2,position,cnn_small,mixed,901,0.003,5.1777682529063895e-05,3.371525033956828e-05,nan,0.0019788742065429688,0.09776591332033543,False,False
fronto_d0.2,position,cnn_small,mixed,901,0.001,6.050219963071868e-05,1.5936957543767795e-05,nan,0.0007927417755126953,0.09777209675292306,False,False
fronto_d0.2,position,cnn_small,mixed,901,0.0003,7.589739107061177e-05,4.4215004391931733e-05,nan,0.00041365623474121094,0.09777362102129401,False,False
fronto_d0.2,position,cnn_large,clean,900,0.01,0.08126048743724823,0.12591680675213182,nan,0.0001442432403564453,0.0,True,True
fronto_d0.2,position,cnn_large,clean,900,0.003,0.0001740356528898701,4.383894959113289e-05,nan,0.0028228759765625,0.09818024829095423,False,False
fronto_d0.2,position,cnn_large,clean,900,0.001,0.00024942736490629613,6.746867424760871e-05,nan,0.0011992454528808594,0.09813210077426379,False,False
fronto_d0.2,position,cnn_large,clean,900,0.0003,0.0005326541140675545,0.00014530959140842973,nan,0.005240440368652344,0.09799923404597288,False,False
fronto_d0.2,position,cnn_large,clean,901,0.01,0.00027383517590351403,1.2952539637190084e-05,nan,0.001989603042602539,0.09813274827440491,False,False
fronto_d0.2,position,cnn_large,clean,901,0.003,0.0002408206055406481,6.621141452453723e-05,nan,0.001596212387084961,0.09816756232412038,False,False
fronto_d0.2,position,cnn_large,clean,901,0.001,0.00027279520872980356,8.138715152439494e-05,nan,0.0018584728240966797,0.09814352765406888,False,False
fronto_d0.2,position,cnn_large,clean,901,0.0003,0.0005736224702559412,0.0001343937247486897,nan,0.0022661685943603516,0.09797093864158285,False,False
fronto_d0.2,position,cnn_large,mixed,900,0.01,0.00010679972911020741,1.4094851199584592e-05,nan,0.0008285045623779297,0.09776154632340633,False,False
fronto_d0.2,position,cnn_large,mixed,900,0.003,7.05456841387786e-05,3.188705032281029e-05,nan,0.0007009506225585938,0.097766888156153,False,False
fronto_d0.2,position,cnn_large,mixed,900,0.001,0.00010565304546616971,9.50308743366901e-05,nan,0.0006926059722900391,0.09778384649998362,False,False
fronto_d0.2,position,cnn_large,mixed,900,0.0003,0.00033500988502055407,0.00016921861946177358,nan,0.0009417533874511719,0.09770198100474294,False,False
fronto_d0.2,position,cnn_large,mixed,901,0.01,0.00020408300042618066,6.0274515867473114e-05,nan,0.003324747085571289,0.09769961817929557,False,False
fronto_d0.2,position,cnn_large,mixed,901,0.003,0.00012355667422525585,5.1248489155601334e-05,nan,0.0008046627044677734,0.09775177284703038,False,False
fronto_d0.2,position,cnn_large,mixed,901,0.001,0.00011982826254097745,0.00010090549165323886,nan,0.0007796287536621094,0.09776690432977744,False,False
fronto_d0.2,position,cnn_large,mixed,901,0.0003,0.000269637064775452,0.00011145646777641721,nan,0.0008487701416015625,0.09772816446313598,False,False
fronto_d0.2,position+grad,cnn_small,clean,900,0.01,0.0001666235039010644,3.704700013604491e-08,nan,0.002504587173461914,0.09824404779996987,False,False
fronto_d0.2,position+grad,cnn_small,clean,900,0.003,0.00019818564760498703,6.253785172659991e-06,nan,0.0014960765838623047,0.09823275168236341,False,False
fronto_d0.2,position+grad,cnn_small,clean,900,0.001,0.0008812954765744507,1.0470408008645908e-05,nan,0.0005221366882324219,0.09814997005995635,False,False
fronto_d0.2,position+grad,cnn_small,clean,900,0.0003,0.0016295613022521138,4.029514116710884e-05,nan,0.000978708267211914,0.09804599681399306,False,False
fronto_d0.2,position+grad,cnn_small,clean,901,0.01,0.00041322095785290003,6.226362617363527e-06,nan,0.0035059452056884766,0.0982593570444293,False,False
fronto_d0.2,position+grad,cnn_small,clean,901,0.003,0.0003722148831002414,1.0262866057528011e-05,nan,0.002065896987915039,0.09821045463806131,False,False
fronto_d0.2,position+grad,cnn_small,clean,901,0.001,0.0009838698897510767,2.0361583845312964e-05,nan,0.0013887882232666016,0.09812630193356178,False,False
fronto_d0.2,position+grad,cnn_small,clean,901,0.0003,0.0017062457045540214,2.9808386876701048e-05,nan,0.0008130073547363281,0.09799173378023748,False,False
fronto_d0.2,position+grad,cnn_small,mixed,900,0.01,0.00013096944894641638,8.790086617531382e-06,nan,0.0027489662170410156,0.09776946463978364,False,False
fronto_d0.2,position+grad,cnn_small,mixed,900,0.003,0.00011331302812322974,7.357840449833735e-06,nan,0.00017881393432617188,0.0977777557055492,False,False
fronto_d0.2,position+grad,cnn_small,mixed,900,0.001,0.00011800500215031207,1.3114872479552352e-05,nan,0.0003516674041748047,0.09777828524013503,False,False
fronto_d0.2,position+grad,cnn_small,mixed,900,0.0003,0.00019226604490540922,2.730299866355363e-05,nan,0.0005459785461425781,0.09776342201955346,False,False
fronto_d0.2,position+grad,cnn_small,mixed,901,0.01,0.00011575533426366746,1.5460883980950434e-07,nan,0.0010913610458374023,0.09777418367108012,False,False
fronto_d0.2,position+grad,cnn_small,mixed,901,0.003,0.00013620576646644622,1.2201570858761241e-05,nan,0.0007963180541992188,0.09777836543289699,False,False
fronto_d0.2,position+grad,cnn_small,mixed,901,0.001,0.00013107371341902763,1.3594083447073986e-05,nan,0.0008928775787353516,0.0977791589116434,False,False
fronto_d0.2,position+grad,cnn_small,mixed,901,0.0003,0.00020354180014692247,3.7519857193799047e-05,nan,8.940696716308594e-05,0.09777897048337181,False,False
fronto_d0.2,position+grad,cnn_large,clean,900,0.01,0.08480559289455414,0.12591680675213182,nan,0.00025153160095214844,0.0,True,True
fronto_d0.2,position+grad,cnn_large,clean,900,0.003,0.00013085601676721126,1.61106290716805e-05,nan,0.00029087066650390625,0.09825138478727971,False,False
fronto_d0.2,position+grad,cnn_large,clean,900,0.001,0.000359175493940711,6.786884801412556e-05,nan,0.004580020904541016,0.09823516440084606,False,False
fronto_d0.2,position+grad,cnn_large,clean,900,0.0003,0.0012950485106557608,9.730956217303914e-05,nan,0.003889799118041992,0.09810094845885012,False,False
fronto_d0.2,position+grad,cnn_large,clean,901,0.01,0.00017515620857011527,2.027644307682618e-05,nan,0.002287626266479492,0.09825262058543076,False,False
fronto_d0.2,position+grad,cnn_large,clean,901,0.003,0.0005687471712008119,4.909626934759553e-05,nan,0.0036334991455078125,0.09818993222289103,False,False
fronto_d0.2,position+grad,cnn_large,clean,901,0.001,0.0004950715810991824,6.041209667315929e-05,nan,0.004227161407470703,0.09820844342351591,False,False
fronto_d0.2,position+grad,cnn_large,clean,901,0.0003,0.0011413900647312403,9.825959823120497e-05,nan,0.0008606910705566406,0.09811873716548515,False,False
fronto_d0.2,position+grad,cnn_large,mixed,900,0.01,0.00019539648201316595,1.5938074704021356e-05,nan,0.0012004375457763672,0.09777234839037588,False,False
fronto_d0.2,position+grad,cnn_large,mixed,900,0.003,0.00016627274453639984,1.43481011907585e-05,nan,0.0004863739013671875,0.09778283876946699,False,False
fronto_d0.2,position+grad,cnn_large,mixed,900,0.001,0.00019310647621750832,6.836409255094061e-05,nan,0.0003612041473388672,0.09778065791438983,False,False
fronto_d0.2,position+grad,cnn_large,mixed,900,0.0003,0.0005284952349029481,0.0001203401591230549,nan,0.0012040138244628906,0.09772833237617974,False,False
fronto_d0.2,position+grad,cnn_large,mixed,901,0.01,0.08487674593925476,0.12591635643999036,nan,0.000247955322265625,0.0,True,True
fronto_d0.2,position+grad,cnn_large,mixed,901,0.003,0.00028485042275860906,3.557666530192822e-05,nan,0.0009632110595703125,0.09778269060569829,False,False
fronto_d0.2,position+grad,cnn_large,mixed,901,0.001,0.00018519305740483105,3.406583665367829e-05,nan,0.0005209445953369141,0.09776639042779191,False,False
fronto_d0.2,position+grad,cnn_large,mixed,901,0.0003,0.00033586344216018915,0.00013187592627477424,nan,0.00041484832763671875,0.09776396333040523,False,False
fronto_d0.2,position+normal,cnn_small,clean,900,0.01,5.230237729847431e-05,4.3428276590453094e-07,nan,0.0047719478607177734,0.09823103411720958,False,False
fronto_d0.2,position+normal,cnn_small,clean,900,0.003,0.00023060961393639445,2.1151992877073257e-05,nan,0.0007772445678710938,0.09815115011121077,False,False
fronto_d0.2,position+normal,cnn_small,clean,900,0.001,0.0003463105531409383,6.577567517571296e-05,nan,0.0005495548248291016,0.09810426128714547,False,False
fronto_d0.2,position+normal,cnn_small,clean,900,0.0003,0.000553418998606503,6.0713297298003794e-05,nan,0.0004470348358154297,0.09800796870542496,False,False
fronto_d0.2,position+normal,cnn_small,clean,901,0.01,0.00023875475744716823,9.150995147733412e-06,nan,0.0027704238891601562,0.09814702333974339,False,False
fronto_d0.2,position+normal,cnn_small,clean,901,0.003,0.00028200619271956384,8.407110341705473e-06,nan,0.0011909008026123047,0.09813035076027878,False,False
fronto_d0.2,position+normal,cnn_small,clean,901,0.001,0.0004332910757511854,2.282931562857924e-05,nan,0.0011324882507324219,0.09804549614702619,False,False
fronto_d0.2,position+normal,cnn_small,clean,901,0.0003,0.0006040514563210309,4.8312029398042954e-05,nan,0.00031828880310058594,0.0979701199926816,False,False
fronto_d0.2,position+normal,cnn_small,mixed,900,0.01,7.453424768755212e-05,2.2143247896061335e-05,nan,0.0026273727416992188,0.09776365226289255,False,False
fronto_d0.2,position+normal,cnn_small,mixed,900,0.003,5.344302189769223e-05,3.0932109009130276e-05,nan,0.0007259845733642578,0.09777647447046647,False,False
fronto_d0.2,position+normal,cnn_small,mixed,900,0.001,6.805395241826773e-05,6.194121611697602e-05,nan,0.0006115436553955078,0.09777193611033627,False,False
fronto_d0.2,position+normal,cnn_small,mixed,900,0.0003,9.613843576516956e-05,7.68791719543875e-05,nan,0.00041484832763671875,0.09776068670622667,False,False
fronto_d0.2,position+normal,cnn_small,mixed,901,0.01,3.7326550227589905e-05,1.5460883980950434e-07,nan,0.0006961822509765625,0.09777045716527694,False,False
fronto_d0.2,position+normal,cnn_small,mixed,901,0.003,4.709666973212734e-05,1.749934822213792e-05,nan,0.0009423494338989258,0.09777489935142424,False,False
fronto_d0.2,position+normal,cnn_small,mixed,901,0.001,5.9551042795646936e-05,1.6024402158859197e-05,nan,0.0002586841583251953,0.09776917419010145,False,False
fronto_d0.2,position+normal,cnn_small,mixed,901,0.0003,7.97637112555094e-05,3.5715798403297833e-05,nan,0.00013589859008789062,0.09776690323375498,False,False
fronto_d0.2,position+normal,cnn_large,clean,900,0.01,0.0005140953580848873,5.6318933177207835e-05,nan,0.002384185791015625,0.09800676630733214,False,False
fronto_d0.2,position+normal,cnn_large,clean,900,0.003,0.00024149268574547023,3.1962693393437506e-05,nan,0.0009417533874511719,0.09815413640694258,False,False
fronto_d0.2,position+normal,cnn_large,clean,900,0.001,0.0002775051398202777,8.714099268845063e-05,nan,0.0009894371032714844,0.09813053357348081,False,False
fronto_d0.2,position+normal,cnn_large,clean,900,0.0003,0.0006769437459297478,0.00015581959892755538,nan,0.005697011947631836,0.09796660349805503,False,False
fronto_d0.2,position+normal,cnn_large,clean,901,0.01,0.0003204823879059404,3.7369354936502445e-05,nan,0.0008535385131835938,0.09812299763143334,False,False
fronto_d0.2,position+normal,cnn_large,clean,901,0.003,0.0003357555833645165,3.742313314924459e-05,nan,0.0012683868408203125,0.09812203675183466,False,False
fronto_d0.2,position+normal,cnn_large,clean,901,0.001,0.0002585551992524415,8.121015363296025e-05,nan,0.001971721649169922,0.09814967462912644,False,False
fronto_d0.2,position+normal,cnn_large,clean,901,0.0003,0.0006094258860684931,0.00013682713179874242,nan,0.003070831298828125,0.09798684926918348,False,False
fronto_d0.2,position+normal,cnn_large,mixed,900,0.01,0.08163799345493317,0.125916956856724,nan,0.0004565715789794922,0.0,True,True
fronto_d0.2,position+normal,cnn_large,mixed,900,0.003,7.748465577606112e-05,2.628528133669664e-05,nan,0.0003910064697265625,0.09777705479960472,False,False
fronto_d0.2,position+normal,cnn_large,mixed,900,0.001,0.0001557948999106884,9.342974085312334e-05,nan,0.0009500980377197266,0.09777524919500932,False,False
fronto_d0.2,position+normal,cnn_large,mixed,900,0.0003,0.00028284883592277765,0.00015025250630512141,nan,0.0012743473052978516,0.09771151112152723,False,False
fronto_d0.2,position+normal,cnn_large,mixed,901,0.01,0.0001319705625064671,8.831293517818162e-05,nan,0.0017380714416503906,0.09775277998783743,False,False
fronto_d0.2,position+normal,cnn_large,mixed,901,0.003,0.00010558850772213191,5.5176308869306035e-05,nan,0.0010967254638671875,0.09777498236832087,False,False
fronto_d0.2,position+normal,cnn_large,mixed,901,0.001,9.567170491209254e-05,7.182219131043892e-05,nan,0.001424551010131836,0.09776542544601644,False,False
fronto_d0.2,position+normal,cnn_large,mixed,901,0.0003,0.0002704539801925421,0.00012577277215038737,nan,0.000972747802734375,0.09772563118372479,False,False
fronto_d0.2,position+both,cnn_small,clean,900,0.01,0.0003976824809797108,4.7039916392228536e-06,nan,0.00598907470703125,0.09820176430952526,False,False
fronto_d0.2,position+both,cnn_small,clean,900,0.003,0.00036725751124322414,5.007972221527189e-06,nan,0.0008630752563476562,0.09821378552619395,False,False
fronto_d0.2,position+both,cnn_small,clean,900,0.001,0.0006212561274878681,2.3634912670395216e-05,nan,0.0006937980651855469,0.09818195006187666,False,False
fronto_d0.2,position+both,cnn_small,clean,900,0.0003,0.0015755502972751856,3.511453415866772e-05,nan,0.0005853176116943359,0.09805034581256251,False,False
fronto_d0.2,position+both,cnn_small,clean,901,0.01,0.00028242741245776415,7.850640693008694e-07,nan,0.0011134147644042969,0.09824960908589996,False,False
fronto_d0.2,position+both,cnn_small,clean,901,0.003,0.0003660406218841672,4.197748445564318e-06,nan,0.0020182132720947266,0.09821642252152374,False,False
fronto_d0.2,position+both,cnn_small,clean,901,0.001,0.0010287829209119081,1.1858022471393428e-05,nan,0.0012987852096557617,0.09813313514121923,False,False
fronto_d0.2,position+both,cnn_small,clean,901,0.0003,0.001987223047763109,3.4044399839768284e-05,nan,0.0003707408905029297,0.09797360222964104,False,False
fronto_d0.2,position+both,cnn_small,mixed,900,0.01,0.00013993639731779695,1.1910540262419116e-06,nan,0.000972747802734375,0.09777424228492931,False,False
fronto_d0.2,position+both,cnn_small,mixed,900,0.003,0.00010650794865796342,9.740943312398944e-06,nan,0.0006866455078125,0.09777798077223572,False,False
fronto_d0.2,position+both,cnn_small,mixed,900,0.001,0.0001523209357401356,5.198404912939216e-06,nan,0.0003039836883544922,0.09777597853817077,False,False
fronto_d0.2,position+both,cnn_small,mixed,900,0.0003,0.00025752067449502647,5.936535816369423e-05,nan,0.0001239776611328125,0.09775373425878764,False,False
fronto_d0.2,position+both,cnn_small,mixed,901,0.01,0.00011567428009584546,1.0392963955007761e-06,nan,0.0005710124969482422,0.09777450546431822,False,False
fronto_d0.2,position+both,cnn_small,mixed,901,0.003,0.00012469367356970906,6.224343303326573e-06,nan,0.0003790855407714844,0.09778192377230406,False,False
fronto_d0.2,position+both,cnn_small,mixed,901,0.001,0.000127865670947358,1.0649470605014258e-05,nan,0.0018918514251708984,0.09778246413101847,False,False
fronto_d0.2,position+both,cnn_small,mixed,901,0.0003,0.00020816538017243147,3.181558510867092e-05,nan,0.0008189678192138672,0.09777589263284252,False,False
fronto_d0.2,position+both,cnn_large,clean,900,0.01,0.08515015989542007,0.1259162063364882,nan,0.0011408329010009766,0.0,True,True
fronto_d0.2,position+both,cnn_large,clean,900,0.003,0.00017667243082541972,2.0047722812959978e-05,nan,0.0004601478576660156,0.09825104701985957,False,False
fronto_d0.2,position+both,cnn_large,clean,900,0.001,0.0005025987047702074,0.0001062884890543438,nan,0.0035059452056884766,0.09822088037798607,False,False
fronto_d0.2,position+both,cnn_large,clean,900,0.0003,0.0015408523613587022,0.00013404439256300588,nan,0.004010200500488281,0.09806926511920765,False,False
fronto_d0.2,position+both,cnn_large,clean,901,0.01,0.000329136208165437,2.0444366834899926e-05,nan,0.008519887924194336,0.09821681144950985,False,False
fronto_d0.2,position+both,cnn_large,clean,901,0.003,0.0003555508446879685,4.829699276140821e-05,nan,0.0031769275665283203,0.09822560169041297,False,False
fronto_d0.2,position+both,cnn_large,clean,901,0.001,0.0006832825602032244,5.983742195757083e-05,nan,0.0010204315185546875,0.09817743353824869,False,False
fronto_d0.2,position+both,cnn_large,clean,901,0.0003,0.0010732816299423575,9.994741063450082e-05,nan,0.002218484878540039,0.09812173218146467,False,False
fronto_d0.2,position+both,cnn_large,mixed,900,0.01,0.0002406231506029144,1.402988010720582e-05,nan,0.0008749961853027344,0.09775812878143235,False,False
fronto_d0.2,position+both,cnn_large,mixed,900,0.003,0.000133230205392465,1.857077865172507e-05,nan,0.0005519390106201172,0.0977690848435445,False,False
fronto_d0.2,position+both,cnn_large,mixed,900,0.001,0.00018878943228628486,6.303940603491612e-05,nan,0.0005054473876953125,0.0977865673123424,False,False
fronto_d0.2,position+both,cnn_large,mixed,900,0.0003,0.0005576355615630746,8.749597908181683e-05,nan,0.0009799003601074219,0.09772465301196229,False,False
fronto_d0.2,position+both,cnn_large,mixed,901,0.01,0.0002510319172870368,2.7588035854299206e-05,nan,0.0008821487426757812,0.0977679905958582,False,False
fronto_d0.2,position+both,cnn_large,mixed,901,0.003,0.00017764557560440153,1.990208760413057e-05,nan,0.0009322166442871094,0.09777617644086974,False,False
fronto_d0.2,position+both,cnn_large,mixed,901,0.001,0.0001736166450427845,3.35329039678366e-05,nan,0.00024437904357910156,0.09776478022348775,False,False
fronto_d0.2,position+both,cnn_large,mixed,901,0.0003,0.0004499796195887029,0.00011569296916389103,nan,0.0012969970703125,0.09772704803770459,False,False
fronto_d0.2,position+conf,cnn_small,clean,900,0.01,-1.0564311742782593,3.704700013604491e-08,nan,0.0042569637298583984,0.09824166934539585,False,False
fronto_d0.2,position+conf,cnn_small,clean,900,0.003,-0.5228195786476135,1.8486504161682856e-05,nan,0.001341104507446289,0.09819968325183404,False,False
fronto_d0.2,position+conf,cnn_small,clean,900,0.001,-0.23510798811912537,6.287890399033265e-05,nan,0.0013947486877441406,0.09810853519869045,False,False
fronto_d0.2,position+conf,cnn_small,clean,900,0.0003,-0.16225562989711761,8.54323166635809e-05,nan,0.0007176399230957031,0.09799875951967461,False,False
fronto_d0.2,position+conf,cnn_small,clean,901,0.01,-0.9561402797698975,1.771669815333611e-05,nan,0.0019979476928710938,0.09805328035244502,False,False
fronto_d0.2,position+conf,cnn_small,clean,901,0.003,-0.5186126232147217,2.3534064162935028e-05,nan,0.003255605697631836,0.09816878904808751,False,False
fronto_d0.2,position+conf,cnn_small,clean,901,0.001,-0.23397523164749146,3.182242408367269e-05,nan,0.0011289119720458984,0.09806989280826267,False,False
fronto_d0.2,position+conf,cnn_small,clean,901,0.0003,-0.16187183558940887,5.652257349956882e-05,nan,0.0007212162017822266,0.09798644389769812,False,False
fronto_d0.2,position+conf,cnn_small,mixed,900,0.01,-1.0516315698623657,1.5460883980950434e-07,nan,0.0019752979278564453,0.09777929513552099,False,False
fronto_d0.2,position+conf,cnn_small,mixed,900,0.003,-0.5219354629516602,3.863459490439332e-05,nan,0.0009107589721679688,0.0977737333635195,False,False
fronto_d0.2,position+conf,cnn_small,mixed,900,0.001,-0.23538735508918762,6.322546325975971e-05,nan,0.0004947185516357422,0.09776981434537063,False,False
fronto_d0.2,position+conf,cnn_small,mixed,900,0.0003,-0.16315138339996338,7.461225877449078e-05,nan,0.00038504600524902344,0.09775679292903328,False,False
fronto_d0.2,position+conf,cnn_small,mixed,901,0.01,-1.077260136604309,1.5460883980950434e-07,nan,0.00429987907409668,0.09777394384436817,False,False
fronto_d0.2,position+conf,cnn_small,mixed,901,0.003,-0.5209535956382751,2.2538343359337338e-05,nan,0.0010436773300170898,0.09777557651645963,False,False
fronto_d0.2,position+conf,cnn_small,mixed,901,0.001,-0.2348232865333557,1.4690512077840987e-05,nan,0.0005239248275756836,0.0977729276842297,False,False
fronto_d0.2,position+conf,cnn_small,mixed,901,0.0003,-0.16289450228214264,4.441907018260483e-05,nan,0.0009703636169433594,0.09777143329993647,False,False
fronto_d0.2,position+conf,cnn_large,clean,900,0.01,-1.0525233745574951,4.376714820818993e-06,nan,0.0057697296142578125,0.09823484550775634,False,False
fronto_d0.2,position+conf,cnn_large,clean,900,0.003,-0.5217509865760803,1.0803998082908737e-05,nan,0.0022292137145996094,0.09824500846141827,False,False
fronto_d0.2,position+conf,cnn_large,clean,900,0.001,-0.23635737597942352,0.00011066756950556984,nan,0.004506111145019531,0.09812852820861752,False,False
fronto_d0.2,position+conf,cnn_large,clean,900,0.0003,-0.1620294451713562,0.00015796344982807207,nan,0.0018930435180664062,0.0978721425766078,False,False
fronto_d0.2,position+conf,cnn_large,clean,901,0.01,-0.9456524848937988,1.3590453072251957e-06,nan,0.003988742828369141,0.09812488875393441,False,False
fronto_d0.2,position+conf,cnn_large,clean,901,0.003,-0.5094506144523621,1.096573849329517e-05,nan,0.006353855133056641,0.098197245128492,False,False
fronto_d0.2,position+conf,cnn_large,clean,901,0.001,-0.23637324571609497,7.057643864154985e-05,nan,0.001163482666015625,0.09817021252608334,False,False
fronto_d0.2,position+conf,cnn_large,clean,901,0.0003,-0.162553071975708,0.00014184341725801514,nan,0.0028884410858154297,0.0979744154167319,False,False
fronto_d0.2,position+conf,cnn_large,mixed,900,0.01,-0.8274616003036499,2.682176379767336e-07,nan,0.019818544387817383,0.09776397781945094,False,False
fronto_d0.2,position+conf,cnn_large,mixed,900,0.003,-0.5189030170440674,1.6296217870453603e-05,nan,0.0022363662719726562,0.09778087389140064,False,False
fronto_d0.2,position+conf,cnn_large,mixed,900,0.001,-0.2364492565393448,7.555561267253005e-05,nan,0.0005233287811279297,0.0977722048614999,False,False
fronto_d0.2,position+conf,cnn_large,mixed,900,0.0003,-0.16297180950641632,0.00016090745193417697,nan,0.0010037422180175781,0.09771058285723552,False,False
fronto_d0.2,position+conf,cnn_large,mixed,901,0.01,-0.5264280438423157,0.125916956856724,nan,0.0003123283386230469,0.0,True,True
fronto_d0.2,position+conf,cnn_large,mixed,901,0.003,-0.5109540820121765,1.0373378514169707e-05,nan,0.0006103515625,0.09778257200098511,False,False
fronto_d0.2,position+conf,cnn_large,mixed,901,0.001,-0.2368357926607132,7.512578388509774e-05,nan,0.0014042854309082031,0.09776232789206919,False,False
fronto_d0.2,position+conf,cnn_large,mixed,901,0.0003,-0.16300688683986664,0.00013842029126007174,nan,0.0008118152618408203,0.09769648146494062,False,False
fronto_d0.2,position+conf_noclip,cnn_small,clean,900,0.01,-0.3424963057041168,7.932237529512949e-07,nan,0.007777214050292969,0.0982318629611718,False,False
fronto_d0.2,position+conf_noclip,cnn_small,clean,900,0.003,-0.15310417115688324,2.301706188758097e-05,nan,0.0018763542175292969,0.09819246418295066,False,False
fronto_d0.2,position+conf_noclip,cnn_small,clean,900,0.001,-0.023345496505498886,6.387167548967124e-05,nan,0.0010657310485839844,0.0981301713700376,False,False
fronto_d0.2,position+conf_noclip,cnn_small,clean,900,0.0003,0.04177330806851387,3.193835075275148e-05,nan,0.00049591064453125,0.09799493495440853,False,False
fronto_d0.2,position+conf_noclip,cnn_small,clean,901,0.01,-0.3346811532974243,6.072715469533464e-06,nan,0.0020110607147216797,0.09809826817971716,False,False
fronto_d0.2,position+conf_noclip,cnn_small,clean,901,0.003,-0.1532454788684845,3.2276724736963057e-05,nan,0.002554655075073242,0.09815107134510326,False,False
fronto_d0.2,position+conf_noclip,cnn_small,clean,901,0.001,-0.02301933988928795,2.5656639073854396e-05,nan,0.0008785724639892578,0.0980323957405473,False,False
fronto_d0.2,position+conf_noclip,cnn_small,clean,901,0.0003,0.04185421019792557,3.79994042562185e-05,nan,0.0007450580596923828,0.09797135633181894,False,False
fronto_d0.2,position+conf_noclip,cnn_small,mixed,900,0.01,-0.34182459115982056,4.0751700287660235e-07,nan,0.0019180774688720703,0.09777928617372167,False,False
fronto_d0.2,position+conf_noclip,cnn_small,mixed,900,0.003,-0.15314100682735443,3.138284770915144e-05,nan,0.000667572021484375,0.09777598073451928,False,False
fronto_d0.2,position+conf_noclip,cnn_small,mixed,900,0.001,-0.023523949086666107,6.484296953151523e-05,nan,0.0012803077697753906,0.0977636460011278,False,False
fronto_d0.2,position+conf_noclip,cnn_small,mixed,900,0.0003,0.04145229607820511,7.366368825455849e-05,nan,0.00030040740966796875,0.09775459790040558,False,False
fronto_d0.2,position+conf_noclip,cnn_small,mixed,901,0.01,-0.34233126044273376,3.024865827300833e-07,nan,0.0019085407257080078,0.09777249515488352,False,False
fronto_d0.2,position+conf_noclip,cnn_small,mixed,901,0.003,-0.15357521176338196,4.1993335369047375e-05,nan,0.0004112720489501953,0.09776618890521388,False,False
fronto_d0.2,position+conf_noclip,cnn_small,mixed,901,0.001,-0.023467807099223137,8.35731588659292e-06,nan,0.0007045269012451172,0.09777390063911469,False,False
fronto_d0.2,position+conf_noclip,cnn_small,mixed,901,0.0003,0.04150427505373955,4.2191708206521764e-05,nan,0.0005090236663818359,0.09777426298236672,False,False
fronto_d0.2,position+conf_noclip,cnn_large,clean,900,0.01,-0.3372955024242401,4.242287011010658e-05,nan,0.0013446807861328125,0.09816099988251731,False,False
fronto_d0.2,position+conf_noclip,cnn_large,clean,900,0.003,-0.15496112406253815,1.4037262053752253e-05,nan,0.0021409988403320312,0.09819005669578988,False,False
fronto_d0.2,position+conf_noclip,cnn_large,clean,900,0.001,-0.024380233138799667,7.902379064757037e-05,nan,0.001995563507080078,0.09814090865002403,False,False
fronto_d0.2,position+conf_noclip,cnn_large,clean,900,0.0003,0.04160768538713455,0.00016906586490204444,nan,0.003203153610229492,0.0979682731783448,False,False
fronto_d0.2,position+conf_noclip,cnn_large,clean,901,0.01,-0.3238902986049652,5.438434970481718e-06,nan,0.014265775680541992,0.09822904912321632,False,False
fronto_d0.2,position+conf_noclip,cnn_large,clean,901,0.003,-0.1545933187007904,2.4689766621961293e-05,nan,0.0022292137145996094,0.09814713474365838,False,False
fronto_d0.2,position+conf_noclip,cnn_large,clean,901,0.001,-0.024151571094989777,7.646520383354547e-05,nan,0.0016379356384277344,0.09815942635845291,False,False
fronto_d0.2,position+conf_noclip,cnn_large,clean,901,0.0003,0.041582029312849045,0.00013867607804863782,nan,0.0030875205993652344,0.09794673552026607,False,False
fronto_d0.2,position+conf_noclip,cnn_large,mixed,900,0.01,-0.34069153666496277,2.109291275238158e-07,nan,0.0016069412231445312,0.09774788498531657,False,False
fronto_d0.2,position+conf_noclip,cnn_large,mixed,900,0.003,-0.15573421120643616,2.1945648465883097e-05,nan,0.0005352497100830078,0.097768186653523,False,False
fronto_d0.2,position+conf_noclip,cnn_large,mixed,900,0.001,-0.024549536406993866,8.367411965782499e-05,nan,0.00046133995056152344,0.09777245932171856,False,False
fronto_d0.2,position+conf_noclip,cnn_large,mixed,900,0.0003,0.04135730117559433,0.00016143105869851569,nan,0.0008249282836914062,0.09770141786448183,False,False
fronto_d0.2,position+conf_noclip,cnn_large,mixed,901,0.01,-0.32083794474601746,2.3272000820667177e-05,nan,0.001844167709350586,0.09774729016721541,False,False
fronto_d0.2,position+conf_noclip,cnn_large,mixed,901,0.003,-0.15514956414699554,3.23488655837639e-05,nan,0.0014865398406982422,0.09777294625772878,False,False
fronto_d0.2,position+conf_noclip,cnn_large,mixed,901,0.001,-0.024238456040620804,8.08645603500497e-05,nan,0.0008702278137207031,0.09776141521688589,False,False
fronto_d0.2,position+conf_noclip,cnn_large,mixed,901,0.0003,0.04132697358727455,0.0001163134815763268,nan,0.001430511474609375,0.09771898234871,False,False
fronto_d0.2,position_squared,cnn_small,clean,900,0.01,4.991008154320298e-06,3.326078878160235e-05,nan,0.0008237361907958984,0.0982143519181787,False,False
fronto_d0.2,position_squared,cnn_small,clean,900,0.003,8.94940512807807e-06,8.42706243699716e-05,nan,0.0004887580871582031,0.09818867029105358,False,False
fronto_d0.2,position_squared,cnn_small,clean,900,0.001,1.289267856918741e-05,6.769066414588031e-05,nan,0.0005841255187988281,0.09819163363435601,False,False
fronto_d0.2,position_squared,cnn_small,clean,900,0.0003,1.9554161553969607e-05,0.00018114124804780203,nan,0.00039577484130859375,0.09817759279082397,False,False
fronto_d0.2,position_squared,cnn_small,clean,901,0.01,1.0307807315257378e-05,2.1835450825189375e-05,nan,0.0005710124969482422,0.0981948530774552,False,False
fronto_d0.2,position_squared,cnn_small,clean,901,0.003,1.2071190212736838e-05,2.1112567680214526e-05,nan,0.0010085105895996094,0.09818447645958167,False,False
fronto_d0.2,position_squared,cnn_small,clean,901,0.001,8.26743143989006e-06,7.97450534333961e-05,nan,0.00064849853515625,0.09819650138993828,False,False
fronto_d0.2,position_squared,cnn_small,clean,901,0.0003,1.2578115274664015e-05,8.400438641869796e-05,nan,0.0012922286987304688,0.09816414823273838,False,False
fronto_d0.2,position_squared,cnn_small,mixed,900,0.01,2.820051747676189e-07,1.3988460861226359e-05,nan,0.0001430511474609375,0.09777427227290084,False,False
fronto_d0.2,position_squared,cnn_small,mixed,900,0.003,4.5678871174459346e-07,3.55136853518346e-05,nan,8.821487426757812e-05,0.09777251693400674,False,False
fronto_d0.2,position_squared,cnn_small,mixed,900,0.001,3.920466440376913e-07,6.363979039403746e-05,nan,6.794929504394531e-05,0.09777446930736289,False,False
fronto_d0.2,position_squared,cnn_small,mixed,900,0.0003,5.976295369691798e-07,0.00010641703671461356,nan,4.649162292480469e-05,0.09777137812983817,False,False
fronto_d0.2,position_squared,cnn_small,mixed,901,0.01,3.09265004716508e-07,7.179406369717379e-06,nan,0.0002014636993408203,0.0977797912740802,False,False
fronto_d0.2,position_squared,cnn_small,mixed,901,0.003,3.0003400297573535e-07,3.007075854185678e-05,nan,5.245208740234375e-05,0.09777427543520965,False,False
fronto_d0.2,position_squared,cnn_small,mixed,901,0.001,2.3348316346982756e-07,5.185583526007644e-05,nan,0.00013947486877441406,0.09777829566454892,False,False
fronto_d0.2,position_squared,cnn_small,mixed,901,0.0003,4.7235548095159174e-07,6.824875224824628e-05,nan,4.172325134277344e-05,0.09777397658126816,False,False
fronto_d0.2,position_squared,cnn_large,clean,900,0.01,1.9543522284948267e-05,0.0006732183763338295,nan,0.002230405807495117,0.09816779592965195,False,False
fronto_d0.2,position_squared,cnn_large,clean,900,0.003,8.395238182856701e-06,0.00022624436328501826,nan,0.001550912857055664,0.09818513816529492,False,False
fronto_d0.2,position_squared,cnn_large,clean,900,0.001,3.2055099836725276e-06,0.0002418485868965841,nan,0.001430511474609375,0.09824872580550816,False,False
fronto_d0.2,position_squared,cnn_large,clean,900,0.0003,7.303607162612025e-06,0.0002208049254437786,nan,0.0031495094299316406,0.09819382765042706,False,False
fronto_d0.2,position_squared,cnn_large,clean,901,0.01,0.00017667845531832427,0.002930925408247196,nan,0.0006175041198730469,0.09740025266093394,False,False
fronto_d0.2,position_squared,cnn_large,clean,901,0.003,3.042330490643508e-06,0.0002650212513791132,nan,0.0008261203765869141,0.0982284648167708,False,False
fronto_d0.2,position_squared,cnn_large,clean,901,0.001,7.554440344392788e-06,0.00020592998187624132,nan,0.0011026859283447266,0.09822078751519187,False,False
fronto_d0.2,position_squared,cnn_large,clean,901,0.0003,1.1717452252923977e-05,0.000310102076467941,nan,0.0011146068572998047,0.09822038860451948,False,False
fronto_d0.2,position_squared,cnn_large,mixed,900,0.01,3.4054330626531737e-06,0.00029053231571298573,nan,0.0016951560974121094,0.09772850965436575,False,False
fronto_d0.2,position_squared,cnn_large,mixed,900,0.003,8.884885573934298e-07,0.00015231154174077927,nan,0.0003552436828613281,0.09775925445126517,False,False
fronto_d0.2,position_squared,cnn_large,mixed,900,0.001,2.3806215665445052e-07,0.0001399829126023417,nan,0.0002646446228027344,0.09777157562147329,False,False
fronto_d0.2,position_squared,cnn_large,mixed,900,0.0003,3.9391954942402663e-07,0.00014955445988836915,nan,0.00030517578125,0.09777531167683758,False,False
fronto_d0.2,position_squared,cnn_large,mixed,901,0.01,0.00010251969797536731,0.003934748523547411,nan,0.0018167495727539062,0.09689673047066723,False,False
fronto_d0.2,position_squared,cnn_large,mixed,901,0.003,3.0860081778882886e-07,0.00014160323787121686,nan,0.0002932548522949219,0.09777031755663299,False,False
fronto_d0.2,position_squared,cnn_large,mixed,901,0.001,6.240078960217943e-07,0.00017524975697972466,nan,0.00023126602172851562,0.09776606493905117,False,False
fronto_d0.2,position_squared,cnn_large,mixed,901,0.0003,5.933051738793438e-07,0.00020504747516519693,nan,0.0003337860107421875,0.09777744212610338,False,False
fronto_d1.0,position,cnn_small,clean,900,0.01,0.0006799923721700907,0.00013684277475276802,nan,0.003876924514770508,0.4909478554181813,False,False
fronto_d1.0,position,cnn_small,clean,900,0.003,0.001549536013044417,0.0001805446054433047,nan,0.0009725093841552734,0.490498583750485,False,False
fronto_d1.0,position,cnn_small,clean,900,0.001,0.002403848571702838,0.00027537260837574374,nan,0.00039005279541015625,0.49013947617017495,False,False
fronto_d1.0,position,cnn_small,clean,900,0.0003,0.0034784229937940836,0.00028990204197905384,nan,0.00039315223693847656,0.48942824747325736,False,False
fronto_d1.0,position,cnn_small,clean,901,0.01,0.0008311743731610477,3.295565386431107e-05,nan,0.0013527870178222656,0.49081890696763203,False,False
fronto_d1.0,position,cnn_small,clean,901,0.003,0.0020578729454427958,6.273290714953272e-05,nan,0.0018076896667480469,0.490151827852942,False,False
fronto_d1.0,position,cnn_small,clean,901,0.001,0.0023308731615543365,6.054499683343439e-05,nan,0.0009169578552246094,0.4900144392722051,False,False
fronto_d1.0,position,cnn_small,clean,901,0.0003,0.009159298613667488,0.00019653077776599385,nan,0.00047898292541503906,0.4854389559498602,False,False
fronto_d1.0,position,cnn_small,mixed,900,0.01,0.00028035964351147413,0.00010006337939600433,nan,0.00048732757568359375,0.488880032625519,False,False
fronto_d1.0,position,cnn_small,mixed,900,0.003,0.0004118482465855777,0.00016652461204599137,nan,0.00034546852111816406,0.48882195309961135,False,False
fronto_d1.0,position,cnn_small,mixed,900,0.001,0.0005035742069594562,0.00025718730410108365,nan,0.0007834434509277344,0.48879982997340615,False,False
fronto_d1.0,position,cnn_small,mixed,900,0.0003,0.00053168780868873,0.00028216948164375415,nan,0.0002415180206298828,0.48880941468732164,False,False
fronto_d1.0,position,cnn_small,mixed,901,0.01,0.00034688584855757654,4.530775276898686e-05,nan,0.002310514450073242,0.48881093340762855,False,False
fronto_d1.0,position,cnn_small,mixed,901,0.003,0.00037075296859256923,6.905223212536738e-05,nan,0.001585245132446289,0.4887726454815103,False,False
fronto_d1.0,position,cnn_small,mixed,901,0.001,0.00039157166611403227,8.19271159140603e-05,nan,0.0006847381591796875,0.4887816378891948,False,False
fronto_d1.0,position,cnn_small,mixed,901,0.0003,0.004711399786174297,0.0001588383757349142,nan,0.0005629062652587891,0.4858657543242365,False,False
fronto_d1.0,position,cnn_large,clean,900,0.01,0.001490882714278996,0.0002548398985067114,nan,0.0025136470794677734,0.4903922684523882,False,False
fronto_d1.0,position,cnn_large,clean,900,0.003,0.0011355915339663625,0.0004733268655951873,nan,0.0041196346282958984,0.4908894033033689,False,False
fronto_d1.0,position,cnn_large,clean,900,0.001,0.0022832262329757214,0.0006787192726278557,nan,0.0050811767578125,0.49029524769217936,False,False
fronto_d1.0,position,cnn_large,clean,900,0.0003,0.004286031238734722,0.000804665348126189,nan,0.0017778873443603516,0.4891167272868369,False,False
fronto_d1.0,position,cnn_large,clean,901,0.01,0.0012106392532587051,0.0004534213982467469,nan,0.0017540454864501953,0.4907698179719884,False,False
fronto_d1.0,position,cnn_large,clean,901,0.003,0.0014279214665293694,0.0005194149037981461,nan,0.0014417171478271484,0.4907178791787606,False,False
fronto_d1.0,position,cnn_large,clean,901,0.001,0.002115095965564251,0.0005511632160114172,nan,0.004423379898071289,0.4901958117330986,False,False
fronto_d1.0,position,cnn_large,clean,901,0.0003,0.004884766414761543,0.000635273253999372,nan,0.0013055801391601562,0.4886100251182252,False,False
fronto_d1.0,position,cnn_large,mixed,900,0.01,0.0012633056612685323,0.0008766322898764808,nan,0.0031816959381103516,0.4886220698623821,False,False
fronto_d1.0,position,cnn_large,mixed,900,0.003,0.0007393933483399451,0.00037843653619407775,nan,0.0006248950958251953,0.4889054585152295,False,False
fronto_d1.0,position,cnn_large,mixed,900,0.001,0.00098497758153826,0.0008093655012775979,nan,0.0016362667083740234,0.48868669254151625,False,False
fronto_d1.0,position,cnn_large,mixed,900,0.0003,0.002064960775896907,0.0006209684617383642,nan,0.0003199577331542969,0.4886361460780142,False,False
fronto_d1.0,position,cnn_large,mixed,901,0.01,0.0007695606909692287,0.00041125351985746154,nan,0.001726388931274414,0.4889075238870644,False,False
fronto_d1.0,position,cnn_large,mixed,901,0.003,0.0007369115483015776,0.0003877017300706867,nan,0.0010678768157958984,0.4887739717570306,False,False
fronto_d1.0,position,cnn_large,mixed,901,0.001,0.00081136345397681,0.0005574337653302276,nan,0.0008440017700195312,0.48872728268846644,False,False
fronto_d1.0,position,cnn_large,mixed,901,0.0003,0.0024170575197786093,0.0006388439696857131,nan,0.0009958744049072266,0.48815146409808924,False,False
fronto_d1.0,position+grad,cnn_small,clean,900,0.01,0.001562887104228139,2.787297456182177e-05,nan,0.002103090286254883,0.4910892814155425,False,False
fronto_d1.0,position+grad,cnn_small,clean,900,0.003,0.0047663189470767975,7.205973315692351e-05,nan,0.0010781288146972656,0.4906281644655118,False,False
fronto_d1.0,position+grad,cnn_small,clean,900,0.001,0.006840610411018133,0.0002309524051802647,nan,0.0005466938018798828,0.49032268223971387,False,False
fronto_d1.0,position+grad,cnn_small,clean,900,0.0003,0.009519480168819427,0.0002566847627180346,nan,0.0003628730773925781,0.4899081317024526,False,False
fronto_d1.0,position+grad,cnn_small,clean,901,0.01,0.0035433948505669832,2.016423471725217e-05,nan,0.0025119781494140625,0.4908364261329854,False,False
fronto_d1.0,position+grad,cnn_small,clean,901,0.003,0.002795063890516758,1.5155129327718073e-05,nan,0.0022118091583251953,0.49090102657522355,False,False
fronto_d1.0,position+grad,cnn_small,clean,901,0.001,0.008319379761815071,8.576291437496502e-05,nan,0.0003676414489746094,0.49001127557049406,False,False
fronto_d1.0,position+grad,cnn_small,clean,901,0.0003,0.013847791589796543,4.7690455635909006e-05,nan,0.0008945465087890625,0.4887209206701038,False,False
fronto_d1.0,position+grad,cnn_small,mixed,900,0.01,0.0005974809755571187,1.8315406063775456e-05,nan,0.0004156827926635742,0.48888447334257096,False,False
fronto_d1.0,position+grad,cnn_small,mixed,900,0.003,0.0006780029507353902,2.5597152470682637e-05,nan,0.0005800724029541016,0.48887423143926056,False,False
fronto_d1.0,position+grad,cnn_small,mixed,900,0.001,0.0010403157211840153,0.00017232177584806298,nan,0.0003066062927246094,0.48880922880737016,False,False
fronto_d1.0,position+grad,cnn_small,mixed,900,0.0003,0.0017509383615106344,0.00025559763334851517,nan,0.0004143714904785156,0.48880522136852883,False,False
fronto_d1.0,position+grad,cnn_small,mixed,901,0.01,0.0006798355025239289,2.374343017032131e-05,nan,0.0009076595306396484,0.48886488108212817,False,False
fronto_d1.0,position+grad,cnn_small,mixed,901,0.003,0.0007324998150579631,2.0859352179458923e-05,nan,0.0009052753448486328,0.48883713060288847,False,False
fronto_d1.0,position+grad,cnn_small,mixed,901,0.001,0.0011533326469361782,4.780074479121219e-05,nan,0.0007958412170410156,0.4887913142215842,False,False
fronto_d1.0,position+grad,cnn_small,mixed,901,0.0003,0.0019472797866910696,9.971626654487826e-05,nan,0.00023889541625976562,0.48873623883223416,False,False
fronto_d1.0,position+grad,cnn_large,clean,900,0.01,0.0017540542175993323,0.0001042022297086335,nan,0.0020890235900878906,0.4910911806605356,False,False
fronto_d1.0,position+grad,cnn_large,clean,900,0.003,0.0013240533880889416,0.00015214271244870717,nan,0.002362966537475586,0.49123450950905595,False,False
fronto_d1.0,position+grad,cnn_large,clean,900,0.001,0.00445414986461401,0.00033303848750349186,nan,0.0021686553955078125,0.4908071930777473,False,False
fronto_d1.0,position+grad,cnn_large,clean,900,0.0003,0.008672930300235748,0.0005736500714924762,nan,0.002214670181274414,0.49020058270250816,False,False
fronto_d1.0,position+grad,cnn_large,clean,901,0.01,0.005080916918814182,0.00035736325069583185,nan,0.002179861068725586,0.4905539135361821,False,False
fronto_d1.0,position+grad,cnn_large,clean,901,0.003,0.0037864409387111664,0.00020507694149072544,nan,0.0011320114135742188,0.4908102930371375,False,False
fronto_d1.0,position+grad,cnn_large,clean,901,0.001,0.004559284541755915,0.0004934423349851389,nan,0.0012538433074951172,0.4906076299124301,False,False
fronto_d1.0,position+grad,cnn_large,clean,901,0.0003,0.011461292393505573,0.0006144507560525644,nan,0.0013651847839355469,0.4894302023588488,False,False
fronto_d1.0,position+grad,cnn_large,mixed,900,0.01,0.0008594960672780871,0.00011795086931104483,nan,0.0003910064697265625,0.4888307109668026,False,False
fronto_d1.0,position+grad,cnn_large,mixed,900,0.003,0.0007585158455185592,0.00016447985040521075,nan,0.000431060791015625,0.48883987940844253,False,False
fronto_d1.0,position+grad,cnn_large,mixed,900,0.001,0.001407125499099493,0.00043111329260069633,nan,0.0006392002105712891,0.4888342687183962,False,False
fronto_d1.0,position+grad,cnn_large,mixed,900,0.0003,0.0045053595677018166,0.0005191675367120013,nan,0.0015864372253417969,0.4886331278190492,False,False
fronto_d1.0,position+grad,cnn_large,mixed,901,0.01,0.0010242678690701723,0.00010353943615795231,nan,0.0006220340728759766,0.4888946953529753,False,False
fronto_d1.0,position+grad,cnn_large,mixed,901,0.003,0.001304817502386868,0.00028806581837882147,nan,0.0010516643524169922,0.48879823232470726,False,False
fronto_d1.0,position+grad,cnn_large,mixed,901,0.001,0.0013849594397470355,0.00046184384455402435,nan,0.0005555152893066406,0.48874618354951127,False,False
fronto_d1.0,position+grad,cnn_large,mixed,901,0.0003,0.0044368538074195385,0.00041019663699231224,nan,0.0012307167053222656,0.48863239476455494,False,False
fronto_d1.0,position+normal,cnn_small,clean,900,0.01,0.0005251563852652907,0.00010127468533157886,nan,0.004274845123291016,0.49115429781974845,False,False
fronto_d1.0,position+normal,cnn_small,clean,900,0.003,0.0021976428106427193,0.00025416424494187806,nan,0.0008330345153808594,0.49042822281475273,False,False
fronto_d1.0,position+normal,cnn_small,clean,900,0.001,0.0031600177753716707,0.00028643783528827855,nan,0.0004520416259765625,0.4901188186901392,False,False
fronto_d1.0,position+normal,cnn_small,clean,900,0.0003,0.003971829544752836,0.00043835395765083515,nan,0.0005002021789550781,0.48987542694354363,False,False
fronto_d1.0,position+normal,cnn_small,clean,901,0.01,0.0012629766715690494,7.74724811848511e-05,nan,0.0027527809143066406,0.49076662337207605,False,False
fronto_d1.0,position+normal,cnn_small,clean,901,0.003,0.002537506865337491,0.00012149811430077534,nan,0.0012252330780029297,0.49017226344509435,False,False
fronto_d1.0,position+normal,cnn_small,clean,901,0.001,0.003642043098807335,0.00010597340691828354,nan,0.0006494522094726562,0.489731273165671,False,False
fronto_d1.0,position+normal,cnn_small,clean,901,0.0003,0.007461094297468662,0.0001622096127020285,nan,0.0006794929504394531,0.4878315525950342,False,False
fronto_d1.0,position+normal,cnn_small,mixed,900,0.01,0.0003906532656401396,5.179199715857633e-05,nan,0.0021936893463134766,0.4888526945724572,False,False
fronto_d1.0,position+normal,cnn_small,mixed,900,0.003,0.0002839273656718433,0.00017750168017915182,nan,0.0007123947143554688,0.48884951796863507,False,False
fronto_d1.0,position+normal,cnn_small,mixed,900,0.001,0.00038621362182311714,0.00026891865947155895,nan,0.000766754150390625,0.488845024879067,False,False
fronto_d1.0,position+normal,cnn_small,mixed,900,0.0003,0.0006047113565728068,0.00041616922125389507,nan,9.322166442871094e-05,0.4887862165346225,False,False
fronto_d1.0,position+normal,cnn_small,mixed,901,0.01,0.0003726443974301219,0.00011241141994450561,nan,0.0011556148529052734,0.48878516656833804,False,False
fronto_d1.0,position+normal,cnn_small,mixed,901,0.003,0.00032233897945843637,3.5215928531687696e-05,nan,0.0008168220520019531,0.4888301689795807,False,False
fronto_d1.0,position+normal,cnn_small,mixed,901,0.001,0.0004343548498582095,6.405367085058993e-05,nan,0.0009076595306396484,0.488717327267124,False,False
fronto_d1.0,position+normal,cnn_small,mixed,901,0.0003,0.005363525822758675,0.00019026598976401416,nan,0.0003781318664550781,0.48592759113115014,False,False
fronto_d1.0,position+normal,cnn_large,clean,900,0.01,0.001974519109353423,0.00018557416930101758,nan,0.0015995502471923828,0.49046967970012756,False,False
fronto_d1.0,position+normal,cnn_large,clean,900,0.003,0.0011418357025831938,0.00042985471211308694,nan,0.00298309326171875,0.4909677360963217,False,False
fronto_d1.0,position+normal,cnn_large,clean,900,0.001,0.0026732669211924076,0.0007911478847359903,nan,0.002797842025756836,0.4904074865133377,False,False
fronto_d1.0,position+normal,cnn_large,clean,900,0.0003,0.005507645662873983,0.0008963038777464569,nan,0.0009589195251464844,0.4892689517301602,False,False
fronto_d1.0,position+normal,cnn_large,clean,901,0.01,0.0017737445887178183,0.0004399875675444915,nan,0.0010404586791992188,0.49053366765217904,False,False
fronto_d1.0,position+normal,cnn_large,clean,901,0.003,0.0018636510940268636,0.0005396571578639268,nan,0.004122018814086914,0.49064804136693213,False,False
fronto_d1.0,position+normal,cnn_large,clean,901,0.001,0.0025007931981235743,0.0005918530087175544,nan,0.001806497573852539,0.490388877470312,False,False
fronto_d1.0,position+normal,cnn_large,clean,901,0.0003,0.0047769430093467236,0.0006122223223747702,nan,0.001641988754272461,0.48953212488637143,False,False
fronto_d1.0,position+normal,cnn_large,mixed,900,0.01,0.0007412910345010459,0.00017469304888321309,nan,0.0024657249450683594,0.48860186040507475,False,False
fronto_d1.0,position+normal,cnn_large,mixed,900,0.003,0.0006394073134288192,0.0005412851666438157,nan,0.0006611347198486328,0.4889915008002841,False,False
fronto_d1.0,position+normal,cnn_large,mixed,900,0.001,0.0009117573499679565,0.0008412124341262643,nan,0.0021331310272216797,0.48864264116139344,False,False
fronto_d1.0,position+normal,cnn_large,mixed,900,0.0003,0.002195653272792697,0.0007428507882478528,nan,0.0006754398345947266,0.48869996838584384,False,False
fronto_d1.0,position+normal,cnn_large,mixed,901,0.01,0.0005459621897898614,0.0004215810086972988,nan,0.001081228256225586,0.4888081011080959,False,False
fronto_d1.0,position+normal,cnn_large,mixed,901,0.003,0.0010743773309513927,0.0004761682763394096,nan,0.0006916522979736328,0.48892763598682687,False,False
fronto_d1.0,position+normal,cnn_large,mixed,901,0.001,0.0011083456920459867,0.0006786038460203288,nan,0.0012845993041992188,0.4885727452323008,False,False
fronto_d1.0,position+normal,cnn_large,mixed,901,0.0003,0.0024839681573212147,0.0006793561758130572,nan,0.0007908344268798828,0.48845176565536286,False,False
fronto_d1.0,position+both,cnn_small,clean,900,0.01,0.002398511627689004,4.2381132432797746e-05,nan,0.0012934207916259766,0.4909991070864232,False,False
fronto_d1.0,position+both,cnn_small,clean,900,0.003,0.004660607315599918,6.3096781529521e-05,nan,0.00275421142578125,0.4907369517259012,False,False
fronto_d1.0,position+both,cnn_small,clean,900,0.001,0.0076418472453951836,0.00017160755954809758,nan,0.0012311935424804688,0.4902675929446103,False,False
fronto_d1.0,position+both,cnn_small,clean,900,0.0003,0.011600442230701447,0.00034293995291325753,nan,0.00028705596923828125,0.48977374877373286,False,False
fronto_d1.0,position+both,cnn_small,clean,901,0.01,0.0013668615138158202,1.8087735894573595e-05,nan,0.0015249252319335938,0.49113734135388304,False,False
fronto_d1.0,position+both,cnn_small,clean,901,0.003,0.003395418869331479,3.678253744246584e-05,nan,0.0011320114135742188,0.49087623840073213,False,False
fronto_d1.0,position+both,cnn_small,clean,901,0.001,0.009125566110014915,0.0001130175048252032,nan,0.0004177093505859375,0.49004726383099295,False,False
fronto_d1.0,position+both,cnn_small,clean,901,0.0003,0.011749018914997578,6.309643071903789e-05,nan,0.0002257823944091797,0.4896090364003898,False,False
fronto_d1.0,position+both,cnn_small,mixed,900,0.01,0.0006266501732170582,3.3796800856195026e-05,nan,0.0006434917449951172,0.4888981996679991,False,False
fronto_d1.0,position+both,cnn_small,mixed,900,0.003,0.0006325892172753811,3.689858824359416e-05,nan,0.0002219676971435547,0.4888962540347692,False,False
fronto_d1.0,position+both,cnn_small,mixed,900,0.001,0.0009118881425820291,0.00017129864973452062,nan,0.0010142326354980469,0.4888286600482494,False,False
fronto_d1.0,position+both,cnn_small,mixed,900,0.0003,0.0018210679991170764,0.0003118313530082593,nan,0.00018167495727539062,0.48880268251080133,False,False
fronto_d1.0,position+both,cnn_small,mixed,901,0.01,0.000700532691553235,1.9443160701893917e-05,nan,0.0006725788116455078,0.4888688959791736,False,False
fronto_d1.0,position+both,cnn_small,mixed,901,0.003,0.0006785594159737229,1.870357145671311e-05,nan,0.000308990478515625,0.488868011607276,False,False
fronto_d1.0,position+both,cnn_small,mixed,901,0.001,0.001076209475286305,2.885391930605961e-05,nan,0.00022554397583007812,0.4888075189696854,False,False
fronto_d1.0,position+both,cnn_small,mixed,901,0.0003,0.001684966729953885,3.953183910265819e-05,nan,0.0002028942108154297,0.48870558641683015,False,False
fronto_d1.0,position+both,cnn_large,clean,900,0.01,0.003663030918687582,0.0001406557443744943,nan,0.0016300678253173828,0.49112908218691165,False,False
fronto_d1.0,position+both,cnn_large,clean,900,0.003,0.0021501195151358843,0.00019879099224972137,nan,0.0017185211181640625,0.4911235772143212,False,False
fronto_d1.0,position+both,cnn_large,clean,900,0.001,0.006134475115686655,0.00044596034623121863,nan,0.0015294551849365234,0.49056668961443906,False,False
fronto_d1.0,position+both,cnn_large,clean,900,0.0003,0.010304995812475681,0.000525453573990111,nan,0.003364086151123047,0.4900462516499777,False,False
fronto_d1.0,position+both,cnn_large,clean,901,0.01,0.004123593680560589,0.00013633232048200136,nan,0.0033485889434814453,0.4909315610370036,False,False
fronto_d1.0,position+both,cnn_large,clean,901,0.003,0.004262308124452829,0.0002414440438605591,nan,0.0014531612396240234,0.49083589343171435,False,False
fronto_d1.0,position+both,cnn_large,clean,901,0.001,0.005522038787603378,0.00036097190358976087,nan,0.0028443336486816406,0.490557679303604,False,False
fronto_d1.0,position+both,cnn_large,clean,901,0.0003,0.00960421934723854,0.0005258548411921234,nan,0.005467414855957031,0.49006073335987027,False,False
fronto_d1.0,position+both,cnn_large,mixed,900,0.01,0.0010841178009286523,0.00011147906794869616,nan,0.0013530254364013672,0.4889052110244819,False,False
fronto_d1.0,position+both,cnn_large,mixed,900,0.003,0.000702930090483278,0.00015591725313070695,nan,0.00023031234741210938,0.48892009863466906,False,False
fronto_d1.0,position+both,cnn_large,mixed,900,0.001,0.0014879190130159259,0.0004303414391593921,nan,0.0004978179931640625,0.4888217548140505,False,False
fronto_d1.0,position+both,cnn_large,mixed,900,0.0003,0.004144061356782913,0.0004955519123723458,nan,0.0008921623229980469,0.4887316542785734,False,False
fronto_d1.0,position+both,cnn_large,mixed,901,0.01,0.001162495813332498,0.00016576644591977414,nan,0.0007154941558837891,0.4889004272590224,False,False
fronto_d1.0,position+both,cnn_large,mixed,901,0.003,0.001696956460364163,0.00030843853621104737,nan,0.0010616779327392578,0.48882714867499233,False,False
fronto_d1.0,position+both,cnn_large,mixed,901,0.001,0.0014840129297226667,0.00047202277379316886,nan,0.0004551410675048828,0.48875186373043855,False,False
fronto_d1.0,position+both,cnn_large,mixed,901,0.0003,0.004346535541117191,0.00043476220321739007,nan,0.0008575916290283203,0.48856222776545416,False,False
fronto_d1.0,position+conf,cnn_small,clean,900,0.01,-0.6912962198257446,0.00014142490286136628,nan,0.0017025470733642578,0.49031664866226776,False,False
fronto_d1.0,position+conf,cnn_small,clean,900,0.003,-0.4446140229701996,0.000143301256734857,nan,0.0022170543670654297,0.49041732062219756,False,False
fronto_d1.0,position+conf,cnn_small,clean,900,0.001,-0.20753513276576996,0.00026491912201470315,nan,0.0005388259887695312,0.4899798181380795,False,False
fronto_d1.0,position+conf,cnn_small,clean,900,0.0003,-0.14746274054050446,0.0003241453425414744,nan,0.00046372413635253906,0.4894385243846991,False,False
fronto_d1.0,position+conf,cnn_small,clean,901,0.01,-0.8191788792610168,0.00013366117102532135,nan,0.0011301040649414062,0.4906554431327922,False,False
fronto_d1.0,position+conf,cnn_small,clean,901,0.003,-0.45666414499282837,7.104556857361188e-05,nan,0.0015454292297363281,0.48995354215348674,False,False
fronto_d1.0,position+conf,cnn_small,clean,901,0.001,-0.20885953307151794,5.516952124553728e-05,nan,0.0015003681182861328,0.4893912632902479,False,False
fronto_d1.0,position+conf,cnn_small,clean,901,0.0003,-0.1381036937236786,0.00020411593956615347,nan,0.0007729530334472656,0.48581804248260907,False,False
fronto_d1.0,position+conf,cnn_small,mixed,900,0.01,-0.6861521601676941,2.7125038116597696e-05,nan,0.0015473365783691406,0.48884453380315523,False,False
fronto_d1.0,position+conf,cnn_small,mixed,900,0.003,-0.42922165989875793,0.00020112597024517315,nan,0.000982522964477539,0.4888323667236712,False,False
fronto_d1.0,position+conf,cnn_small,mixed,900,0.001,-0.21213005483150482,0.0002708758001630188,nan,0.0007374286651611328,0.4887864242044651,False,False
fronto_d1.0,position+conf,cnn_small,mixed,900,0.0003,-0.15319444239139557,0.00032918296730393413,nan,0.00016546249389648438,0.4888087101635347,False,False
fronto_d1.0,position+conf,cnn_small,mixed,901,0.01,-0.7885615229606628,6.920169890187727e-05,nan,0.001608133316040039,0.4887250989839447,False,False
fronto_d1.0,position+conf,cnn_small,mixed,901,0.003,-0.4345987141132355,4.794003952334418e-05,nan,0.0009927749633789062,0.4888341254518134,False,False
fronto_d1.0,position+conf,cnn_small,mixed,901,0.001,-0.21456192433834076,8.07899862655364e-05,nan,0.000790715217590332,0.48876494764748263,False,False
fronto_d1.0,position+conf,cnn_small,mixed,901,0.0003,-0.14515966176986694,0.00015518788890865918,nan,0.0004715919494628906,0.48575558398449203,False,False
fronto_d1.0,position+conf,cnn_large,clean,900,0.01,-0.7411075830459595,2.3628400138799442e-05,nan,0.0026848316192626953,0.4902378810123183,False,False
fronto_d1.0,position+conf,cnn_large,clean,900,0.003,-0.36125436425209045,0.000398660537936817,nan,0.0041272640228271484,0.4908197998232415,False,False
fronto_d1.0,position+conf,cnn_large,clean,900,0.001,-0.19565735757350922,0.0007289132269263896,nan,0.0020842552185058594,0.4900972692758643,False,False
fronto_d1.0,position+conf,cnn_large,clean,900,0.0003,-0.14477884769439697,0.0007897730068899582,nan,0.001407623291015625,0.489103869307537,False,False
fronto_d1.0,position+conf,cnn_large,clean,901,0.01,-0.3294135630130768,0.0001317243896356264,nan,0.00634455680847168,0.48960993499296146,False,False
fronto_d1.0,position+conf,cnn_large,clean,901,0.003,-0.360745370388031,0.00039346537694620116,nan,0.0019316673278808594,0.49048684785375707,False,False
fronto_d1.0,position+conf,cnn_large,clean,901,0.001,-0.1945580095052719,0.0005755961032292529,nan,0.004063606262207031,0.49005361359418426,False,False
fronto_d1.0,position+conf,cnn_large,clean,901,0.0003,-0.14509496092796326,0.000664767406156271,nan,0.001196146011352539,0.4890735724927119,False,False
fronto_d1.0,position+conf,cnn_large,mixed,900,0.01,-0.6692493557929993,0.00027069109711220883,nan,0.003782510757446289,0.48879190873297185,False,False
fronto_d1.0,position+conf,cnn_large,mixed,900,0.003,-0.3659099340438843,0.0005732303343572025,nan,0.0005698204040527344,0.4890233268120002,False,False
fronto_d1.0,position+conf,cnn_large,mixed,900,0.001,-0.19872230291366577,0.0007445577227243454,nan,0.0010516643524169922,0.48868843522787414,False,False
fronto_d1.0,position+conf,cnn_large,mixed,900,0.0003,-0.148454949259758,0.0006561831373018221,nan,0.000766754150390625,0.4885151362778726,False,False
fronto_d1.0,position+conf,cnn_large,mixed,901,0.01,-0.5754601359367371,0.00018322889324943732,nan,0.002530336380004883,0.48862622896554103,False,False
fronto_d1.0,position+conf,cnn_large,mixed,901,0.003,-0.35323366522789,0.0003877460644577941,nan,0.002950429916381836,0.4885154609399863,False,False
fronto_d1.0,position+conf,cnn_large,mixed,901,0.001,-0.19828777015209198,0.000521134730589459,nan,0.0014491081237792969,0.48865720712903166,False,False
fronto_d1.0,position+conf,cnn_large,mixed,901,0.0003,-0.1481112688779831,0.0005055222528713348,nan,0.0012812614440917969,0.488184022580245,False,False
fronto_d1.0,position+conf_noclip,cnn_small,clean,900,0.01,-0.31724491715431213,0.00012033749957942272,nan,0.0028171539306640625,0.49092512220157686,False,False
fronto_d1.0,position+conf_noclip,cnn_small,clean,900,0.003,-0.1482432633638382,0.0002228668875053328,nan,0.0018465518951416016,0.4906237808710343,False,False
fronto_d1.0,position+conf_noclip,cnn_small,clean,900,0.001,-0.01926078461110592,0.00026403917488916227,nan,0.0005266666412353516,0.49014543900229773,False,False
fronto_d1.0,position+conf_noclip,cnn_small,clean,900,0.0003,0.046235404908657074,0.00028533555788780334,nan,0.0006721019744873047,0.48931806613777673,False,False
fronto_d1.0,position+conf_noclip,cnn_small,clean,901,0.01,-0.3232612907886505,0.00010091687083420993,nan,0.008310794830322266,0.491014067247033,False,False
fronto_d1.0,position+conf_noclip,cnn_small,clean,901,0.003,-0.14816586673259735,8.169945820087938e-05,nan,0.0019712448120117188,0.49026940871790614,False,False
fronto_d1.0,position+conf_noclip,cnn_small,clean,901,0.001,-0.020492367446422577,5.7820619324274826e-05,nan,0.0022001266479492188,0.48996108082493595,False,False
fronto_d1.0,position+conf_noclip,cnn_small,clean,901,0.0003,0.04900490492582321,0.0001737393113892603,nan,0.0003542900085449219,0.4860652331985769,False,False
fronto_d1.0,position+conf_noclip,cnn_small,mixed,900,0.01,-0.31939321756362915,8.089787375350525e-05,nan,0.0010607242584228516,0.4888599773080306,False,False
fronto_d1.0,position+conf_noclip,cnn_small,mixed,900,0.003,-0.1513480693101883,0.0001721490470683912,nan,0.0007412433624267578,0.4888622522179096,False,False
fronto_d1.0,position+conf_noclip,cnn_small,mixed,900,0.001,-0.02147812955081463,0.00026425700255711473,nan,0.0002155303955078125,0.48879304422708153,False,False
fronto_d1.0,position+conf_noclip,cnn_small,mixed,900,0.0003,0.04331526160240173,0.0003048046488716119,nan,0.00033020973205566406,0.4888087527339294,False,False
fronto_d1.0,position+conf_noclip,cnn_small,mixed,901,0.01,-0.32319706678390503,3.74740305676823e-05,nan,0.0013010501861572266,0.4888567023478832,False,False
fronto_d1.0,position+conf_noclip,cnn_small,mixed,901,0.003,-0.15286806225776672,3.868095158467973e-05,nan,0.0004494190216064453,0.48883076243025636,False,False
fronto_d1.0,position+conf_noclip,cnn_small,mixed,901,0.001,-0.022099053487181664,0.00011083202971463909,nan,0.001146554946899414,0.4887917154564945,False,False
fronto_d1.0,position+conf_noclip,cnn_small,mixed,901,0.0003,0.04593916982412338,0.00014124566340609267,nan,0.0004036426544189453,0.48600526235293384,False,False
fronto_d1.0,position+conf_noclip,cnn_large,clean,900,0.01,-0.2592753767967224,0.00042319883511305023,nan,0.004805326461791992,0.4890297529020892,False,False
fronto_d1.0,position+conf_noclip,cnn_large,clean,900,0.003,-0.14342664182186127,0.00040734971145706464,nan,0.0027129650115966797,0.4909615550704541,False,False
fronto_d1.0,position+conf_noclip,cnn_large,clean,900,0.001,-0.017049971967935562,0.0007321579411158652,nan,0.003097057342529297,0.49014050505052464,False,False
fronto_d1.0,position+conf_noclip,cnn_large,clean,900,0.0003,0.04673568159341812,0.0007441366293657353,nan,0.0036306381225585938,0.489386324226937,False,False
fronto_d1.0,position+conf_noclip,cnn_large,clean,901,0.01,-0.2826593518257141,0.00024411752695987357,nan,0.006762981414794922,0.4905687563652345,False,False
fronto_d1.0,position+conf_noclip,cnn_large,clean,901,0.003,-0.13888421654701233,0.00046464578955410723,nan,0.0046541690826416016,0.4899094856286749,False,False
fronto_d1.0,position+conf_noclip,cnn_large,clean,901,0.001,-0.01716633141040802,0.000547434722672341,nan,0.003370523452758789,0.4900832720238622,False,False
fronto_d1.0,position+conf_noclip,cnn_large,clean,901,0.0003,0.04679747298359871,0.0007248374924555967,nan,0.0016319751739501953,0.4893111598599202,False,False
fronto_d1.0,position+conf_noclip,cnn_large,mixed,900,0.01,0.027053311467170715,0.6295841838651423,nan,0.000202178955078125,0.0,True,True
fronto_d1.0,position+conf_noclip,cnn_large,mixed,900,0.003,-0.1441478282213211,0.0003211460708768708,nan,0.0006911754608154297,0.4890294782862266,False,False
fronto_d1.0,position+conf_noclip,cnn_large,mixed,900,0.001,-0.01923264004290104,0.0007908520543724037,nan,0.0007507801055908203,0.4887221407745328,False,False
fronto_d1.0,position+conf_noclip,cnn_large,mixed,900,0.0003,0.0453365258872509,0.0005691860346213862,nan,0.0006890296936035156,0.48857942679555477,False,False
fronto_d1.0,position+conf_noclip,cnn_large,mixed,901,0.01,-0.2979792356491089,9.427051483941874e-05,nan,0.0018033981323242188,0.48881234884267116,False,False
fronto_d1.0,position+conf_noclip,cnn_large,mixed,901,0.003,-0.14389938116073608,0.0005233308438999073,nan,0.0010585784912109375,0.4888052663956941,False,False
fronto_d1.0,position+conf_noclip,cnn_large,mixed,901,0.001,-0.019358055666089058,0.0005460157100250363,nan,0.002486705780029297,0.48864645659880285,False,False
fronto_d1.0,position+conf_noclip,cnn_large,mixed,901,0.0003,0.04546922817826271,0.0007311667547810851,nan,0.0009248256683349609,0.48815131973681525,False,False
fronto_d1.0,position_squared,cnn_small,clean,900,0.01,0.00011911035107914358,0.00016229094941834222,nan,0.0007987022399902344,0.4911083772594014,False,False
fronto_d1.0,position_squared,cnn_small,clean,900,0.003,0.0004235001397319138,0.00026817422179784944,nan,0.0008287429809570312,0.4909170680358368,False,False
fronto_d1.0,position_squared,cnn_small,clean,900,0.001,0.00041265293839387596,0.00036653652197329243,nan,0.0009047985076904297,0.49090954630963046,False,False
fronto_d1.0,position_squared,cnn_small,clean,900,0.0003,0.0006574718281626701,0.00047825607644371966,nan,0.0005731582641601562,0.49058486867491435,False,False
fronto_d1.0,position_squared,cnn_small,clean,901,0.01,8.112192153930664e-05,0.00022241605799116327,nan,0.0019559860229492188,0.49118095757003843,False,False
fronto_d1.0,position_squared,cnn_small,clean,901,0.003,0.0001174614517367445,0.0001774587122497058,nan,0.0009036064147949219,0.49116751919260465,False,False
fronto_d1.0,position_squared,cnn_small,clean,901,0.001,0.0004435582959558815,0.0006245808559641146,nan,0.0004527568817138672,0.4907974576149205,False,False
fronto_d1.0,position_squared,cnn_small,clean,901,0.0003,0.0007161035318858922,0.00048357066114701664,nan,0.0005502700805664062,0.49053591599424956,False,False
fronto_d1.0,position_squared,cnn_small,mixed,900,0.01,8.967830581241287e-06,0.0001299432968701475,nan,7.963180541992188e-05,0.4888694482863716,False,False
fronto_d1.0,position_squared,cnn_small,mixed,900,0.003,1.5785954019520432e-05,0.00026439510834016123,nan,3.0279159545898438e-05,0.4888678352639195,False,False
fronto_d1.0,position_squared,cnn_small,mixed,900,0.001,1.5334015188273042e-05,0.0003587485250329194,nan,5.53131103515625e-05,0.48885565214801224,False,False
fronto_d1.0,position_squared,cnn_small,mixed,900,0.0003,1.896413778013084e-05,0.0003126784744573627,nan,4.5299530029296875e-05,0.48884619217308406,False,False
fronto_d1.0,position_squared,cnn_small,mixed,901,0.01,8.26867290015798e-06,0.00013349776671537532,nan,6.723403930664062e-05,0.4888623651226826,False,False
fronto_d1.0,position_squared,cnn_small,mixed,901,0.003,9.157967724604532e-06,8.383358830902992e-05,nan,3.075599670410156e-05,0.48888015499387455,False,False
fronto_d1.0,position_squared,cnn_small,mixed,901,0.001,1.0794602530950215e-05,0.00014033089441651612,nan,1.9550323486328125e-05,0.4888657488914825,False,False
fronto_d1.0,position_squared,cnn_small,mixed,901,0.0003,1.2358412277535535e-05,8.038622927059844e-05,nan,7.033348083496094e-05,0.48884156379076227,False,False
fronto_d1.0,position_squared,cnn_large,clean,900,0.01,0.00017714351997710764,0.0009091046415464456,nan,0.0016639232635498047,0.49113945880922893,False,False
fronto_d1.0,position_squared,cnn_large,clean,900,0.003,7.654340151930228e-05,0.0012690656032600925,nan,0.0017886161804199219,0.4912687972332021,False,False
fronto_d1.0,position_squared,cnn_large,clean,900,0.001,0.00015738063666503876,0.0013322031753956812,nan,0.001390695571899414,0.49105175346981755,False,False
fronto_d1.0,position_squared,cnn_large,clean,900,0.0003,0.0010685313027352095,0.0030576113886291913,nan,0.003052949905395508,0.4897480417146385,False,False
fronto_d1.0,position_squared,cnn_large,clean,901,0.01,0.00023608225455973297,0.002681831246234705,nan,0.0023298263549804688,0.49105507606933463,False,False
fronto_d1.0,position_squared,cnn_large,clean,901,0.003,0.00021058370475657284,0.001232849498761543,nan,0.0011875629425048828,0.4910946499182804,False,False
fronto_d1.0,position_squared,cnn_large,clean,901,0.001,0.00019859713211189955,0.0011236201204709148,nan,0.0011837482452392578,0.4911477786950368,False,False
fronto_d1.0,position_squared,cnn_large,clean,901,0.0003,0.0007757725543342531,0.0037712537611031224,nan,0.0023195743560791016,0.4902814973478152,False,False
fronto_d1.0,position_squared,cnn_large,mixed,900,0.01,9.391297680849675e-06,0.0008394380590396304,nan,0.00029778480529785156,0.48887948151145316,False,False
fronto_d1.0,position_squared,cnn_large,mixed,900,0.003,1.6749621863709763e-05,0.0010835636788133942,nan,0.0002951622009277344,0.48891403956916885,False,False
fronto_d1.0,position_squared,cnn_large,mixed,900,0.001,2.5480452677584253e-05,0.0015139903655278313,nan,0.0006215572357177734,0.4888365641742747,False,False
fronto_d1.0,position_squared,cnn_large,mixed,900,0.0003,0.00024209535331465304,0.004800725865375391,nan,0.0015659332275390625,0.4883873152445378,False,False
fronto_d1.0,position_squared,cnn_large,mixed,901,0.01,2.3165022867033258e-05,0.0016184214156982893,nan,0.0003800392150878906,0.48878638696203336,False,False
fronto_d1.0,position_squared,cnn_large,mixed,901,0.003,1.7578420738573186e-05,0.0007401044185276642,nan,0.0003991127014160156,0.4888742157430808,False,False
fronto_d1.0,position_squared,cnn_large,mixed,901,0.001,1.2872211300418712e-05,0.0009194113962358331,nan,0.0002970695495605469,0.48886944347405753,False,False
fronto_d1.0,position_squared,cnn_large,mixed,901,0.0003,0.00017797875625547022,0.004069746103494703,nan,0.0014917850494384766,0.4885460392847213,False,False
k3_d2.0,position,cnn_small,clean,900,0.01,0.004091360606253147,5.9793716840065925e-05,nan,0.0014812946319580078,0.9343491066954631,False,False
k3_d2.0,position,cnn_small,clean,900,0.003,0.006197294685989618,0.0001453655615824645,nan,0.0007364749908447266,0.9345259237209048,False,False
k3_d2.0,position,cnn_small,clean,900,0.001,0.008136829361319542,0.00014977469165822354,nan,0.0007332563400268555,0.9340521819625884,False,False
k3_d2.0,position,cnn_small,clean,900,0.0003,0.019863344728946686,0.0006790806902188883,nan,0.0004010200500488281,0.9309262972666849,False,False
k3_d2.0,position,cnn_small,clean,901,0.01,0.004488675855100155,0.00027585737050062455,nan,0.0010650157928466797,0.9344819017268106,False,False
k3_d2.0,position,cnn_small,clean,901,0.003,0.007649781182408333,0.00022472565202435744,nan,0.0010236501693725586,0.9341739419933675,False,False
k3_d2.0,position,cnn_small,clean,901,0.001,0.00970835518091917,0.00046031902846503745,nan,0.0003873109817504883,0.9331885486609574,False,False
k3_d2.0,position,cnn_small,clean,901,0.0003,0.0189284086227417,0.0006125511026770897,nan,0.0002886056900024414,0.929738111812836,False,False
k3_d2.0,position,cnn_small,mixed,900,0.01,0.0011219395091757178,3.540288575951426e-05,nan,0.0004363059997558594,0.9328717543074745,False,False
k3_d2.0,position,cnn_small,mixed,900,0.003,0.0010487345280125737,0.00013780691947358207,nan,0.00034159421920776367,0.9329293679222346,False,False
k3_d2.0,position,cnn_small,mixed,900,0.001,0.0038293609395623207,0.0003107338833984433,nan,0.0008230209350585938,0.9322984539587437,False,False
k3_d2.0,position,cnn_small,mixed,900,0.0003,0.011993550695478916,0.0006049805166676173,nan,0.00023043155670166016,0.9300411248223772,False,False
k3_d2.0,position,cnn_small,mixed,901,0.01,0.0008965451852418482,0.00016123044026058415,nan,0.001034557819366455,0.9330337560183135,False,False
k3_d2.0,position,cnn_small,mixed,901,0.003,0.0014964042929932475,0.000256414657493384,nan,0.001069784164428711,0.932945896446433,False,False
k3_d2.0,position,cnn_small,mixed,901,0.001,0.0022597620263695717,0.001018152826103864,nan,0.0007791519165039062,0.9327950270225192,False,False
k3_d2.0,position,cnn_small,mixed,901,0.0003,0.014493739232420921,0.002684454239055793,nan,0.00040030479431152344,0.9287984743596507,False,False
k3_d2.0,position,cnn_large,clean,900,0.01,0.008110162802040577,0.001996022724659077,nan,0.0016707181930541992,0.9333817172190269,False,False
k3_d2.0,position,cnn_large,clean,900,0.003,0.004834326449781656,0.0012432093338230344,nan,0.001316070556640625,0.9342655602098827,False,False
k3_d2.0,position,cnn_large,clean,900,0.001,0.005288504064083099,0.0011642293562836583,nan,0.0019903182983398438,0.9342930661994335,False,False
k3_d2.0,position,cnn_large,clean,900,0.0003,0.018847519531846046,0.0030652496366688152,nan,0.0005278587341308594,0.9329235459964856,False,False
k3_d2.0,position,cnn_large,clean,901,0.01,0.02632935903966427,0.010193296513720619,nan,0.0015528202056884766,0.9281769639149043,False,False
k3_d2.0,position,cnn_large,clean,901,0.003,0.005014184396713972,0.0007395701150500389,nan,0.00467991828918457,0.9352392907867778,False,False
k3_d2.0,position,cnn_large,clean,901,0.001,0.00896264798939228,0.001251882252407498,nan,0.004263877868652344,0.933232851941173,False,False
k3_d2.0,position,cnn_large,clean,901,0.0003,0.021893281489610672,0.003933438784590827,nan,0.0012388229370117188,0.9293772047673836,False,False
k3_d2.0,position,cnn_large,mixed,900,0.01,0.003247468266636133,0.0012109526214388346,nan,0.001122117042541504,0.9327720232947792,False,False
k3_d2.0,position,cnn_large,mixed,900,0.003,0.0020343023352324963,0.0012640594390032798,nan,0.0009719133377075195,0.9326951754759394,False,False
k3_d2.0,position,cnn_large,mixed,900,0.001,0.0042555928230285645,0.0015891655297474215,nan,0.0009922981262207031,0.9326483535758174,False,False
k3_d2.0,position,cnn_large,mixed,900,0.0003,0.013095981441438198,0.0025162799480603175,nan,0.0005968809127807617,0.9306548850588278,False,False
k3_d2.0,position,cnn_large,mixed,901,0.01,0.0014036205830052495,0.0007440377050609252,nan,0.0008578300476074219,0.9328607919743771,False,False
k3_d2.0,position,cnn_large,mixed,901,0.003,0.0034835156984627247,0.0016824010637618975,nan,0.0023239850997924805,0.9322122698204574,False,False
k3_d2.0,position,cnn_large,mixed,901,0.001,0.005115789826959372,0.000994917289288084,nan,0.0010673999786376953,0.9317957412969974,False,False
k3_d2.0,position,cnn_large,mixed,901,0.0003,0.015649868175387383,0.002334647100006933,nan,0.001152634620666504,0.9284062321736374,False,False
k3_d2.0,position+grad,cnn_small,clean,900,0.01,0.00735646253451705,7.069853631125324e-05,nan,0.0015594959259033203,0.9350923722496901,False,False
k3_d2.0,position+grad,cnn_small,clean,900,0.003,0.017589228227734566,8.175011413950036e-05,nan,0.0006684660911560059,0.9348466080520436,False,False
k3_d2.0,position+grad,cnn_small,clean,900,0.001,0.02386137656867504,0.00032313327800950146,nan,0.0002372264862060547,0.9346827621594922,False,False
k3_d2.0,position+grad,cnn_small,clean,900,0.0003,0.02641395851969719,0.0002698146815301929,nan,0.00015687942504882812,0.9341187255350379,False,False
k3_d2.0,position+grad,cnn_small,clean,901,0.01,0.013993027620017529,6.528905406236178e-05,nan,0.0006289482116699219,0.9344851316779074,False,False
k3_d2.0,position+grad,cnn_small,clean,901,0.003,0.019742239266633987,0.00011417128298840638,nan,0.00035071372985839844,0.9342500538527259,False,False
k3_d2.0,position+grad,cnn_small,clean,901,0.001,0.025624673813581467,0.00016013800634575773,nan,0.00024199485778808594,0.933887654546758,False,False
k3_d2.0,position+grad,cnn_small,clean,901,0.0003,0.03728346526622772,0.0002541568966634043,nan,0.0004597902297973633,0.9318636663371017,False,False
k3_d2.0,position+grad,cnn_small,mixed,900,0.01,0.0020857842173427343,5.5785559440099764e-05,nan,0.0005512237548828125,0.9330152912620294,False,False
k3_d2.0,position+grad,cnn_small,mixed,900,0.003,0.0021722291130572557,0.00011962327227989999,nan,0.0005584955215454102,0.93301471725582,False,False
k3_d2.0,position+grad,cnn_small,mixed,900,0.001,0.0034327497705817223,0.0002270773408477823,nan,0.0005097389221191406,0.9330420380181415,False,False
k3_d2.0,position+grad,cnn_small,mixed,900,0.0003,0.005062348209321499,0.00027469753866871913,nan,0.0002884864807128906,0.932813994106688,False,False
k3_d2.0,position+grad,cnn_small,mixed,901,0.01,0.001898639602586627,3.367907403608615e-05,nan,0.0009593963623046875,0.9330990243018866,False,False
k3_d2.0,position+grad,cnn_small,mixed,901,0.003,0.0028455788269639015,7.033450415778713e-05,nan,0.0006568431854248047,0.9330052180759172,False,False
k3_d2.0,position+grad,cnn_small,mixed,901,0.001,0.0035059163346886635,0.00015519860321754292,nan,9.512901306152344e-05,0.9329179528263075,False,False
k3_d2.0,position+grad,cnn_small,mixed,901,0.0003,0.008204933255910873,0.000399570806154965,nan,0.00034105777740478516,0.9313644273064199,False,False
k3_d2.0,position+grad,cnn_large,clean,900,0.01,0.024470163509249687,0.0011287840176550717,nan,0.003021240234375,0.9336263078576879,False,False
k3_d2.0,position+grad,cnn_large,clean,900,0.003,0.010357039049267769,0.0010612097806113113,nan,0.002668619155883789,0.9348661886196485,False,False
k3_d2.0,position+grad,cnn_large,clean,900,0.001,0.017125999554991722,0.0006826368728432775,nan,0.0018324851989746094,0.9344560099991636,False,False
k3_d2.0,position+grad,cnn_large,clean,900,0.0003,0.039715126156806946,0.0012479885361909074,nan,0.0014744997024536133,0.9329239513451734,False,False
k3_d2.0,position+grad,cnn_large,clean,901,0.01,0.00911596231162548,0.0005327616635666574,nan,0.0010042190551757812,0.9347240332320013,False,False
k3_d2.0,position+grad,cnn_large,clean,901,0.003,0.01273184921592474,0.0004392003940111833,nan,0.0025534629821777344,0.9347700366339569,False,False
k3_d2.0,position+grad,cnn_large,clean,901,0.001,0.01892281137406826,0.0007248164769215863,nan,0.005313754081726074,0.9345955259666957,False,False
k3_d2.0,position+grad,cnn_large,clean,901,0.0003,0.05725044757127762,0.003144035352139824,nan,0.001303553581237793,0.9301221288126484,False,False
k3_d2.0,position+grad,cnn_large,mixed,900,0.01,0.005608778912574053,0.0009936972131873905,nan,0.0008009672164916992,0.9322877400205705,False,False
k3_d2.0,position+grad,cnn_large,mixed,900,0.003,0.0028944285586476326,0.0008610415953593549,nan,0.0009750127792358398,0.9330801845263588,False,False
k3_d2.0,position+grad,cnn_large,mixed,900,0.001,0.005085870623588562,0.001392489690048198,nan,0.0006514787673950195,0.9331139145994097,False,False
k3_d2.0,position+grad,cnn_large,mixed,900,0.0003,0.02085047774016857,0.001579503336882164,nan,0.0008437633514404297,0.9326007621573525,False,False
k3_d2.0,position+grad,cnn_large,mixed,901,0.01,0.0024995929561555386,8.846695374905733e-05,nan,0.002627134323120117,0.9329759120121527,False,False
k3_d2.0,position+grad,cnn_large,mixed,901,0.003,0.004127465188503265,0.0004117790700030679,nan,0.0015232563018798828,0.9329858691946123,False,False
k3_d2.0,position+grad,cnn_large,mixed,901,0.001,0.006664525717496872,0.0008879963849801068,nan,0.0023200511932373047,0.9327259258854327,False,False
k3_d2.0,position+grad,cnn_large,mixed,901,0.0003,0.0350385382771492,0.0028554629775343243,nan,0.0004898309707641602,0.9292213435804357,False,False
k3_d2.0,position+normal,cnn_small,clean,900,0.01,0.0037490890827029943,0.0001048487735422515,nan,0.0008327960968017578,0.9348557690731405,False,False
k3_d2.0,position+normal,cnn_small,clean,900,0.003,0.008152956143021584,0.00011967828164218637,nan,0.0007007122039794922,0.9347219268681521,False,False
k3_d2.0,position+normal,cnn_small,clean,900,0.001,0.01034543663263321,0.00048128420915554435,nan,0.0005174875259399414,0.9338678295558537,False,False
k3_d2.0,position+normal,cnn_small,clean,900,0.0003,0.012007887475192547,0.00030406124680537307,nan,0.0005075931549072266,0.9329501868750745,False,False
k3_d2.0,position+normal,cnn_small,clean,901,0.01,0.004910875111818314,8.208218565288684e-05,nan,0.0007162094116210938,0.9344565516556652,False,False
k3_d2.0,position+normal,cnn_small,clean,901,0.003,0.009421505965292454,0.00018757135313766365,nan,0.000905156135559082,0.9343658698733761,False,False
k3_d2.0,position+normal,cnn_small,clean,901,0.001,0.010454642586410046,0.0005067195754889345,nan,0.001129150390625,0.9339669534362371,False,False
k3_d2.0,position+normal,cnn_small,clean,901,0.0003,0.028085816651582718,0.0039646628819473275,nan,0.0003108978271484375,0.9294185451435139,False,False
k3_d2.0,position+normal,cnn_small,mixed,900,0.01,0.0008940523257479072,0.00033181010511983464,nan,0.0008559226989746094,0.9330258142459777,False,False
k3_d2.0,position+normal,cnn_small,mixed,900,0.003,0.001167762209661305,7.857723093404535e-05,nan,0.0002497434616088867,0.9330490875378301,False,False
k3_d2.0,position+normal,cnn_small,mixed,900,0.001,0.0014462830731645226,0.000270405071491947,nan,0.000826716423034668,0.9328707364746059,False,False
k3_d2.0,position+normal,cnn_small,mixed,900,0.0003,0.009567025117576122,0.00037871123119681067,nan,0.0005220174789428711,0.9311967159147809,False,False
k3_d2.0,position+normal,cnn_small,mixed,901,0.01,0.0011081527918577194,0.0007442166868332048,nan,0.0025786161422729492,0.932868619698242,False,False
k3_d2.0,position+normal,cnn_small,mixed,901,0.003,0.0013256102101877332,0.0003382257673591077,nan,0.0005877017974853516,0.9330092135688209,False,False
k3_d2.0,position+normal,cnn_small,mixed,901,0.001,0.0022635716013610363,0.0007420533475714873,nan,0.0005638599395751953,0.9328189487474872,False,False
k3_d2.0,position+normal,cnn_small,mixed,901,0.0003,0.006868166383355856,0.0002868482330404448,nan,0.00040411949157714844,0.9309586001081217,False,False
k3_d2.0,position+normal,cnn_large,clean,900,0.01,0.014129661954939365,0.0016995816428137967,nan,0.002663850784301758,0.9319565313089645,False,False
k3_d2.0,position+normal,cnn_large,clean,900,0.003,0.005888609681278467,0.0011481288048901814,nan,0.0022416114807128906,0.9344324383852181,False,False
k3_d2.0,position+normal,cnn_large,clean,900,0.001,0.008155175484716892,0.0012395997316054326,nan,0.002373337745666504,0.934306799368128,False,False
k3_d2.0,position+normal,cnn_large,clean,900,0.0003,0.02224629372358322,0.0024003043622276786,nan,0.0006889104843139648,0.9327479892944671,False,False
k3_d2.0,position+normal,cnn_large,clean,901,0.01,0.004925123415887356,0.0006778325590495915,nan,0.001990079879760742,0.9337586619368138,False,False
k3_d2.0,position+normal,cnn_large,clean,901,0.003,0.006815591361373663,0.0017259528270104983,nan,0.0030269622802734375,0.9337396992413476,False,False
k3_d2.0,position+normal,cnn_large,clean,901,0.001,0.013108909130096436,0.0015598610614920723,nan,0.000873565673828125,0.933114745354847,False,False
k3_d2.0,position+normal,cnn_large,clean,901,0.0003,0.028312718495726585,0.003883953935548006,nan,0.001238703727722168,0.928585198838456,False,False
k3_d2.0,position+normal,cnn_large,mixed,900,0.01,0.0027485317550599575,0.0009233208780460943,nan,0.0017130374908447266,0.9326858065907226,False,False
k3_d2.0,position+normal,cnn_large,mixed,900,0.003,0.002439519390463829,0.0009437027785389722,nan,0.0007288455963134766,0.9331105030006984,False,False
k3_d2.0,position+normal,cnn_large,mixed,900,0.001,0.003785703331232071,0.0013183922209496729,nan,0.0007772445678710938,0.9325767772208481,False,False
k3_d2.0,position+normal,cnn_large,mixed,900,0.0003,0.014670220203697681,0.002799228239228671,nan,0.0004941225051879883,0.9311796524662316,False,False
k3_d2.0,position+normal,cnn_large,mixed,901,0.01,0.0026224651373922825,0.0007145100357426796,nan,0.0007317066192626953,0.9326283644478637,False,False
k3_d2.0,position+normal,cnn_large,mixed,901,0.003,0.0033337867353111506,0.0011327742389331558,nan,0.0009355545043945312,0.9325298238280566,False,False
k3_d2.0,position+normal,cnn_large,mixed,901,0.001,0.005452767014503479,0.0013105295755642507,nan,0.0008821487426757812,0.9324663630501159,False,False
k3_d2.0,position+normal,cnn_large,mixed,901,0.0003,0.02418503165245056,0.0024221676878273413,nan,0.0022385120391845703,0.9271261034106171,False,False
k3_d2.0,position+both,cnn_small,clean,900,0.01,0.0093693183735013,0.00010409258510179319,nan,0.0016086101531982422,0.9349115372373619,False,False
k3_d2.0,position+both,cnn_small,clean,900,0.003,0.017887502908706665,9.931732368894109e-05,nan,0.0007352828979492188,0.9346823214417328,False,False
k3_d2.0,position+both,cnn_small,clean,900,0.001,0.024931276217103004,0.00044392108541426605,nan,0.00022912025451660156,0.93469235029869,False,False
k3_d2.0,position+both,cnn_small,clean,900,0.0003,0.0278640016913414,0.00026699838309106284,nan,0.00018608570098876953,0.9342661903164865,False,False
k3_d2.0,position+both,cnn_small,clean,901,0.01,0.01012961845844984,7.686777927590138e-05,nan,0.0010302066802978516,0.9350627932391308,False,False
k3_d2.0,position+both,cnn_small,clean,901,0.003,0.023940112441778183,9.174095316990519e-05,nan,0.0008432865142822266,0.9344935120495103,False,False
k3_d2.0,position+both,cnn_small,clean,901,0.001,0.02642509900033474,0.00016052477357828546,nan,0.0004181861877441406,0.9342853498356882,False,False
k3_d2.0,position+both,cnn_small,clean,901,0.0003,0.03303705155849457,0.00044015252677845806,nan,0.00035774707794189453,0.932381334076895,False,False
k3_d2.0,position+both,cnn_small,mixed,900,0.01,0.0024339701049029827,6.66416132094019e-05,nan,0.0009028911590576172,0.9329283686241324,False,False
k3_d2.0,position+both,cnn_small,mixed,900,0.003,0.002081884304061532,9.757038062520196e-05,nan,0.0005154609680175781,0.9330622683436715,False,False
k3_d2.0,position+both,cnn_small,mixed,900,0.001,0.0037548320833593607,0.00020071427997012134,nan,0.00021088123321533203,0.9329839958088402,False,False
k3_d2.0,position+both,cnn_small,mixed,900,0.0003,0.004287714138627052,0.00027643184860106826,nan,0.0001308917999267578,0.9330531238448474,False,False
k3_d2.0,position+both,cnn_small,mixed,901,0.01,0.001830897992476821,2.9199058807625435e-05,nan,0.00041371583938598633,0.9330794824705306,False,False
k3_d2.0,position+both,cnn_small,mixed,901,0.003,0.002749735489487648,6.593601679244133e-05,nan,0.0005350708961486816,0.9329926437528381,False,False
k3_d2.0,position+both,cnn_small,mixed,901,0.001,0.003569383639842272,0.00021899849876858194,nan,0.0006388425827026367,0.9328885732679114,False,False
k3_d2.0,position+both,cnn_small,mixed,901,0.0003,0.005945305339992046,0.00032162604448256963,nan,0.00030291080474853516,0.9324071257620966,False,False
k3_d2.0,position+both,cnn_large,clean,900,0.01,0.012432163581252098,0.0017285233754877314,nan,0.0028394460678100586,0.9342296781001744,False,False
k3_d2.0,position+both,cnn_large,clean,900,0.003,0.010526550002396107,0.0005814193530865731,nan,0.0012874603271484375,0.9347843593342611,False,False
k3_d2.0,position+both,cnn_large,clean,900,0.001,0.01509048417210579,0.0008882838063526473,nan,0.0017323493957519531,0.9350611625579417,False,False
k3_d2.0,position+both,cnn_large,clean,900,0.0003,0.05340592935681343,0.0027941189594548996,nan,0.001262068748474121,0.933185669188928,False,False
k3_d2.0,position+both,cnn_large,clean,901,0.01,0.005328602623194456,0.00013612979888397874,nan,0.0018987655639648438,0.9353398137725023,False,False
k3_d2.0,position+both,cnn_large,clean,901,0.003,0.01449042558670044,0.0011332579004300204,nan,0.0030432939529418945,0.9346660988635233,False,False
k3_d2.0,position+both,cnn_large,clean,901,0.001,0.018757816404104233,0.0009036801803599952,nan,0.0024826526641845703,0.9347321043509683,False,False
k3_d2.0,position+both,cnn_large,clean,901,0.0003,0.06271781772375107,0.002488044550779207,nan,0.000714421272277832,0.9304250068732257,False,False
k3_d2.0,position+both,cnn_large,mixed,900,0.01,0.0020911425817757845,0.0001785476889791851,nan,0.000544428825378418,0.9331176280473537,False,False
k3_d2.0,position+both,cnn_large,mixed,900,0.003,0.0027319288346916437,0.0004996767507006184,nan,0.00037229061126708984,0.9330489827729854,False,False
k3_d2.0,position+both,cnn_large,mixed,900,0.001,0.0046844482421875,0.0013106897614305118,nan,0.000722050666809082,0.9330369414357854,False,False
k3_d2.0,position+both,cnn_large,mixed,900,0.0003,0.018592046573758125,0.0014424394909032822,nan,0.001019597053527832,0.9326421906179034,False,False
k3_d2.0,position+both,cnn_large,mixed,901,0.01,0.004810451064258814,0.0004927591077392156,nan,0.0019191503524780273,0.9330794599124627,False,False
k3_d2.0,position+both,cnn_large,mixed,901,0.003,0.003218098310753703,0.00038337752970426267,nan,0.0028023719787597656,0.9330292283098265,False,False
k3_d2.0,position+both,cnn_large,mixed,901,0.001,0.006871490273624659,0.000784877990364547,nan,0.0009212493896484375,0.932893644106855,False,False
k3_d2.0,position+both,cnn_large,mixed,901,0.0003,0.03686124458909035,0.002870861199067422,nan,0.001619577407836914,0.929411380100949,False,False
k3_d2.0,position+conf,cnn_small,clean,900,0.01,-0.25045955181121826,5.8422018080733136e-05,nan,0.0013697147369384766,0.9230574992013629,False,False
k3_d2.0,position+conf,cnn_small,clean,900,0.003,-0.3032382130622864,0.00018989189624207226,nan,0.0011627674102783203,0.9345079300503191,False,False
k3_d2.0,position+conf,cnn_small,clean,900,0.001,-0.16467656195163727,0.00025838548895778114,nan,0.0003731250762939453,0.9341670431265046,False,False
k3_d2.0,position+conf,cnn_small,clean,900,0.0003,-0.10820253938436508,0.0005392270096718786,nan,0.0001728534698486328,0.9301720446886607,False,False
k3_d2.0,position+conf,cnn_small,clean,901,0.01,-0.47983860969543457,0.0001871572408737686,nan,0.0035310983657836914,0.9341279618226496,False,False
k3_d2.0,position+conf,cnn_small,clean,901,0.003,-0.28140220046043396,0.00033101799376473713,nan,0.0011125802993774414,0.9335724377320327,False,False
k3_d2.0,position+conf,cnn_small,clean,901,0.001,-0.1574663519859314,0.00031835605816272724,nan,0.0008093118667602539,0.9327290551593204,False,False
k3_d2.0,position+conf,cnn_small,clean,901,0.0003,-0.1042797863483429,0.002245489868271602,nan,0.0003540515899658203,0.9292837244061659,False,False
k3_d2.0,position+conf,cnn_small,mixed,900,0.01,-0.4484632611274719,7.230180214100422e-05,nan,0.0017046928405761719,0.9324920511747287,False,False
k3_d2.0,position+conf,cnn_small,mixed,900,0.003,-0.3169805407524109,0.00015703351653377883,nan,0.001728653907775879,0.9329306196515089,False,False
k3_d2.0,position+conf,cnn_small,mixed,900,0.001,-0.17070221900939941,0.0002791474004156174,nan,0.0006349086761474609,0.9322668381025169,False,False
k3_d2.0,position+conf,cnn_small,mixed,900,0.0003,-0.12146567553281784,0.0006204634681300025,nan,0.0002551078796386719,0.9299463128548257,False,False
k3_d2.0,position+conf,cnn_small,mixed,901,0.01,-0.4596414864063263,0.00017120709697718067,nan,0.0016559958457946777,0.9328665972098255,False,False
k3_d2.0,position+conf,cnn_small,mixed,901,0.003,-0.29713115096092224,0.0001608641674634285,nan,0.0006475448608398438,0.9324915110881842,False,False
k3_d2.0,position+conf,cnn_small,mixed,901,0.001,-0.17159850895404816,0.0004227098075385798,nan,0.0008684396743774414,0.9325754587261187,False,False
k3_d2.0,position+conf,cnn_small,mixed,901,0.0003,-0.11885111778974533,0.0017871951939330331,nan,0.0005421638488769531,0.9289457457687716,False,False
k3_d2.0,position+conf,cnn_large,clean,900,0.01,-0.13933786749839783,0.0025905834975875784,nan,0.004765987396240234,0.9310963729863649,False,False
k3_d2.0,position+conf,cnn_large,clean,900,0.003,-0.21798935532569885,0.0008369631939254145,nan,0.0019078254699707031,0.9340357939436883,False,False
k3_d2.0,position+conf,cnn_large,clean,900,0.001,-0.1604039967060089,0.0009253190464189612,nan,0.003742814064025879,0.9343135767652343,False,False
k3_d2.0,position+conf,cnn_large,clean,900,0.0003,-0.10818985104560852,0.003015328078567217,nan,0.00041997432708740234,0.9329588407979151,False,False
k3_d2.0,position+conf,cnn_large,clean,901,0.01,-0.2943316102027893,0.006362192538822828,nan,0.0015870332717895508,0.9302468874913619,False,False
k3_d2.0,position+conf,cnn_large,clean,901,0.003,-0.20145836472511292,0.0008584790107058752,nan,0.0006395578384399414,0.933355299601086,False,False
k3_d2.0,position+conf,cnn_large,clean,901,0.001,-0.1486702263355255,0.0011787823264083654,nan,0.0038907527923583984,0.933270696368588,False,False
k3_d2.0,position+conf,cnn_large,clean,901,0.0003,-0.09670181572437286,0.00515928110703268,nan,0.001076817512512207,0.9301381008898182,False,False
k3_d2.0,position+conf,cnn_large,mixed,900,0.01,-0.18079295754432678,0.000708491239648876,nan,0.0011821389198303223,0.932722869145378,False,False
k3_d2.0,position+conf,cnn_large,mixed,900,0.003,-0.2244642674922943,0.0009916769557410479,nan,0.0008158683776855469,0.9327397119605122,False,False
k3_d2.0,position+conf,cnn_large,mixed,900,0.001,-0.15802043676376343,0.0014796198230330106,nan,0.0010752677917480469,0.9325029744884128,False,False
k3_d2.0,position+conf,cnn_large,mixed,900,0.0003,-0.11488965898752213,0.0036141959878152876,nan,0.0015392303466796875,0.9306018299522276,False,False
k3_d2.0,position+conf,cnn_large,mixed,901,0.01,-0.4803400933742523,0.0005853319557532578,nan,0.002440214157104492,0.9321515254144892,False,False
k3_d2.0,position+conf,cnn_large,mixed,901,0.003,-0.22923867404460907,0.0006376255063569439,nan,0.0009360313415527344,0.9326268401602503,False,False
k3_d2.0,position+conf,cnn_large,mixed,901,0.001,-0.15580961108207703,0.0011050695894441426,nan,0.0011196136474609375,0.9325187842688136,False,False
k3_d2.0,position+conf,cnn_large,mixed,901,0.0003,-0.11464200913906097,0.0029339673141196006,nan,0.0006382465362548828,0.9292095567585148,False,False
k3_d2.0,position+conf_noclip,cnn_small,clean,900,0.01,-0.2744925916194916,6.674010466789065e-05,nan,0.011884570121765137,0.9348055276545818,False,False
k3_d2.0,position+conf_noclip,cnn_small,clean,900,0.003,-0.12459971755743027,0.00015019286797977052,nan,0.0025974512100219727,0.9346723392418893,False,False
k3_d2.0,position+conf_noclip,cnn_small,clean,900,0.001,-0.005017793271690607,0.0002556074035928642,nan,0.0004571676254272461,0.9343238104257116,False,False
k3_d2.0,position+conf_noclip,cnn_small,clean,900,0.0003,0.06407742202281952,0.00046227258053394986,nan,0.0005172491073608398,0.930184453441065,False,False
k3_d2.0,position+conf_noclip,cnn_small,clean,901,0.01,-0.2383834421634674,0.0014315638009554086,nan,0.0023158788681030273,0.9343787592355655,False,False
k3_d2.0,position+conf_noclip,cnn_small,clean,901,0.003,-0.12305945158004761,0.0003904971242692274,nan,0.0011317729949951172,0.9338143202283763,False,False
k3_d2.0,position+conf_noclip,cnn_small,clean,901,0.001,-0.0025891191326081753,0.0008382935951498404,nan,0.0007727146148681641,0.9333276720289146,False,False
k3_d2.0,position+conf_noclip,cnn_small,clean,901,0.0003,0.06580442935228348,0.0018464183198417551,nan,0.0002923011779785156,0.929016477370493,False,False
k3_d2.0,position+conf_noclip,cnn_small,mixed,900,0.01,-0.27830177545547485,0.0002336150684380126,nan,0.0011550188064575195,0.9329908833002376,False,False
k3_d2.0,position+conf_noclip,cnn_small,mixed,900,0.003,-0.1358628123998642,0.00020337168976304894,nan,0.0005308389663696289,0.932930288907528,False,False
k3_d2.0,position+conf_noclip,cnn_small,mixed,900,0.001,-0.009502002969384193,0.00030374791038893155,nan,0.0006941556930541992,0.9323370218194534,False,False
k3_d2.0,position+conf_noclip,cnn_small,mixed,900,0.0003,0.05884063243865967,0.0007839480017701026,nan,0.0003483295440673828,0.9299986372025616,False,False
k3_d2.0,position+conf_noclip,cnn_small,mixed,901,0.01,-0.26707178354263306,0.0002493780374594754,nan,0.002387523651123047,0.932783047338303,False,False
k3_d2.0,position+conf_noclip,cnn_small,mixed,901,0.003,-0.13657663762569427,0.0006588545973614468,nan,0.0009628534317016602,0.9329743146891085,False,False
k3_d2.0,position+conf_noclip,cnn_small,mixed,901,0.001,-0.01046756561845541,0.0008358005524896496,nan,0.0005038976669311523,0.9328328085714013,False,False
k3_d2.0,position+conf_noclip,cnn_small,mixed,901,0.0003,0.06215730682015419,0.0036340141262000774,nan,0.0002124309539794922,0.9282669837692944,False,False
k3_d2.0,position+conf_noclip,cnn_large,clean,900,0.01,-0.10816818475723267,0.0009621184031746597,nan,0.001366734504699707,0.9334778997030718,False,False
k3_d2.0,position+conf_noclip,cnn_large,clean,900,0.003,-0.1107100173830986,0.0006760209773684744,nan,0.002470254898071289,0.9342726943447496,False,False
k3_d2.0,position+conf_noclip,cnn_large,clean,900,0.001,-0.0023654322139918804,0.001343036866208269,nan,0.0007278919219970703,0.9339555533200695,False,False
k3_d2.0,position+conf_noclip,cnn_large,clean,900,0.0003,0.061786048114299774,0.00254440499960606,nan,0.0006208419799804688,0.9329842321380555,False,False
k3_d2.0,position+conf_noclip,cnn_large,clean,901,0.01,-0.24346084892749786,0.00015862698721165878,nan,0.0023719072341918945,0.9340519771004651,False,False
k3_d2.0,position+conf_noclip,cnn_large,clean,901,0.003,-0.10382457077503204,0.0005768404335867468,nan,0.009485721588134766,0.9352799829066359,False,False
k3_d2.0,position+conf_noclip,cnn_large,clean,901,0.001,0.002518364926800132,0.0011381741646808545,nan,0.002173781394958496,0.9329427346507135,False,False
k3_d2.0,position+conf_noclip,cnn_large,clean,901,0.0003,0.0674067884683609,0.0035001507644302553,nan,0.0006881952285766602,0.930689514363028,False,False
k3_d2.0,position+conf_noclip,cnn_large,mixed,900,0.01,-0.10997147858142853,0.0011827814179737074,nan,0.0011655092239379883,0.9319465079421148,False,False
k3_d2.0,position+conf_noclip,cnn_large,mixed,900,0.003,-0.10869380086660385,0.0009523786370630124,nan,0.0008908510208129883,0.9327811477582836,False,False
k3_d2.0,position+conf_noclip,cnn_large,mixed,900,0.001,-0.0035726982168853283,0.0016918344472656123,nan,0.001477956771850586,0.9325833806214241,False,False
k3_d2.0,position+conf_noclip,cnn_large,mixed,900,0.0003,0.059308867901563644,0.0024139835143508646,nan,0.00036025047302246094,0.9304517314480045,False,False
k3_d2.0,position+conf_noclip,cnn_large,mixed,901,0.01,-0.25233399868011475,0.0003765867706145046,nan,0.0013835430145263672,0.9327176410437363,False,False
k3_d2.0,position+conf_noclip,cnn_large,mixed,901,0.003,-0.1041647344827652,0.000991933125842385,nan,0.0016887187957763672,0.932642315139021,False,False
k3_d2.0,position+conf_noclip,cnn_large,mixed,901,0.001,-0.0012001724680885673,0.001386612981338262,nan,0.001188039779663086,0.9312432617576347,False,False
k3_d2.0,position+conf_noclip,cnn_large,mixed,901,0.0003,0.0625901073217392,0.0017998922892395735,nan,0.0009028911590576172,0.9278957429393373,False,False
k3_d2.0,position_squared,cnn_small,clean,900,0.01,0.0012246849946677685,0.0009509358375241837,nan,0.00043904781341552734,0.9349541082310823,False,False
k3_d2.0,position_squared,cnn_small,clean,900,0.003,0.0017475653439760208,0.0004557878711528528,nan,0.0001779794692993164,0.9347503416027323,False,False
k3_d2.0,position_squared,cnn_small,clean,900,0.001,0.0018163538770750165,0.0018783507071696232,nan,0.0004165172576904297,0.9347586617942569,False,False
k3_d2.0,position_squared,cnn_small,clean,900,0.0003,0.002141678472980857,0.0008174147610174695,nan,0.00011479854583740234,0.9345688591619192,False,False
k3_d2.0,position_squared,cnn_small,clean,901,0.01,0.0011042297119274735,0.0011336866123947383,nan,0.0007481575012207031,0.9349667276087325,False,False
k3_d2.0,position_squared,cnn_small,clean,901,0.003,0.001869758008979261,0.0007945184408921402,nan,0.00012111663818359375,0.934681978006898,False,False
k3_d2.0,position_squared,cnn_small,clean,901,0.001,0.0021285072434693575,0.0010854560380759825,nan,0.00019288063049316406,0.9345562176011751,False,False
k3_d2.0,position_squared,cnn_small,clean,901,0.0003,0.0038215431850403547,0.004724332904116686,nan,0.0004438161849975586,0.9329913459911816,False,False
k3_d2.0,position_squared,cnn_small,mixed,900,0.01,4.26338920078706e-05,0.0010761449974009787,nan,5.221366882324219e-05,0.9330827739682873,False,False
k3_d2.0,position_squared,cnn_small,mixed,900,0.003,4.64883451058995e-05,0.0008418442759565983,nan,2.4199485778808594e-05,0.9331110585238135,False,False
k3_d2.0,position_squared,cnn_small,mixed,900,0.001,3.428542549954727e-05,0.0006957940605782671,nan,3.814697265625e-05,0.9331146629875776,False,False
k3_d2.0,position_squared,cnn_small,mixed,900,0.0003,5.331258216756396e-05,0.001010427201391953,nan,7.653236389160156e-05,0.9331045799173642,False,False
k3_d2.0,position_squared,cnn_small,mixed,901,0.01,2.838448745023925e-05,0.0006953517002173991,nan,1.3709068298339844e-05,0.9331045269430541,False,False
k3_d2.0,position_squared,cnn_small,mixed,901,0.003,2.9361586712184362e-05,0.0001410516662857383,nan,2.086162567138672e-05,0.9331031766172928,False,False
k3_d2.0,position_squared,cnn_small,mixed,901,0.001,4.026807437185198e-05,0.0005672930889594142,nan,4.982948303222656e-05,0.9330920886868683,False,False
k3_d2.0,position_squared,cnn_small,mixed,901,0.0003,0.0010573770850896835,0.0045252855367699605,nan,0.0002727508544921875,0.9320910423708223,False,False
k3_d2.0,position_squared,cnn_large,clean,900,0.01,0.0006067945505492389,0.004808361016298561,nan,0.001896500587463379,0.9353148685967239,False,False
k3_d2.0,position_squared,cnn_large,clean,900,0.003,0.0003185663663316518,0.001529102660909278,nan,0.0008475780487060547,0.9352060673571929,False,False
k3_d2.0,position_squared,cnn_large,clean,900,0.001,0.003564705839380622,0.00857125857430662,nan,0.0017948150634765625,0.933636408511634,False,False
k3_d2.0,position_squared,cnn_large,clean,900,0.0003,0.007989487610757351,0.018034281307942972,nan,0.00034046173095703125,0.9313470398706796,False,False
k3_d2.0,position_squared,cnn_large,clean,901,0.01,0.0023160779383033514,0.007746036478417486,nan,0.0011966228485107422,0.9342529702382129,False,False
k3_d2.0,position_squared,cnn_large,clean,901,0.003,0.0009379860130138695,0.0029894248783935515,nan,0.0010461807250976562,0.9351098590871547,False,False
k3_d2.0,position_squared,cnn_large,clean,901,0.001,0.003107928205281496,0.007267863049513074,nan,0.002486586570739746,0.9338069530595982,False,False
k3_d2.0,position_squared,cnn_large,clean,901,0.0003,0.008273248560726643,0.02053208087986238,nan,0.0003542900085449219,0.9310649718810043,False,False
k3_d2.0,position_squared,cnn_large,mixed,900,0.01,0.00010281334107276052,0.002431535058248693,nan,0.0009183883666992188,0.9329518537970454,False,False
k3_d2.0,position_squared,cnn_large,mixed,900,0.003,2.6879884899244644e-05,0.0011548658395701173,nan,0.0002512931823730469,0.9331503471933433,False,False
k3_d2.0,position_squared,cnn_large,mixed,900,0.001,0.00033190197427757084,0.0056597769953469585,nan,0.00034940242767333984,0.932909447961671,False,False
k3_d2.0,position_squared,cnn_large,mixed,900,0.0003,0.003820497775450349,0.01706986591042767,nan,0.00028777122497558594,0.930884730365863,False,False
k3_d2.0,position_squared,cnn_large,mixed,901,0.01,0.000143821511301212,0.0021991055954729767,nan,0.0003211498260498047,0.9329728554367258,False,False
k3_d2.0,position_squared,cnn_large,mixed,901,0.003,4.6868834033375606e-05,0.0021113215053279815,nan,0.00030684471130371094,0.9331203606979277,False,False
k3_d2.0,position_squared,cnn_large,mixed,901,0.001,0.0013899824116379023,0.009827512218054866,nan,0.0006113052368164062,0.9321592884065436,False,False
k3_d2.0,position_squared,cnn_large,mixed,901,0.0003,0.00413338141515851,0.019995436234463104,nan,0.0005536079406738281,0.930668655931651,False,False
